Price,Adj Close,Adj Close,Adj Close,Adj Close,Close,Close,Close,Close,High,High,High,High,Low,Low,Low,Low,Open,Open,Open,Open,Volume,Volume,Volume,Volume
Ticker,BTC-USD,ETH-USD,USDC-USD,USDT-USD,BTC-USD,ETH-USD,USDC-USD,USDT-USD,BTC-USD,ETH-USD,USDC-USD,USDT-USD,BTC-USD,ETH-USD,USDC-USD,USDT-USD,BTC-USD,ETH-USD,USDC-USD,USDT-USD,BTC-USD,ETH-USD,USDC-USD,USDT-USD
Date,,,,,,,,,,,,,,,,,,,,,,,,
2020-01-01,7200.17431640625,130.802001953125,1.004078984260559,0.9998360276222229,7200.17431640625,130.802001953125,1.004078984260559,0.9998360276222229,7254.33056640625,132.83535766601562,1.006639003753662,1.0068730115890503,7174.9443359375,129.1982879638672,1.0019890069961548,0.994924008846283,7194.89208984375,129.6306610107422,1.003730058670044,0.9995710253715515,18565664997,7935230330,242586528,21503143454
2020-01-02,6985.47021484375,127.4101791381836,1.0050170421600342,1.0015649795532227,6985.47021484375,127.4101791381836,1.0050170421600342,1.0015649795532227,7212.1552734375,130.82003784179688,1.0126359462738037,1.008450984954834,6935.27001953125,126.95491027832031,1.0025429725646973,0.9865149855613708,7202.55126953125,130.82003784179688,1.0044310092926025,0.9997879862785339,20802083465,8032709256,318268134,24212314977
2020-01-03,7344.88427734375,134.1717071533203,1.0052729845046997,1.0041919946670532,7344.88427734375,134.1717071533203,1.0052729845046997,1.0041919946670532,7413.71533203125,134.55401611328125,1.0079280138015747,1.022286057472229,6914.99609375,126.49002075195312,0.9884549975395203,0.9880269765853882,6984.4287109375,127.41126251220703,1.005357027053833,1.001183032989502,28111481032,10476845358,374792167,32420287856
2020-01-04,7410.65673828125,135.06936645507812,1.0094660520553589,1.007472038269043,7410.65673828125,135.06936645507812,1.0094660520553589,1.007472038269043,7427.3857421875,136.05271911621094,1.0183910131454468,1.0136330127716064,7309.51416015625,133.04055786132812,1.0012730360031128,0.9991599917411804,7345.37548828125,134.16851806640625,1.0048179626464844,1.0035099983215332,18444271275,7430904515,334494308,21585629320
2020-01-05,7411.3173828125,136.2767791748047,1.0084969997406006,1.0061969757080078,7411.3173828125,136.2767791748047,1.0084969997406006,1.0061969757080078,7544.4970703125,139.4102020263672,1.0187180042266846,1.0161609649658203,7400.53564453125,135.04562377929688,1.003931999206543,1.0017579793930054,7410.45166015625,135.0720977783203,1.0087480545043945,1.0099209547042847,19725074095,7526675353,334597544,24090142146
2020-01-06,7769.21923828125,144.3041534423828,1.0031189918518066,1.0029029846191406,7769.21923828125,144.3041534423828,1.0031189918518066,1.0029029846191406,7781.8671875,144.32818603515625,1.0151820182800293,1.0135890245437622,7409.29296875,136.0796356201172,0.9996349811553955,0.999114990234375,7410.4521484375,136.3055419921875,1.00907301902771,1.0064170360565186,23276261598,9093747121,383494516,29460474864
2020-01-07,8163.6923828125,143.5439910888672,0.9994999766349792,1.001723051071167,8163.6923828125,143.5439910888672,0.9994999766349792,1.001723051071167,8178.2158203125,145.00177001953125,1.0109139680862427,1.011154055595398,7768.2275390625,140.48887634277344,0.9978169798851013,0.9982489943504333,7768.68212890625,144.31199645996094,1.0036519765853882,1.0030159950256348,28767291327,9257954672,400308774,32765511976
2020-01-08,8079.86279296875,141.2581329345703,1.0046030282974243,1.0042530298233032,8079.86279296875,141.2581329345703,1.0046030282974243,1.0042530298233032,8396.73828125,146.8280029296875,1.013774037361145,1.0159510374069214,7956.7744140625,138.26820373535156,0.9923880100250244,0.9900670051574707,8161.935546875,143.48782348632812,0.999983012676239,1.0020259618759155,31672559265,9387194957,410892668,35175740304
2020-01-09,7879.0712890625,138.9792022705078,1.007030963897705,1.006572961807251,7879.0712890625,138.9792022705078,1.007030963897705,1.006572961807251,8082.2958984375,141.39398193359375,1.011631965637207,1.0101399421691895,7842.40380859375,136.2364044189453,0.9970399737358093,0.9939939975738525,8082.2958984375,141.15577697753906,1.0036120414733887,1.002985954284668,24045990466,7697325348,307584171,28026673217
2020-01-10,8166.55419921875,143.96377563476562,1.0008219480514526,1.0014619827270508,8166.55419921875,143.96377563476562,1.0008219480514526,1.0014619827270508,8166.55419921875,144.16732788085938,1.0162099599838257,1.0116920471191406,7726.77490234375,135.52040100097656,0.994234025478363,0.9948260188102722,7878.3076171875,138.967041015625,1.008286952972412,1.0044440031051636,28714583844,9084816203,350097573,34207037022
2020-01-11,8037.53759765625,142.92710876464844,1.0025290250778198,1.0000909566879272,8037.53759765625,142.92710876464844,1.0025290250778198,1.0000909566879272,8218.359375,146.4809112548828,1.0094130039215088,1.0080779790878296,8029.64208984375,142.2079620361328,0.9953340291976929,0.9933850169181824,8162.19091796875,143.4091033935547,1.0012270212173462,1.0017549991607666,25521165085,9332208590,287180029,31049760361
2020-01-12,8192.494140625,145.87393188476562,1.0043179988861084,1.002478003501892,8192.494140625,145.87393188476562,1.0043179988861084,1.002478003501892,8200.0634765625,146.14585876464844,1.0113840103149414,1.0093580484390259,8009.05908203125,142.7076416015625,0.9970589876174927,0.9944459795951843,8033.26171875,143.0325469970703,1.002040982246399,0.999442994594574,22903438381,8528167453,330297498,27250055613
2020-01-13,8144.1943359375,144.22659301757812,1.0043189525604248,1.0033470392227173,8144.1943359375,144.22659301757812,1.0043189525604248,1.0033470392227173,8197.7880859375,146.79122924804688,1.0120619535446167,1.0100979804992676,8079.70068359375,142.90713500976562,1.0005789995193481,0.9984269738197327,8189.77197265625,146.2201385498047,1.004209041595459,1.0019630193710327,22482910688,8378529470,343177235,26468468000
2020-01-14,8827.7646484375,165.95535278320312,1.0023709535598755,1.0018210411071777,8827.7646484375,165.95535278320312,1.0023709535598755,1.0018210411071777,8879.51171875,167.68154907226562,1.0195369720458984,1.0189590454101562,8140.93310546875,144.06492614746094,0.9944859743118286,0.9919610023498535,8140.93310546875,144.2510528564453,1.0053470134735107,1.004729986190796,44841784107,16712318373,469120389,57687160761
2020-01-15,8807.0107421875,166.23068237304688,1.0011650323867798,0.9996560215950012,8807.0107421875,166.23068237304688,1.0011650323867798,0.9996560215950012,8890.1171875,170.42567443847656,1.026960015296936,1.0224930047988892,8657.1875,161.109619140625,0.9921919703483582,0.9910550117492676,8825.34375,165.734619140625,1.001539945602417,1.0025399923324585,40102834650,15173694057,493412531,49045902728
2020-01-16,8723.7861328125,164.39100646972656,1.002668023109436,0.9992309808731079,8723.7861328125,164.39100646972656,1.002668023109436,0.9992309808731079,8846.4609375,167.0581512451172,1.00736403465271,1.011167049407959,8612.095703125,159.7096405029297,0.9989929795265198,0.9933609962463379,8812.4814453125,166.33282470703125,1.0010709762573242,1.0009770393371582,31313981931,13735193018,430662074,40752742739
2020-01-17,8929.0380859375,170.7799530029297,1.0045230388641357,1.002879023551941,8929.0380859375,170.7799530029297,1.0045230388641357,1.002879023551941,8958.1220703125,173.0692138671875,1.0065150260925293,1.0141350030899048,8677.31640625,162.77560424804688,0.9983180165290833,0.9892799854278564,8725.2099609375,164.4893798828125,1.0025219917297363,0.9992870092391968,36372139320,14997091826,479116540,47263851458
2020-01-18,8942.80859375,175.3656768798828,1.0053199529647827,1.0027409791946411,8942.80859375,175.3656768798828,1.0053199529647827,1.0027409791946411,9012.1982421875,178.52877807617188,1.0077639818191528,1.0069910287857056,8827.33203125,166.7890167236328,0.9998390078544617,0.9939849972724915,8927.2119140625,170.7477264404297,1.004148006439209,1.0012580156326294,32337772627,14929342256,413666367,43805026250
2020-01-19,8706.2451171875,166.9698486328125,0.9972900152206421,0.9985349774360657,8706.2451171875,166.9698486328125,0.9972900152206421,0.9985349774360657,9164.3623046875,177.2476348876953,1.0252530574798584,1.0259120464324951,8620.080078125,163.67686462402344,0.9938600063323975,0.9930840134620667,8941.4453125,175.46759033203125,1.0050820112228394,1.000910997390747,34217320471,13713374132,423373607,42680566067
2020-01-20,8657.642578125,167.12051391601562,1.000802993774414,1.0006879568099976,8657.642578125,167.12051391601562,1.000802993774414,1.0006879568099976,8745.5908203125,169.11488342285156,1.0050309896469116,1.0066230297088623,8560.4736328125,162.33160400390625,0.9964849948883057,0.9953830242156982,8704.6318359375,166.9041290283203,0.9973469972610474,0.9986410140991211,26422375678,11144529787,343768616,33079894466
2020-01-21,8745.89453125,169.69715881347656,1.002642035484314,1.0014179944992065,8745.89453125,169.69715881347656,1.002642035484314,1.0014179944992065,8755.7060546875,169.9101104736328,1.0038360357284546,1.0058820247650146,8544.5205078125,165.81971740722656,0.9972270131111145,0.9952189922332764,8658.9912109375,167.0604705810547,1.000669002532959,1.000512957572937,24097418512,9789369362,311559856,31080893275
2020-01-22,8680.8759765625,168.29415893554688,1.001615047454834,1.000594973564148,8680.8759765625,168.29415893554688,1.001615047454834,1.000594973564148,8792.994140625,171.00869750976562,1.0076199769973755,1.0035159587860107,8636.7470703125,166.77423095703125,0.998714029788971,0.9971789717674255,8744.2109375,169.60853576660156,1.0020190477371216,1.0014640092849731,22600204051,9209827928,309750921,29749248330
2020-01-23,8406.515625,162.92855834960938,1.0008790493011475,0.9984089732170105,8406.515625,162.92855834960938,1.0008790493011475,0.9984089732170105,8687.7470703125,168.31224060058594,1.004086971282959,1.005092978477478,8333.6376953125,160.29531860351562,0.995976984500885,0.9963449835777283,8680.650390625,168.2957000732422,1.0014679431915283,1.000722050666809,25770680779,10396868698,320079261,33631459310
2020-01-24,8445.4345703125,163.05117797851562,1.0027929544448853,1.0029699802398682,8445.4345703125,163.05117797851562,1.0027929544448853,1.0029699802398682,8514.6669921875,164.3094482421875,1.0047340393066406,1.0054140090942383,8266.8408203125,156.74974060058594,0.9942150115966797,0.992917001247406,8405.5673828125,162.8993682861328,1.0010230541229248,0.9991040229797363,24397913026,10657671162,315274054,33356108238
2020-01-25,8367.84765625,161.283935546875,1.0020350217819214,1.0021129846572876,8367.84765625,161.283935546875,1.0020350217819214,1.0021129846572876,8458.453125,163.22723388671875,1.0048919916152954,1.0056840181350708,8296.21875,158.63247680664062,0.9984380006790161,0.9965389966964722,8440.119140625,163.06729125976562,1.0031139850616455,1.0036590099334717,19647331549,8256956802,265326087,26340299495
2020-01-26,8596.830078125,168.0771026611328,1.0121840238571167,1.0005040168762207,8596.830078125,168.0771026611328,1.0121840238571167,1.0005040168762207,8602.4013671875,168.22032165527344,1.0146299600601196,1.0083370208740234,8325.498046875,160.2811279296875,0.9977399706840515,0.9973589777946472,8364.41015625,161.17681884765625,1.002094030380249,1.001947045326233,22177678796,9261861590,292385181,29121614731
2020-01-27,8909.8193359375,170.93089294433594,1.0191210508346558,1.0018999576568604,8909.8193359375,170.93089294433594,1.0191210508346558,1.0018999576568604,8977.7265625,172.92291259765625,1.023859977722168,1.007146954536438,8597.30859375,166.90109252929688,1.0073009729385376,0.9932299852371216,8597.30859375,168.00885009765625,1.0121990442276,1.0015499591827393,28647338393,11004476145,393996733,37771545362
2020-01-28,9358.58984375,176.3703155517578,1.0241960287094116,1.0007599592208862,9358.58984375,176.3703155517578,1.0241960287094116,1.0007599592208862,9358.58984375,176.3703155517578,1.0269379615783691,1.008239984512329,8908.447265625,170.73806762695312,1.0049329996109009,0.9910669922828674,8912.5244140625,170.88485717773438,1.0190759897232056,1.0020140409469604,34398744403,11772875064,502474594,44123906993
2020-01-29,9316.6298828125,175.0503387451172,1.02509605884552,1.002295970916748,9316.6298828125,175.0503387451172,1.02509605884552,1.002295970916748,9406.431640625,178.8429718017578,1.0297549962997437,1.00626802444458,9269.4677734375,175.0503387451172,1.012645959854126,0.9931740164756775,9357.470703125,176.34788513183594,1.0243699550628662,1.0015289783477783,30682598115,10725267311,381758732,42323320108
2020-01-30,9508.9931640625,184.6904754638672,1.0440289974212646,1.0014519691467285,9508.9931640625,184.6904754638672,1.0440289974212646,1.0014519691467285,9553.1259765625,186.26048278808594,1.051867961883545,1.0109959840774536,9230.8974609375,172.3746337890625,1.0224089622497559,0.99754798412323,9316.0166015625,174.91770935058594,1.0244040489196777,1.0032190084457397,32378792851,12604789338,316332808,43624728074
2020-01-31,9350.529296875,180.16017150878906,1.0283739566802979,1.000648021697998,9350.529296875,180.16017150878906,1.0283739566802979,1.000648021697998,9521.7060546875,185.4058380126953,1.0460540056228638,1.006945013999939,9230.7763671875,176.29681396484375,1.0216480493545532,0.9974089860916138,9508.3134765625,184.73690795898438,1.0436270236968994,1.002195954322815,29432489719,11728616394,361818896,40496855325
2020-02-01,9392.875,183.6739501953125,1.0275460481643677,1.0012160539627075,9392.875,183.6739501953125,1.0275460481643677,1.0012160539627075,9439.3232421875,183.84555053710938,1.036741018295288,1.0049489736557007,9313.2392578125,179.74517822265625,1.0222430229187012,0.997052013874054,9346.357421875,180.11376953125,1.028594970703125,1.0002520084381104,25922656496,11569697182,313660538,34763069931
2020-02-02,9344.365234375,188.61753845214844,1.0282100439071655,1.0005439519882202,9344.365234375,188.61753845214844,1.0282100439071655,1.0005439519882202,9468.7978515625,193.0803985595703,1.0368280410766602,1.008178949356079,9217.82421875,180.1739501953125,1.0220060348510742,0.9960960149765015,9389.8203125,183.53250122070312,1.027541995048523,1.0016080141067505,30835736946,14054425389,384098792,40560625161
2020-02-03,9293.521484375,189.8650665283203,1.0264339447021484,0.9989129900932312,9293.521484375,189.8650665283203,1.0264339447021484,0.9989129900932312,9540.3720703125,193.4368896484375,1.0334399938583374,1.00667405128479,9248.6337890625,188.0126953125,1.0230580568313599,0.9943140149116516,9344.68359375,188.60740661621094,1.0282100439071655,1.0013610124588013,30934096509,12392875241,387993602,39849489336
2020-02-04,9180.962890625,189.25059509277344,1.0244359970092773,1.0017449855804443,9180.962890625,189.25059509277344,1.0244359970092773,1.0017449855804443,9331.265625,191.1114959716797,1.0292409658432007,1.0050630569458008,9112.8115234375,185.40362548828125,1.0196690559387207,0.9963290095329285,9292.841796875,189.86172485351562,1.0255379676818848,0.9993640184402466,29893183716,11714191695,382499609,36950713371
2020-02-05,9613.423828125,204.23023986816406,1.0318690538406372,1.0028380155563354,9613.423828125,204.23023986816406,1.0318690538406372,1.0028380155563354,9701.2998046875,206.8040008544922,1.0354009866714478,1.0064729452133179,9163.7041015625,188.752685546875,1.0224989652633667,0.993602991104126,9183.416015625,189.29910278320312,1.024183988571167,1.0019149780273438,35222060874,14865434435,468527693,46504757742
2020-02-06,9729.8017578125,212.33908081054688,1.0246570110321045,0.997215986251831,9729.8017578125,212.33908081054688,1.0246570110321045,0.997215986251831,9824.619140625,214.59771728515625,1.0332419872283936,1.0182470083236694,9539.818359375,201.90406799316406,1.0229829549789429,0.9962249994277954,9617.8212890625,204.12969970703125,1.0320130586624146,1.0021530389785767,37628823716,16425589683,501097854,46549174003
2020-02-07,9795.943359375,222.72605895996094,1.0169310569763184,0.997750997543335,9795.943359375,222.72605895996094,1.0169310569763184,0.997750997543335,9834.716796875,223.14093017578125,1.024817943572998,1.002750039100647,9726.0029296875,212.30419921875,1.0147730112075806,0.9948599934577942,9726.0029296875,212.31588745117188,1.024562954902649,0.997452974319458,34522718159,16673443564,676480629,42966951015
2020-02-08,9865.119140625,223.14651489257812,1.0195419788360596,0.999534010887146,9865.119140625,223.14651489257812,1.0195419788360596,0.999534010887146,9876.7490234375,226.5880889892578,1.0240139961242676,1.006553053855896,9678.91015625,215.38629150390625,1.0151959657669067,0.9940239787101746,9793.0703125,222.51097106933594,1.0172909498214722,0.9987729787826538,35172043762,16741203125,620221599,44251729422
2020-02-09,10116.673828125,228.5785675048828,1.0245779752731323,1.0014729499816895,10116.673828125,228.5785675048828,1.0245779752731323,1.0014729499816895,10129.435546875,229.86424255371094,1.04202401638031,1.0080289840698242,9850.392578125,222.98223876953125,1.0159850120544434,0.9955700039863586,9863.89453125,222.98223876953125,1.019204020500183,0.9994410276412964,35807884663,15031356241,659695137,44977724508
2020-02-10,9856.611328125,223.522705078125,1.0188560485839844,1.0006400346755981,9856.611328125,223.522705078125,1.0188560485839844,1.0006400346755981,10165.765625,229.1846160888672,1.0311750173568726,1.0151909589767456,9784.5634765625,218.08004760742188,1.015231966972351,0.9950039982795715,10115.5595703125,228.54913330078125,1.0235270261764526,1.0012279748916626,39386548075,16210008511,733552993,48784184264
2020-02-11,10208.236328125,235.8511962890625,1.014909029006958,0.9984229803085327,10208.236328125,235.8511962890625,1.014909029006958,0.9984229803085327,10210.052734375,236.54713439941406,1.0222899913787842,1.004830002784729,9729.3349609375,218.61761474609375,1.004747986793518,0.9914230108261108,9855.8916015625,223.3849334716797,1.018272042274475,1.0005749464035034,37648059389,16964695963,845894777,46001561028
2020-02-12,10326.0546875,265.4061279296875,1.0331369638442993,1.002558946609497,10326.0546875,265.4061279296875,1.0331369638442993,1.002558946609497,10393.611328125,272.3988342285156,1.0353929996490479,1.0063279867172241,10202.3876953125,235.89627075195312,1.012526035308838,0.9944700002670288,10202.3876953125,235.89822387695312,1.0145339965820312,0.9984599947929382,43444303830,24545049386,555559141,54829582150
2020-02-13,10214.3798828125,268.0992431640625,1.0191160440444946,0.9985790252685547,10214.3798828125,268.0992431640625,1.0191160440444946,0.9985790252685547,10457.626953125,273.7410583496094,1.0467979907989502,1.0158319473266602,10116.1611328125,258.9225158691406,1.0182750225067139,0.9919080138206482,10323.9609375,265.0527038574219,1.0334819555282593,1.0036089420318604,49356071373,25801317504,850741759,63588479574
2020-02-14,10312.1162109375,284.2174987792969,1.0167230367660522,1.0001139640808105,10312.1162109375,284.2174987792969,1.0167230367660522,1.0001139640808105,10321.99609375,285.0564270019531,1.022825002670288,1.0040860176086426,10125.5341796875,262.76251220703125,1.0148730278015137,0.9956240057945251,10211.55078125,268.0232849121094,1.018646001815796,0.9986730217933655,43338264162,23558253463,928033207,54698567058
2020-02-15,9889.4248046875,264.72857666015625,1.0112550258636475,0.999127984046936,9889.4248046875,264.72857666015625,1.0112550258636475,0.999127984046936,10341.5556640625,287.1236877441406,1.0307890176773071,1.0152250528335571,9874.427734375,264.2796630859375,1.009240984916687,0.9967359900474548,10313.8564453125,284.5613098144531,1.0167230367660522,0.9996839761734009,43865054831,23682452994,848189242,57250318373
2020-02-16,9934.43359375,259.89471435546875,1.009634017944336,0.9992719888687134,9934.43359375,259.89471435546875,1.009634017944336,0.9992719888687134,10053.96875,272.8824462890625,1.0223259925842285,1.0141849517822266,9722.38671875,242.48440551757812,1.0075069665908813,0.99515300989151,9889.1796875,264.904052734375,1.0113329887390137,0.9988570213317871,43374780305,25152366643,926497189,60160518246
2020-02-17,9690.142578125,266.3634338378906,1.0118980407714844,0.9984740018844604,9690.142578125,266.3634338378906,1.0118980407714844,0.9984740018844604,9938.8154296875,266.8712463378906,1.0178070068359375,1.0074950456619263,9507.6376953125,244.3353271484375,1.0071690082550049,0.992152988910675,9936.560546875,259.89056396484375,1.0110069513320923,1.000717043876648,45998298413,26024080089,983888760,63038607545
2020-02-18,10141.99609375,281.944580078125,1.0212210416793823,1.0007590055465698,10141.99609375,281.944580078125,1.0212210416793823,1.0007590055465698,10161.935546875,283.1961364746094,1.0353150367736816,1.009063959121704,9632.3828125,261.4638977050781,1.007809042930603,0.9893980026245117,9691.23046875,266.5088195800781,1.0116839408874512,0.9983969926834106,47271023953,26511477187,739770635,60616752516
2020-02-19,9633.38671875,259.76397705078125,1.0074139833450317,1.0013240575790405,9633.38671875,259.76397705078125,1.0074139833450317,1.0013240575790405,10191.67578125,283.5379333496094,1.046077013015747,1.0309590101242065,9611.2236328125,259.76397705078125,1.0037620067596436,0.9963160157203674,10143.798828125,282.0362854003906,1.0208040475845337,1.0001349449157715,46992019710,22679414413,857550747,54920030584
2020-02-20,9608.4755859375,257.949462890625,1.009511947631836,1.002593994140625,9608.4755859375,257.949462890625,1.009511947631836,1.002593994140625,9643.216796875,263.6954040527344,1.015347957611084,1.0111550092697144,9507.900390625,250.95126342773438,1.0045150518417358,0.9938340187072754,9629.3251953125,259.8198547363281,1.0071419477462769,1.0020339488983154,44925260237,23229828870,977934310,55986244963
2020-02-21,9686.44140625,265.6006164550781,1.0112249851226807,1.0031379461288452,9686.44140625,265.6006164550781,1.0112249851226807,1.0031379461288452,9723.0146484375,267.0048522949219,1.0174570083618164,1.0072040557861328,9589.7431640625,255.6890869140625,1.004647970199585,0.9939889907836914,9611.7822265625,257.89111328125,1.0104349851608276,1.0024000406265259,40930547513,20867593292,1007474893,47618138884
2020-02-22,9663.181640625,262.33172607421875,0.999921977519989,1.0018290281295776,9663.181640625,262.33172607421875,0.999921977519989,1.0018290281295776,9698.2314453125,266.38720703125,1.0188490152359009,1.0072410106658936,9600.728515625,258.91314697265625,0.9961109757423401,0.9970459938049316,9687.70703125,265.55157470703125,1.0107309818267822,1.0017759799957275,35838025154,16906032862,945408542,41243330013
2020-02-23,9924.515625,273.754150390625,0.997281014919281,0.9980170130729675,9924.515625,273.754150390625,0.997281014919281,0.9980170130729675,9937.404296875,273.754150390625,1.00301194190979,1.0042229890823364,9657.791015625,261.96051025390625,0.9915050268173218,0.992563009262085,9663.318359375,262.2784118652344,1.0006029605865479,1.0025990009307861,41185185761,19585998814,1033736189,47448629411
2020-02-24,9650.1748046875,265.2164306640625,0.9995369911193848,0.9987999796867371,9650.1748046875,265.2164306640625,0.9995369911193848,0.9987999796867371,9951.74609375,275.5395202636719,1.007127046585083,1.0125559568405151,9537.04296875,259.6251525878906,0.9956629872322083,0.9960219860076904,9921.5830078125,273.705078125,0.9981210231781006,0.9991379976272583,45080496648,22400845640,1114860352,56599226979
2020-02-25,9341.705078125,247.81759643554688,1.0003379583358765,1.0014539957046509,9341.705078125,247.81759643554688,1.0003379583358765,1.0014539957046509,9652.7373046875,265.4314880371094,1.009598970413208,1.0125800371170044,9305.021484375,246.85899353027344,0.9956690073013306,0.9939259886741638,9651.3125,265.28338623046875,0.999405026435852,0.9987409710884094,42515259129,21878882134,1047807481,55034243501
2020-02-26,8820.5224609375,225.68026733398438,1.0029979944229126,1.002742052078247,8820.5224609375,225.68026733398438,1.0029979944229126,1.002742052078247,9354.7783203125,249.6497039794922,1.0111689567565918,1.0127160549163818,8704.4267578125,221.2665557861328,0.9973539710044861,0.9938070178031921,9338.2900390625,247.74020385742188,1.0001699924468994,1.0012760162353516,50420050762,26235617201,1160696128,68910958735
2020-02-27,8784.494140625,226.75338745117188,1.0006190538406372,0.9984130263328552,8784.494140625,226.75338745117188,1.0006190538406372,0.9984130263328552,8932.892578125,237.2289276123047,1.0065909624099731,1.0074609518051147,8577.19921875,212.66452026367188,0.9936360120773315,0.9926699995994568,8825.09375,225.68704223632812,1.002992033958435,1.0020509958267212,45470195695,25645522790,1097362414,61401185853
2020-02-28,8672.455078125,226.760498046875,0.9929810166358948,0.9970890283584595,8672.455078125,226.760498046875,0.9929810166358948,0.9970890283584595,8890.4560546875,234.2089385986328,1.0076440572738647,1.0111329555511475,8492.9326171875,216.34620666503906,0.9917010068893433,0.9919329881668091,8788.728515625,226.98760986328125,1.0008169412612915,0.9987890124320984,44605450443,22563530559,1039692084,56902235264
2020-02-29,8599.5087890625,219.8485107421875,1.0045859813690186,1.0063680410385132,8599.5087890625,219.8485107421875,1.0045859813690186,1.0063680410385132,8775.6318359375,232.25662231445312,1.005288004875183,1.0078480243682861,8599.5087890625,219.8485107421875,0.9926829934120178,0.9935749769210815,8671.212890625,226.8334503173828,0.9934549927711487,0.9962670207023621,35792392544,18181296376,938837732,44948749121
2020-03-01,8562.4541015625,218.97059631347656,1.001160979270935,1.0004980564117432,8562.4541015625,218.97059631347656,1.001160979270935,1.0004980564117432,8726.796875,226.67788696289062,1.0065399408340454,1.007101058959961,8471.212890625,214.13043212890625,0.9969940185546875,0.9950039982795715,8599.7587890625,219.752685546875,1.0047800540924072,1.0063400268554688,35349164300,18179807469,897676018,45828960109
2020-03-02,8869.669921875,230.5697784423828,0.9942110180854797,0.9950000047683716,8869.669921875,230.5697784423828,0.9942110180854797,0.9950000047683716,8921.30859375,232.81158447265625,1.0041979551315308,1.0035550594329834,8532.630859375,217.28428649902344,0.9933329820632935,0.9942049980163574,8563.2646484375,218.7116241455078,1.0016800165176392,1.0015389919281006,42857674409,20305587789,938905914,67439071909
2020-03-03,8787.7861328125,224.47962951660156,1.002810001373291,1.0024969577789307,8787.7861328125,224.47962951660156,1.002810001373291,1.0024969577789307,8901.5986328125,232.3258056640625,1.0054609775543213,1.0083880424499512,8704.990234375,221.732666015625,0.9943810105323792,0.9935950040817261,8865.3876953125,230.5239715576172,0.9945269823074341,0.9949880242347717,42386715821,19853178572,1012370159,50681960308
2020-03-04,8755.24609375,224.51797485351562,1.000452995300293,1.000622034072876,8755.24609375,224.51797485351562,1.000452995300293,1.000622034072876,8843.3662109375,228.04042053222656,1.004683017730713,1.007567048072815,8712.431640625,222.08888244628906,0.9941549897193909,0.996097981929779,8788.5419921875,224.56533813476562,1.0018130540847778,1.0019750595092773,34746706368,16567075208,786351195,48605279710
2020-03-05,9078.7626953125,229.2681884765625,1.004377007484436,1.0025219917297363,9078.7626953125,229.2681884765625,1.004377007484436,1.0025219917297363,9142.0546875,234.3644561767578,1.0056860446929932,1.006060004234314,8757.25390625,224.6418914794922,0.9956629872322083,0.9963690042495728,8760.28515625,224.6418914794922,1.000311017036438,1.0005760192871094,39698054597,18201291785,765829131,49920180590
2020-03-06,9122.5458984375,243.52529907226562,0.9974340200424194,0.9984300136566162,9122.5458984375,243.52529907226562,0.9974340200424194,0.9984300136566162,9167.6953125,243.5549774169922,1.005571961402893,1.0059080123901367,9032.0791015625,228.7435760498047,0.9968760013580322,0.9977279901504517,9078.30859375,229.16842651367188,1.0043580532073975,1.002845048904419,40826885651,19374772256,1401149802,49389801062
2020-03-07,8909.9541015625,237.85308837890625,1.0004119873046875,1.000182032585144,8909.9541015625,237.85308837890625,1.0004119873046875,1.000182032585144,9163.220703125,249.97848510742188,1.0086510181427002,1.0077259540557861,8890.744140625,237.55128479003906,0.9965890049934387,0.9973959922790527,9121.6005859375,243.7501983642578,0.9966920018196106,0.9980210065841675,36216930370,19431652027,1239893192,46199415513
2020-03-08,8108.1162109375,200.68905639648438,1.0074039697647095,1.0097750425338745,8108.1162109375,200.68905639648438,1.0074039697647095,1.0097750425338745,8914.34375,237.7806854248047,1.016219973564148,1.0217939615249634,8105.2529296875,200.6029815673828,0.9970129728317261,0.9979919791221619,8908.2060546875,237.7806854248047,1.0004119873046875,1.0007840394973755,39973102121,21381823651,1430098332,54758243672
2020-03-09,7923.64453125,201.986328125,1.0011110305786133,0.9990479946136475,7923.64453125,201.986328125,1.0011110305786133,0.9990479946136475,8177.79345703125,207.45140075683594,1.0088000297546387,1.010424017906189,7690.09814453125,192.2698974609375,0.9937959909439087,0.9912610054016113,8111.146484375,201.31849670410156,1.0067180395126343,1.0095950365066528,46936995808,23645428606,1320662037,63879966769
2020-03-10,7909.7294921875,200.76724243164062,1.001518964767456,1.0017210245132446,7909.7294921875,200.76724243164062,1.001518964767456,1.0017210245132446,8136.9453125,205.71424865722656,1.0167139768600464,1.0132969617843628,7814.76318359375,198.0644989013672,0.9921330213546753,0.9939590096473694,7922.14697265625,202.86395263671875,1.0016850233078003,0.9978399872779846,42213940994,18344930072,1545918026,51217843378
2020-03-11,7911.43017578125,194.8685302734375,0.9973170161247253,0.9988059997558594,7911.43017578125,194.8685302734375,0.9973170161247253,0.9988059997558594,7950.814453125,202.9542999267578,1.006032943725586,1.0077420473098755,7642.8125,184.36215209960938,0.9945399761199951,0.9943349957466125,7910.08984375,200.76803588867188,1.0019689798355103,1.0014979839324951,38682762605,16984790291,1295474005,47108137900
2020-03-12,4970.7880859375,112.34712219238281,1.0405529737472534,1.0535850524902344,4970.7880859375,112.34712219238281,1.0405529737472534,1.0535850524902344,7929.1162109375,195.14793395996094,1.0790990591049194,1.078518033027649,4860.35400390625,111.21070861816406,0.9578099846839905,0.9680899977684021,7913.6162109375,194.73892211914062,0.9977849721908569,0.9989839792251587,53980357243,22134741655,1605204520,74550564419
2020-03-13,5563.70703125,133.20181274414062,1.0025219917297363,0.999629020690918,5563.70703125,133.20181274414062,1.0025219917297363,0.999629020690918,5838.11474609375,137.42953491210938,1.0604239702224731,1.0848020315170288,4106.98095703125,95.1843032836914,0.9292219877243042,0.8994899988174438,5017.8310546875,112.68999481201172,1.0340640544891357,1.0396050214767456,74156772075,27864623061,847303035,99315334323
2020-03-14,5200.3662109375,123.30602264404297,1.0004969835281372,1.0016210079193115,5200.3662109375,123.30602264404297,1.0004969835281372,1.0016210079193115,5625.2265625,134.484375,1.0075589418411255,1.0142070055007935,5125.0693359375,122.41447448730469,0.9849169850349426,0.9903990030288696,5573.07763671875,133.5824737548828,1.0043059587478638,1.000514030456543,36154506008,12740784545,574424825,48327975513
2020-03-15,5392.31494140625,125.21430206298828,1.0031440258026123,1.0019869804382324,5392.31494140625,125.21430206298828,1.0031440258026123,1.0019869804382324,5836.64501953125,132.2421417236328,1.0140019655227661,1.0185699462890625,5169.283203125,121.85365295410156,0.9944999814033508,0.9913420081138611,5201.06689453125,123.24606323242188,0.9984449744224548,1.0002340078353882,33997889639,12719251813,712798810,43945453268
2020-03-16,5014.47998046875,110.60587310791016,0.9986029863357544,0.997003972530365,5014.47998046875,110.60587310791016,0.9986029863357544,0.997003972530365,5385.2294921875,124.9961166381836,1.043192982673645,1.0413899421691895,4575.35791015625,105.17144012451172,0.9725540280342102,0.9774450063705444,5385.2294921875,124.9961166381836,1.0024900436401367,1.0009700059890747,45368026430,15984904590,700699447,57318450774
2020-03-17,5225.62939453125,113.9427490234375,0.9702379703521729,0.9761450290679932,5225.62939453125,113.9427490234375,0.9702379703521729,0.9761450290679932,5371.3486328125,118.98828125,1.0055660009384155,1.0129979848861694,4981.9091796875,110.40678405761719,0.9552940130233765,0.9554830193519592,5002.578125,110.40678405761719,0.9963769912719727,0.9973779916763306,38622642935,12087490572,561066412,46775877399
2020-03-18,5238.4384765625,114.84226989746094,0.9701240062713623,0.9742479920387268,5238.4384765625,114.84226989746094,0.9701240062713623,0.9742479920387268,5331.833984375,116.02162170410156,1.0037389993667603,1.0112570524215698,5069.3359375,111.74311065673828,0.9663040041923523,0.9709479808807373,5227.11376953125,113.8576431274414,0.9679380059242249,0.9737899899482727,37878801016,11617854009,649533429,45836273197
2020-03-19,6191.19287109375,136.59385681152344,1.0021040439605713,1.0031930208206177,6191.19287109375,136.59385681152344,1.0021040439605713,1.0031930208206177,6329.73583984375,140.52772521972656,1.0058009624481201,1.0113619565963745,5236.96875,114.73286437988281,0.9495260119438171,0.9535859823226929,5245.41650390625,114.83982849121094,0.9701240062713623,0.9732840061187744,51000731797,16396753275,1067530248,64076531532
2020-03-20,6198.7783203125,132.73716735839844,0.9965850114822388,0.9975559711456299,6198.7783203125,132.73716735839844,0.9965850114822388,0.9975559711456299,6844.26171875,150.8538055419922,1.0114229917526245,1.0256589651107788,5865.78173828125,122.60565948486328,0.9604610204696655,0.9635599851608276,6191.65380859375,136.64927673339844,1.001054048538208,1.002377986907959,54442976103,18960388062,961675019,72319289643
2020-03-21,6185.06640625,132.81871032714844,1.0009139776229858,1.0009499788284302,6185.06640625,132.81871032714844,1.0009139776229858,1.0009499788284302,6378.13525390625,135.972412109375,1.0147180557250977,1.0160449743270874,5932.8232421875,127.16375732421875,0.9858750104904175,0.9862210154533386,6206.521484375,133.1017608642578,0.9949190020561218,0.9971680045127869,42494390880,13684083308,1073258927,52643956420
2020-03-22,5830.2548828125,123.32115173339844,0.9959359765052795,0.9990320205688477,5830.2548828125,123.32115173339844,0.9959359765052795,0.9990320205688477,6359.697265625,136.15164184570312,1.0116740465164185,1.0160139799118042,5823.7138671875,122.90933227539062,0.9792829751968384,0.9842720031738281,6185.55810546875,132.85113525390625,0.9990329742431641,1.0000920295715332,40099664740,12497707224,687125480,49036623749
2020-03-23,6416.31494140625,134.91160583496094,0.9910209774971008,0.9968119859695435,6416.31494140625,134.91160583496094,0.9910209774971008,0.9968119859695435,6443.9345703125,134.91160583496094,1.0069199800491333,1.0102720260620117,5785.00439453125,121.86788177490234,0.9633070230484009,0.9651610255241394,5831.37451171875,123.36598205566406,0.9959359765052795,1.000741958618164,46491916000,14149877968,687375222,57333099378
2020-03-24,6734.8037109375,138.76144409179688,0.9959819912910461,1.0004730224609375,6734.8037109375,138.76144409179688,0.9959819912910461,1.0004730224609375,6789.02294921875,141.9485321044922,1.0131080150604248,1.01590895652771,6411.06640625,133.1687774658203,0.983102023601532,0.9874089956283569,6436.642578125,135.1941375732422,0.9936569929122925,0.996425986289978,48221910672,14609068673,743619081,57714092130
2020-03-25,6681.06298828125,136.19589233398438,0.9975219964981079,0.9985939860343933,6681.06298828125,136.19589233398438,0.9975219964981079,0.9985939860343933,6892.51123046875,141.40379333496094,1.00587797164917,1.0123740434646606,6536.92626953125,134.30422973632812,0.9885500073432922,0.991720974445343,6738.716796875,138.9149627685547,0.9960950016975403,1.00410795211792,44590107888,13433092920,734599583,52254209223
2020-03-26,6716.4404296875,138.36155700683594,0.994055986404419,0.9984830021858215,6716.4404296875,138.36155700683594,0.994055986404419,0.9984830021858215,6735.4638671875,138.83056640625,1.005519986152649,1.0123670101165771,6590.962890625,134.8860321044922,0.9905700087547302,0.995058000087738,6675.1708984375,136.190673828125,0.9975219964981079,0.9985970258712769,35319797642,11367261176,829443692,42020889460
2020-03-27,6469.79833984375,133.9379425048828,1.0121639966964722,1.0133179426193237,6469.79833984375,133.9379425048828,1.0121639966964722,1.0133179426193237,6793.83642578125,139.90269470214844,1.0244050025939941,1.0287569761276245,6466.70166015625,133.9379425048828,0.9875590205192566,0.9929779767990112,6719.38916015625,138.36993408203125,0.994388997554779,0.9987040162086487,34585598367,11396286629,956026571,41534264141
2020-03-28,6242.19384765625,130.9864959716797,0.9968720078468323,0.9997040033340454,6242.19384765625,130.9864959716797,0.9968720078468323,0.9997040033340454,6467.5009765625,134.03274536132812,1.0176759958267212,1.0229560136795044,6117.837890625,126.96218872070312,0.9930480122566223,0.994297981262207,6467.25390625,134.03274536132812,1.0121990442276,1.0142509937286377,34885225901,12162403960,821108456,44315404128
2020-03-29,5922.04296875,125.58373260498047,0.9780380129814148,1.0019630193710327,5922.04296875,125.58373260498047,0.9780380129814148,1.0019630193710327,6250.46728515625,131.17408752441406,1.0088679790496826,1.0138720273971558,5920.0859375,125.4500503540039,0.9762539863586426,0.9952710270881653,6245.62451171875,131.0153350830078,0.9975699782371521,0.999705970287323,28373690931,9938133669,641642083,35069971228
2020-03-30,6429.841796875,132.904541015625,1.0054659843444824,1.0065339803695679,6429.841796875,132.904541015625,1.0054659843444824,1.0065339803695679,6517.19580078125,133.91146850585938,1.0054659843444824,1.0065629482269287,5903.234375,125.28968048095703,0.9753879904747009,0.9895600080490112,5925.53857421875,125.57789611816406,0.9770259857177734,1.0017280578613281,37101651525,11841123306,947341484,44148668942
2020-03-31,6438.64453125,133.59356689453125,1.0013339519500732,1.0030269622802734,6438.64453125,133.59356689453125,1.0013339519500732,1.0030269622802734,6504.51513671875,134.27413940429688,1.0051980018615723,1.0080070495605469,6374.162109375,131.65289306640625,0.9911370277404785,0.9929900169372559,6430.6064453125,132.8209228515625,1.003728985786438,1.005774974822998,32786468812,11065246317,757273271,38970696054
2020-04-01,6606.7763671875,135.63455200195312,0.9957470297813416,1.0047459602355957,6606.7763671875,135.63455200195312,0.9957470297813416,1.0047459602355957,6612.57373046875,135.63455200195312,1.0097719430923462,1.0108100175857544,6202.37353515625,129.73094177246094,0.9667869806289673,0.9742149710655212,6437.3193359375,133.61231994628906,1.0013339519500732,1.0035990476608276,40346426266,12456564435,874513925,47949493852
2020-04-02,6793.62451171875,142.02914428710938,0.9996029734611511,1.000717043876648,6793.62451171875,142.02914428710938,0.9996029734611511,1.000717043876648,7088.24755859375,146.78709411621094,1.0050280094146729,1.011834979057312,6595.91845703125,135.732177734375,0.9875379800796509,0.9807339906692505,6606.7763671875,135.732177734375,0.9960309863090515,1.0071439743041992,47660646124,15322861686,1119590861,57261198792
2020-04-03,6733.38720703125,142.09130859375,1.0006660223007202,1.0017119646072388,6733.38720703125,142.09130859375,1.0006660223007202,1.0017119646072388,7003.220703125,146.89987182617188,1.0061990022659302,1.0105940103530884,6673.3359375,139.619384765625,0.9957500100135803,0.9973919987678528,6797.396484375,142.11045837402344,1.000548005104065,1.0016460418701172,38976504903,13184603402,802031808,46738928486
2020-04-04,6867.52734375,145.21939086914062,1.0015809535980225,1.004112958908081,6867.52734375,145.21939086914062,1.0015809535980225,1.004112958908081,6878.95361328125,145.37730407714844,1.014920949935913,1.017382025718689,6696.48486328125,140.121826171875,0.9946029782295227,0.9951050281524658,6738.3828125,142.21517944335938,1.0004160404205322,1.0016529560089111,33185988584,11946658257,733529363,39644126975
2020-04-05,6791.12939453125,143.54664611816406,1.001513957977295,1.00285005569458,6791.12939453125,143.54664611816406,1.001513957977295,1.00285005569458,6883.4140625,146.12852478027344,1.006140947341919,1.0066590309143066,6715.92919921875,142.10208129882812,0.9975159764289856,0.9971190094947815,6862.53759765625,145.26101684570312,1.0018600225448608,1.004809021949768,29510409856,11280993591,718937342,35625789596
2020-04-06,7271.78125,169.13587951660156,0.9967290163040161,0.9928330183029175,7271.78125,169.13587951660156,0.9967290163040161,0.9928330183029175,7271.78125,169.27264404296875,1.0096149444580078,1.0127569437026978,6782.8896484375,143.5446014404297,0.9903090000152588,0.9909319877624512,6788.0498046875,143.60821533203125,1.002647042274475,1.0036640167236328,46896904615,21636382525,870767266,60908262080
2020-04-07,7176.41455078125,165.10194396972656,0.9963279962539673,0.9986289739608765,7176.41455078125,165.10194396972656,0.9963279962539673,0.9986289739608765,7427.939453125,175.20413208007812,1.0072829723358154,1.0103579759597778,7136.71435546875,164.2033233642578,0.990211009979248,0.9905440211296082,7273.64404296875,169.14744567871094,0.9957000017166138,0.9926400184631348,44243482668,21659346091,895902327,59032234493
2020-04-08,7334.0986328125,172.64173889160156,0.9958459734916687,0.9991239905357361,7334.0986328125,172.64173889160156,0.9958459734916687,0.9991239905357361,7356.2236328125,173.21026611328125,1.0028959512710571,1.0094389915466309,7153.3056640625,164.49319458007812,0.986050009727478,0.9863389730453491,7179.283203125,165.24032592773438,0.9961040019989014,0.9979000091552734,37563249549,17063110836,775527778,50475513637
2020-04-09,7302.08935546875,170.80714416503906,1.001512050628662,1.0034650564193726,7302.08935546875,170.80714416503906,1.001512050628662,1.0034650564193726,7341.4482421875,172.8977813720703,1.002784013748169,1.0098979473114014,7179.09423828125,167.98712158203125,0.9939680099487305,0.99481201171875,7337.96630859375,172.76126098632812,0.9955059885978699,0.9983130097389221,34815139178,14901696210,767509663,44302706107
2020-04-10,6865.4931640625,158.41244506835938,0.9989709854125977,1.0007929801940918,6865.4931640625,158.41244506835938,0.9989709854125977,1.0007929801940918,7303.8154296875,170.94976806640625,1.0060529708862305,1.01774001121521,6802.47509765625,154.9144744873047,0.9902650117874146,0.9951959848403931,7303.8154296875,170.8292694091797,1.0012550354003906,1.0031640529632568,43622840992,17980944616,847956955,56393183976
2020-04-11,6859.0830078125,158.2160186767578,0.9950069785118103,0.9981160163879395,6859.0830078125,158.2160186767578,0.9950069785118103,0.9981160163879395,6926.06982421875,161.16757202148438,1.0007799863815308,1.005210041999817,6789.9208984375,155.29833984375,0.9801560044288635,0.9842429757118225,6867.4404296875,158.5389862060547,0.9989709854125977,1.0009740591049194,31222085946,13555089447,665074561,40060959110
2020-04-12,6971.091796875,161.14242553710938,1.0040650367736816,1.0081690549850464,6971.091796875,161.14242553710938,1.0040650367736816,1.0081690549850464,7119.947265625,164.51695251464844,1.0041199922561646,1.0100430250167847,6811.078125,156.3205108642578,0.9883540272712708,0.9916729927062988,6858.06787109375,158.23239135742188,0.9943839907646179,0.9976509809494019,35759567632,15123721386,805969792,44856466500
2020-04-13,6845.03759765625,156.27955627441406,0.9984229803085327,1.0003269910812378,6845.03759765625,156.27955627441406,0.9984229803085327,1.0003269910812378,6965.61669921875,160.74969482421875,1.0110360383987427,1.02463698387146,6668.259765625,151.61448669433594,0.9910479784011841,0.9917569756507874,6965.61669921875,160.72067260742188,1.0035150051116943,1.0084340572357178,38619308647,16465282133,721095996,50128306911
2020-04-14,6842.427734375,157.5963897705078,0.9959269762039185,0.9968060255050659,6842.427734375,157.5963897705078,0.9959269762039185,0.9968060255050659,6958.55712890625,160.94427490234375,1.0027559995651245,1.0066649913787842,6793.8212890625,155.86593627929688,0.9898859858512878,0.9927380084991455,6843.28173828125,156.35595703125,0.9985849857330322,0.9999669790267944,34110434052,14723156630,723478384,42246776207
2020-04-15,6642.10986328125,153.28689575195312,0.9996610283851624,0.9995290040969849,6642.10986328125,153.28689575195312,0.9996610283851624,0.9995290040969849,6928.66455078125,160.71112060546875,1.0057729482650757,1.0078190565109253,6633.40283203125,152.80284118652344,0.9672819972038269,0.992563009262085,6845.5615234375,157.56564331054688,0.9948880076408386,0.9963809847831726,32288311031,14171753737,834202006,40321714369
2020-04-16,7116.80419921875,172.15737915039062,1.0010969638824463,1.0027190446853638,7116.80419921875,172.15737915039062,1.0010969638824463,1.0027190446853638,7134.45068359375,173.1572723388672,1.0065909624099731,1.0098010301589966,6555.50439453125,150.3594207763672,0.9808250069618225,0.9811030030250549,6640.4541015625,153.20042419433594,0.9996470212936401,0.9999489784240723,46783242377,22910469236,1055234948,63213195169
2020-04-17,7096.1845703125,171.63858032226562,1.0056430101394653,1.006742000579834,7096.1845703125,171.63858032226562,1.0056430101394653,1.006742000579834,7167.18310546875,174.27590942382812,1.0071990489959717,1.0105359554290771,7050.33203125,169.75157165527344,0.994035005569458,0.9959400296211243,7116.552734375,172.2794189453125,1.00075101852417,1.002485990524292,32513423567,16714684266,789114157,43011919954
2020-04-18,7257.6650390625,186.91400146484375,0.9998850226402283,1.000777006149292,7257.6650390625,186.91400146484375,0.9998850226402283,1.000777006149292,7269.95654296875,187.9404754638672,1.0077110528945923,1.010241985321045,7089.2470703125,171.61807250976562,0.9938169717788696,0.9958009719848633,7092.29150390625,171.61807250976562,1.0061030387878418,1.0074739456176758,32447188386,20160323443,850643276,45234041690
2020-04-19,7189.4248046875,181.61495971679688,1.0060579776763916,1.0077040195465088,7189.4248046875,181.61495971679688,1.0060579776763916,1.0077040195465088,7280.52197265625,188.0989227294922,1.0108870267868042,1.0171680450439453,7167.0546875,180.12081909179688,0.9948260188102722,0.9991509914398193,7260.92236328125,186.8619842529297,0.9993259906768799,1.000627040863037,31311210215,19146038381,894054504,44414316787
2020-04-20,6881.95849609375,172.2971649169922,1.002189040184021,1.004804015159607,6881.95849609375,172.2971649169922,1.002189040184021,1.004804015159607,7240.29052734375,186.0835418701172,1.009721040725708,1.016355037689209,6835.5029296875,170.32127380371094,0.9971879720687866,0.999921977519989,7186.87353515625,181.480224609375,1.005674958229065,1.0077409744262695,37747113936,21266681335,645616338,54458798119
2020-04-21,6880.3232421875,172.73770141601562,1.002432942390442,1.0064560174942017,6880.3232421875,172.73770141601562,1.002432942390442,1.0064560174942017,6934.5517578125,175.178466796875,1.0076249837875366,1.0125499963760376,6834.4423828125,170.55284118652344,0.9968670010566711,0.9987360239028931,6879.7841796875,172.01771545410156,1.0034290552139282,1.0054229497909546,32589741511,16458767984,512937610,42681951159
2020-04-22,7117.20751953125,182.59957885742188,1.0005290508270264,1.000910997390747,7117.20751953125,182.59957885742188,1.0005290508270264,1.000910997390747,7145.86572265625,183.75100708007812,1.0077379941940308,1.0084320306777954,6867.78173828125,171.82659912109375,0.9960280060768127,0.9953629970550537,6879.4404296875,172.67039489746094,1.0020309686660767,1.0066100358963013,33249153866,17994666395,416817326,45471713945
2020-04-23,7429.724609375,185.02867126464844,0.9938079714775085,0.9976919889450073,7429.724609375,185.02867126464844,0.9938079714775085,0.9976919889450073,7491.78515625,189.0888671875,1.0053670406341553,1.0076260566711426,7081.5947265625,180.3406524658203,0.9821469783782959,0.9796680212020874,7121.30615234375,182.62017822265625,1.0003279447555542,1.0005450248718262,43500782316,21275740032,469598546,56696647551
2020-04-24,7550.90087890625,189.2369384765625,1.0061980485916138,1.0079319477081299,7550.90087890625,189.2369384765625,1.0061980485916138,1.0079319477081299,7574.19580078125,190.21038818359375,1.0076580047607422,1.012326955795288,7434.181640625,185.22210693359375,0.9887800216674805,0.9922639727592468,7434.181640625,185.22210693359375,0.9926890134811401,0.9966319799423218,34636526286,16788555028,435965644,45214285339
2020-04-25,7569.93603515625,195.5153045654297,1.003965973854065,1.0046800374984741,7569.93603515625,195.5153045654297,1.003965973854065,1.0046800374984741,7641.36376953125,196.79237365722656,1.0089390277862549,1.0125269889831543,7521.67236328125,188.45953369140625,0.9948520064353943,0.9972220063209534,7550.48291015625,189.2073974609375,1.0062309503555298,1.0074759721755981,32941541447,18260969748,379571252,44807056872
2020-04-26,7679.8671875,197.31753540039062,0.998956024646759,1.0003119707107544,7679.8671875,197.31753540039062,0.998956024646759,1.0003119707107544,7700.59423828125,199.344970703125,1.009477972984314,1.0149940252304077,7561.40771484375,194.76806640625,0.9933919906616211,0.9956340193748474,7570.13916015625,195.41358947753906,1.004201054573059,1.0048400163650513,33070154491,18335367012,419876552,46243541830
2020-04-27,7795.60107421875,197.22471618652344,1.0023150444030762,1.0040910243988037,7795.60107421875,197.22471618652344,1.0023150444030762,1.0040910243988037,7795.60107421875,199.55279541015625,1.006593942642212,1.0099090337753296,7679.4189453125,193.45416259765625,0.995307981967926,0.9965530037879944,7679.4189453125,197.47572326660156,1.0001189708709717,1.001142978668213,36162144725,18670194595,425919491,50062655667
2020-04-28,7807.05859375,198.41539001464844,1.0042239427566528,1.007822036743164,7807.05859375,198.41539001464844,1.0042239427566528,1.007822036743164,7814.52734375,198.7865447998047,1.0066070556640625,1.0100140571594238,7730.806640625,194.84942626953125,0.998134970664978,1.0007710456848145,7796.97021484375,197.2735137939453,1.002539038658142,1.0040810108184814,33187959921,18217507467,358936206,45898873538
2020-04-29,8801.0380859375,216.96823120117188,1.0051510334014893,1.0081230401992798,8801.0380859375,216.96823120117188,1.0051510334014893,1.0081230401992798,8871.75390625,218.4546356201172,1.010064959526062,1.0143159627914429,7786.04931640625,198.12451171875,0.9908769726753235,0.992438018321991,7806.71240234375,198.46519470214844,1.003924012184143,1.0071779489517212,60201052203,26397548759,617721870,79272305845
2020-04-30,8658.5537109375,207.60205078125,1.0018210411071777,1.0051120519638062,8658.5537109375,207.60205078125,1.0018210411071777,1.0051120519638062,9440.650390625,227.52969360351562,1.009058952331543,1.0186690092086792,8533.255859375,206.43692016601562,0.992139995098114,0.9927340149879456,8797.669921875,216.9091339111328,1.0048290491104126,1.0078610181808472,66964629541,28089191904,588729708,89936833210
2020-05-01,8864.7666015625,214.21910095214844,1.0049200057983398,1.0081369876861572,8864.7666015625,214.21910095214844,1.0049200057983398,1.0081369876861572,9048.0234375,217.62802124023438,1.00873601436615,1.0120350122451782,8667.763671875,207.7808837890625,0.9987069964408875,0.9987919926643372,8672.7822265625,207.9017333984375,1.0018210411071777,1.0031739473342896,44068389997,20816320834,483918719,56216767268
2020-05-02,8988.5966796875,215.32537841796875,1.0025089979171753,1.0034780502319336,8988.5966796875,215.32537841796875,1.0025089979171753,1.0034780502319336,9007.1875,215.8475341796875,1.008370041847229,1.0136220455169678,8811.3662109375,212.87867736816406,0.9960780143737793,0.9985319972038269,8869.0576171875,214.23008728027344,1.0058389902114868,1.008937954902649,40134388683,18260876092,527930176,49997806582
2020-05-03,8897.46875,210.9331512451172,0.9992960095405579,1.0035079717636108,8897.46875,210.9331512451172,0.9992960095405579,1.0035079717636108,9167.78125,219.2708740234375,1.0091300010681152,1.0138930082321167,8830.9716796875,208.69236755371094,0.9965400099754333,0.999206006526947,8983.6142578125,215.35206604003906,1.003095030784607,1.0048340559005737,47101785174,20469034664,538532397,58963072938
2020-05-04,8912.654296875,208.17401123046875,1.0026520490646362,1.0061089992523193,8912.654296875,208.17401123046875,1.0026520490646362,1.0061089992523193,8956.90625,211.82838439941406,1.0084370374679565,1.0153100490570068,8645.0244140625,199.0477294921875,0.9983819723129272,0.9989399909973145,8895.7451171875,210.89085388183594,0.9996970295906067,1.0030839443206787,45718796276,22602446422,546869282,60315142637
2020-05-05,9003.0703125,206.77439880371094,0.999118983745575,1.0008560419082642,9003.0703125,206.77439880371094,0.999118983745575,1.0008560419082642,9062.4150390625,211.77862548828125,1.0047110319137573,1.0169529914855957,8856.8271484375,204.0311279296875,0.9938399791717529,0.9974089860916138,8912.83203125,208.01300048828125,1.0021530389785767,1.0061899423599243,43148462663,19004689099,568954079,53776437547
2020-05-06,9268.76171875,204.0557861328125,1.0080729722976685,1.0179309844970703,9268.76171875,204.0557861328125,1.0080729722976685,1.0179309844970703,9411.4677734375,211.5346221923828,1.0111839771270752,1.0179309844970703,8966.7060546875,204.04087829589844,0.9947400093078613,0.9974070191383362,9007.44140625,206.48135375976562,0.9971920251846313,0.9993469715118408,49371886931,20343543799,570788155,59321368204
2020-05-07,9951.5185546875,212.28941345214844,1.000923991203308,1.0028949975967407,9951.5185546875,212.28941345214844,1.000923991203308,1.0028949975967407,9992.6640625,214.39247131347656,1.012760043144226,1.0208669900894165,9138.322265625,202.07484436035156,0.9894980192184448,0.989333987236023,9261.8955078125,203.91285705566406,1.0080729722976685,1.0144330263137817,61112700562,23594744655,569477470,72554504815
2020-05-08,9842.666015625,212.9915771484375,1.003993034362793,1.003764033317566,9842.666015625,212.9915771484375,1.003993034362793,1.003764033317566,9996.7431640625,216.3276824951172,1.0087109804153442,1.0103479623794556,9767.1728515625,208.8307342529297,0.9946240186691284,0.9945470094680786,9936.162109375,212.1982421875,1.000923991203308,1.0020140409469604,51780748042,20445139356,573933002,63400633378
2020-05-09,9593.896484375,211.60012817382812,1.0021129846572876,1.0048179626464844,9593.896484375,211.60012817382812,1.0021129846572876,1.0048179626464844,9913.86328125,214.73912048339844,1.0061579942703247,1.0070220232009888,9580.64453125,209.07151794433594,0.9966210126876831,0.9953129887580872,9840.90625,213.1421661376953,1.00416898727417,1.0043940544128418,46566121841,18950547549,527392293,57870685210
2020-05-10,8756.4306640625,188.5995635986328,1.0016930103302002,1.0010550022125244,8756.4306640625,188.5995635986328,1.0016930103302002,1.0010550022125244,9595.5810546875,211.5522003173828,1.0103479623794556,1.0604850053787231,8395.107421875,182.71116638183594,0.9886019825935364,0.9869790077209473,9591.1689453125,211.5522003173828,1.0020040273666382,1.0050159692764282,63325279337,25211575193,628815173,79545041693
2020-05-11,8601.7958984375,185.912841796875,0.9973210096359253,0.9983639717102051,8601.7958984375,185.912841796875,0.9973210096359253,0.9983639717102051,9033.470703125,191.36233520507812,1.0052579641342163,1.0227530002593994,8374.3232421875,180.7183380126953,0.9624390006065369,0.9711670279502869,8755.53515625,188.63218688964844,1.0015259981155396,1.0013400316238403,57119858802,20054601647,560486656,68664007367
2020-05-12,8804.4775390625,189.3125,1.0011919736862183,1.0007350444793701,8804.4775390625,189.3125,1.0011919736862183,1.0007350444793701,8949.8984375,191.60134887695312,1.0055170059204102,1.0070040225982666,8569.6435546875,185.70179748535156,0.9967160224914551,0.995872974395752,8610.3857421875,185.87733459472656,0.9967460036277771,0.9992020130157471,42142717533,15899726284,418915209,49750084616
2020-05-13,9269.9873046875,199.1932830810547,1.0010110139846802,1.0002319812774658,9269.9873046875,199.1932830810547,1.0010110139846802,1.0002319812774658,9317.87890625,200.19732666015625,1.0036159753799438,1.0041680335998535,8805.3876953125,189.12770080566406,0.9922320246696472,0.9918109774589539,8805.3876953125,189.3740997314453,1.00114905834198,1.0003639459609985,45558144023,17054662289,442974311,53063776325
2020-05-14,9733.7216796875,202.9490966796875,0.996882975101471,0.9988600015640259,9733.7216796875,202.9490966796875,0.996882975101471,0.9988600015640259,9793.2685546875,204.1175994873047,1.0087029933929443,1.0059219598770142,9255.03515625,196.8688201904297,0.9879950284957886,0.9903519749641418,9271.3291015625,198.89151000976562,0.9985309839248657,0.9982320070266724,56426907637,20150524861,589452910,64544825214
2020-05-15,9328.197265625,195.62266540527344,1.0029480457305908,1.003972053527832,9328.197265625,195.62266540527344,1.0029480457305908,1.003972053527832,9755.828125,203.56639099121094,1.0175570249557495,1.0182240009307861,9261.3984375,193.75567626953125,0.9938830137252808,0.9879180192947388,9734.291015625,202.9553985595703,0.9967569708824158,0.9986739754676819,48158802327,16602342092,733477055,53148365727
2020-05-16,9377.013671875,200.6771240234375,0.9993360042572021,1.0001939535140991,9377.013671875,200.6771240234375,0.9993360042572021,1.0001939535140991,9564.205078125,202.7711944580078,1.0040889978408813,1.005910038948059,9260.6943359375,194.5015869140625,0.9973009824752808,0.9973400235176086,9333.240234375,195.61338806152344,1.0026659965515137,1.0022469758987427,36164766408,15379081645,590472282,42259786355
2020-05-17,9670.7392578125,207.15869140625,1.0015939474105835,1.0015900135040283,9670.7392578125,207.15869140625,1.0015939474105835,1.0015900135040283,9823.001953125,209.1609344482422,1.0046089887619019,1.005424976348877,9349.5458984375,200.10279846191406,0.9926980137825012,0.9915779829025269,9374.9296875,200.60887145996094,0.999701976776123,1.0001920461654663,40084250663,15470397303,623833304,45525203695
2020-05-18,9726.5751953125,214.52505493164062,1.0013099908828735,1.001350998878479,9726.5751953125,214.52505493164062,1.0013099908828735,1.001350998878479,9906.0302734375,215.90846252441406,1.0081490278244019,1.011605978012085,9570.359375,207.10906982421875,0.9940099716186523,0.9939360022544861,9675.6953125,207.17977905273438,1.0014369487762451,1.0014489889144897,41827139896,17411566928,556502433,50496315260
2020-05-19,9729.0380859375,213.45111083984375,0.9953950047492981,0.9960190057754517,9729.0380859375,213.45111083984375,0.9953950047492981,0.9960190057754517,9836.0478515625,214.6049346923828,1.0075639486312866,1.0070090293884277,9539.6240234375,210.14305114746094,0.9942989945411682,0.9926630258560181,9727.0634765625,214.6049346923828,1.001289963722229,1.0012060403823853,39254288955,14346192779,645252420,46955432504
2020-05-20,9522.9814453125,210.09674072265625,0.999987006187439,0.9989479780197144,9522.9814453125,210.09674072265625,0.999987006187439,0.9989479780197144,9804.7939453125,214.71682739257812,1.0093820095062256,1.0152029991149902,9447.201171875,207.97581481933594,0.9939360022544861,0.9948660135269165,9725.3291015625,213.4462432861328,0.9946190118789673,0.9964029788970947,36546239703,12730175511,654997591,44447276085
2020-05-21,9081.76171875,199.88360595703125,1.001997947692871,1.0020010471343994,9081.76171875,199.88360595703125,1.001997947692871,1.0020010471343994,9555.2421875,211.62518310546875,1.0119309425354004,1.0125230550765991,8869.9306640625,193.346435546875,0.9952179789543152,0.9931089878082275,9522.740234375,210.129150390625,1.0001590251922607,0.999193012714386,39326160532,13308321229,639942387,47340041421
2020-05-22,9182.5771484375,207.169189453125,1.0031440258026123,1.0022870302200317,9182.5771484375,207.169189453125,1.0031440258026123,1.0022870302200317,9232.9365234375,208.59153747558594,1.0059130191802979,1.0057599544525146,9008.638671875,198.04086303710938,0.9975289702415466,0.9965879917144775,9080.3349609375,199.8371124267578,1.0026030540466309,1.0028330087661743,29810773699,12041592114,479674913,37971264880
2020-05-23,9209.287109375,208.69439697265625,1.0046000480651855,1.005537986755371,9209.287109375,208.69439697265625,1.0046000480651855,1.005537986755371,9302.501953125,210.38645935058594,1.0052789449691772,1.0065100193023682,9118.1083984375,205.29421997070312,0.9965270161628723,0.9954620003700256,9185.0625,207.19448852539062,1.0027040243148804,1.0020999908447266,27727866812,10665476768,418061541,33726005349
2020-05-24,8790.3681640625,202.37034606933594,1.0024019479751587,1.0010889768600464,8790.3681640625,202.37034606933594,1.0024019479751587,1.0010889768600464,9288.404296875,210.59507751464844,1.0142979621887207,1.0156869888305664,8787.2509765625,202.37034606933594,0.9961519837379456,0.9954149723052979,9212.283203125,208.716064453125,1.0046700239181519,1.0055840015411377,32518803300,11833299572,420645623,38944229194
2020-05-25,8906.9345703125,205.3197479248047,1.002305030822754,1.0031989812850952,8906.9345703125,205.3197479248047,1.002305030822754,1.0031989812850952,8951.005859375,206.3614501953125,1.0048739910125732,1.0065569877624512,8719.66796875,200.6675567626953,0.9961540102958679,0.9934300184249878,8786.107421875,201.98265075683594,1.0014909505844116,1.0007729530334473,31288157264,10415044124,427366175,35985513624
2020-05-26,8835.052734375,201.90231323242188,0.9993709921836853,0.9980080127716064,8835.052734375,201.90231323242188,0.9993709921836853,0.9980080127716064,8991.9677734375,205.75254821777344,1.0073100328445435,1.007470965385437,8757.2939453125,200.2642822265625,0.9944660067558289,0.9932810068130493,8909.5859375,205.2595672607422,1.0020660161972046,1.002892017364502,29584186947,10159741290,386722721,32858110128
2020-05-27,9181.017578125,208.86343383789062,1.00232994556427,1.004554033279419,9181.017578125,208.86343383789062,1.00232994556427,1.004554033279419,9203.3203125,208.86343383789062,1.0052510499954224,1.007694959640503,8834.1572265625,201.78506469726562,0.9939929842948914,0.993241012096405,8837.380859375,201.89300537109375,0.9993709921836853,0.9983069896697998,32740536902,10631034756,447623269,35192290092
2020-05-28,9525.7509765625,219.84042358398438,0.9989590048789978,1.0011529922485352,9525.7509765625,219.84042358398438,0.9989590048789978,1.0011529922485352,9546.3193359375,220.27650451660156,1.0046230554580688,1.0081080198287964,9148.45703125,206.24266052246094,0.9930649995803833,0.9952359795570374,9184.9453125,208.88543701171875,1.0021699666976929,1.004122018814087,34367073114,12212469604,477608688,38116870951
2020-05-29,9439.1240234375,220.6751251220703,1.0024189949035645,1.0033550262451172,9439.1240234375,220.6751251220703,1.0024189949035645,1.0033550262451172,9573.6669921875,224.2168731689453,1.0068069696426392,1.0077179670333862,9379.3388671875,218.23805236816406,0.9974430203437805,0.9987620115280151,9528.35546875,219.925048828125,0.9979829788208008,1.000831961631775,32896642044,12265816557,445311776,36706734857
2020-05-30,9700.4140625,242.34559631347656,1.003275990486145,1.0004030466079712,9700.4140625,242.34559631347656,1.003275990486145,1.0004030466079712,9704.0302734375,243.94314575195312,1.005571961402893,1.0044139623641968,9366.7294921875,218.7444610595703,0.9961979985237122,0.9909780025482178,9438.9140625,220.7172088623047,1.0026119947433472,1.0029499530792236,32722975141,15027397867,478039732,40377918880
2020-05-31,9461.05859375,230.9757080078125,1.0024689435958862,0.9980329871177673,9461.05859375,230.9757080078125,1.0024689435958862,0.9980329871177673,9700.34375,244.04525756835938,1.0083650350570679,1.006363034248352,9432.296875,230.05282592773438,0.9995110034942627,0.9945039749145508,9700.10546875,242.35137939453125,1.003275990486145,1.0004149675369263,27773290299,12234904813,437098476,35009124470
2020-06-01,10167.2685546875,246.99176025390625,1.0024440288543701,1.0011210441589355,10167.2685546875,246.99176025390625,1.0024440288543701,1.0011210441589355,10199.5654296875,248.2362823486328,1.0051120519638062,1.0034339427947998,9450.8994140625,230.48805236816406,0.9825289845466614,0.9856510162353516,9463.60546875,230.86026000976562,1.0021799802780151,0.9996010065078735,35198901068,13951727936,511987831,39619617695
2020-06-02,9529.8037109375,237.21905517578125,0.9989050030708313,0.9975240230560303,9529.8037109375,237.21905517578125,0.9989050030708313,0.9975240230560303,10182.3408203125,252.2220001220703,1.0087050199508667,1.0353089570999146,9460.5712890625,233.2252960205078,0.9841319918632507,0.9958699941635132,10162.9736328125,246.82818603515625,1.0027250051498413,1.001170039176941,39137252109,13782107567,517602290,45585907575
2020-06-03,9656.7177734375,244.1793212890625,0.9999409914016724,1.0000059604644775,9656.7177734375,244.1793212890625,0.9999409914016724,1.0000059604644775,9682.859375,244.1793212890625,1.0040080547332764,1.0065640211105347,9471.8466796875,235.46444702148438,0.9980530142784119,0.9965749979019165,9533.7607421875,237.3952178955078,0.9988070130348206,0.9968219995498657,25007459262,9861760817,370385643,30557149519
2020-06-04,9800.63671875,244.4263916015625,1.00137197971344,1.0025089979171753,9800.63671875,244.4263916015625,1.00137197971344,1.0025089979171753,9887.6103515625,245.92897033691406,1.0044829845428467,1.0110739469528198,9525.2470703125,236.7653045654297,0.9950870275497437,0.9922909736633301,9655.8544921875,244.10528564453125,1.0000929832458496,1.0003509521484375,25921805072,10170414304,292616628,31617065491
2020-06-05,9665.533203125,241.22198486328125,1.0028610229492188,1.003026008605957,9665.533203125,241.22198486328125,1.0028610229492188,1.003026008605957,9869.2373046875,247.32949829101562,1.0096030235290527,1.0140949487686157,9663.216796875,240.6820526123047,0.9983739852905273,0.9971709847450256,9800.2158203125,244.34959411621094,1.0015560388565063,1.0026179552078247,23509628646,9293963914,267403161,29614424319
2020-06-06,9653.6796875,241.9313201904297,0.9982699751853943,0.9993029832839966,9653.6796875,241.9313201904297,0.9982699751853943,0.9993029832839966,9773.431640625,245.98104858398438,1.0060460567474365,1.0114669799804688,9591.0244140625,239.7245330810547,0.9950140118598938,0.9948800206184387,9664.904296875,241.20135498046875,1.0033960342407227,1.003108024597168,20438419222,8114873845,249661876,23548822467
2020-06-07,9758.8525390625,245.16725158691406,1.0016709566116333,1.0030139684677124,9758.8525390625,245.16725158691406,1.0016709566116333,1.0030139684677124,9768.498046875,245.4352569580078,1.0055769681930542,1.0066670179367065,9458.150390625,236.32525634765625,0.9956820011138916,0.9959390163421631,9653.0029296875,241.9080810546875,0.9982519745826721,0.9993939995765686,25015250846,9544883157,278942203,29418233806
2020-06-08,9771.4892578125,246.30990600585938,0.9983950257301331,1.0021369457244873,9771.4892578125,246.30990600585938,0.9983950257301331,1.0021369457244873,9782.306640625,246.64419555664062,1.004377007484436,1.0080169439315796,9675.8857421875,241.5421905517578,0.9952849745750427,0.9958360195159912,9760.0634765625,245.17857360839844,1.001781940460205,1.0030629634857178,21486346312,8076783299,258124392,23773499797
2020-06-09,9795.7001953125,244.9114532470703,1.0029230117797852,1.0034689903259277,9795.7001953125,244.9114532470703,1.0029230117797852,1.0034689903259277,9836.369140625,248.34243774414062,1.0086469650268555,1.0170340538024902,9664.7197265625,242.3385467529297,0.997734010219574,0.9974150061607361,9774.3603515625,246.17501831054688,0.9983450174331665,1.0022289752960205,23717842783,8446545788,275906690,25504409744
2020-06-10,9870.0947265625,247.4449462890625,0.9994649887084961,1.0014359951019287,9870.0947265625,247.4449462890625,0.9994649887084961,1.0014359951019287,9908.896484375,248.65115356445312,1.0044269561767578,1.010910987854004,9728.291015625,242.8197479248047,0.9882339835166931,0.9884269833564758,9794.119140625,244.8220672607422,1.0029250383377075,1.003715991973877,25706567601,8792990206,286430600,26529161098
2020-06-11,9321.78125,231.70266723632812,1.0023080110549927,1.000601053237915,9321.78125,231.70266723632812,1.0023080110549927,1.000601053237915,9938.2978515625,249.8883056640625,1.0088789463043213,1.0119999647140503,9263.0693359375,229.94297790527344,0.9969090223312378,0.9968969821929932,9870.078125,247.5485382080078,0.9994649887084961,1.001546025276184,30247143440,12356528860,361418859,39277703093
2020-06-12,9480.84375,237.4932098388672,1.00149405002594,1.0031150579452515,9480.84375,237.4932098388672,1.00149405002594,1.0031150579452515,9540.4658203125,239.3546905517578,1.0037599802017212,1.0062639713287354,9285.8515625,229.6450653076172,1.000048041343689,0.9958630204200745,9320.6904296875,231.62545776367188,1.0023750066757202,1.0009870529174805,22610564515,8868955009,269662003,28748565604
2020-06-13,9475.27734375,238.90884399414062,1.0010230541229248,1.0020780563354492,9475.27734375,238.90884399414062,1.0010230541229248,1.0020780563354492,9493.2119140625,239.19309997558594,1.0040719509124756,1.005167007446289,9396.009765625,235.88967895507812,1.0007660388946533,0.9996830224990845,9480.7353515625,237.54461669921875,1.0024980306625366,1.003288984298706,17564322315,7141624980,244922456,21716523327
2020-06-14,9386.7880859375,234.1147003173828,1.0045729875564575,1.0054470300674438,9386.7880859375,234.1147003173828,1.0045729875564575,1.0054470300674438,9482.2705078125,239.10145568847656,1.007796049118042,1.009179949760437,9347.59375,232.95819091796875,0.9969249963760376,0.9976819753646851,9477.5537109375,238.9681854248047,0.99993497133255,1.001999020576477,18991732746,7439385176,261665467,21206505066
2020-06-15,9450.7021484375,229.9289093017578,1.0009260177612305,1.0021779537200928,9450.7021484375,229.9289093017578,1.0009260177612305,1.0021779537200928,9504.8603515625,234.2378387451172,1.01261305809021,1.013038992881775,8990.17578125,221.24176025390625,0.9999639987945557,0.9979320168495178,9386.03515625,234.0583038330078,1.0045729875564575,1.0052729845046997,26699704768,10536099884,329241566,33118696637
2020-06-16,9538.0244140625,234.41616821289062,1.0001510381698608,1.0003329515457153,9538.0244140625,234.41616821289062,1.0001510381698608,1.0003329515457153,9579.4306640625,236.39430236816406,1.0035719871520996,1.0054279565811157,9400.4453125,228.4261474609375,0.9988120198249817,0.9989039897918701,9454.2666015625,229.76229858398438,1.0010210275650024,1.0021450519561768,21565537209,7965648016,305768693,25217650481
2020-06-17,9480.2548828125,233.0282745361328,1.0011800527572632,1.000372052192688,9480.2548828125,233.0282745361328,1.0011800527572632,1.000372052192688,9540.4228515625,235.9540557861328,1.0050630569458008,1.003798007965088,9327.33984375,229.34164428710938,0.9994329810142517,0.9963610172271729,9533.7841796875,234.49237060546875,1.0001410245895386,1.0003629922866821,20177709879,7701391592,296663411,24323246034
2020-06-18,9411.8408203125,232.10116577148438,1.0023080110549927,1.0020179748535156,9411.8408203125,232.10116577148438,1.0023080110549927,1.0020179748535156,9482.7822265625,234.57064819335938,1.005221962928772,1.0043400526046753,9328.3955078125,228.95143127441406,0.9987499713897705,0.9970970153808594,9481.5673828125,232.89869689941406,1.0014699697494507,1.0005179643630981,17770083003,6713800872,265869062,21264596740
2020-06-19,9288.0185546875,227.13829040527344,0.9984899759292603,0.9938290119171143,9288.0185546875,227.13829040527344,0.9984899759292603,0.9938290119171143,9440.8759765625,232.15411376953125,1.0061349868774414,1.005676031112671,9274.2958984375,226.79518127441406,0.9975150227546692,0.9937719702720642,9410.2939453125,231.95497131347656,1.0029699802398682,1.0020530223846436,19632223107,6946372590,286431524,23397934727
2020-06-20,9332.3408203125,229.27426147460938,0.9992280006408691,0.9988840222358704,9332.3408203125,229.27426147460938,0.9992280006408691,0.9988840222358704,9394.9716796875,231.4490203857422,1.006384015083313,1.0061860084533691,9247.3798828125,226.640625,0.9915570020675659,0.9914500117301941,9290.9599609375,226.9763641357422,0.9984899759292603,0.994513988494873,17130541557,6252830566,264040919,20222952960
2020-06-21,9303.6298828125,228.9898223876953,1.002208948135376,1.0013630390167236,9303.6298828125,228.9898223876953,1.002208948135376,1.0013630390167236,9401.107421875,232.35894775390625,1.0052419900894165,1.0046629905700684,9300.4306640625,228.4929962158203,0.9957910180091858,0.9962350130081177,9330.9267578125,229.2161407470703,0.9985190033912659,0.9986810088157654,15324301169,5600408178,264643094,18590123868
2020-06-22,9648.7177734375,242.53318786621094,0.9961900115013123,0.9979249835014343,9648.7177734375,242.53318786621094,0.9961900115013123,0.9979249835014343,9655.0732421875,243.77601623535156,1.002979040145874,1.003350019454956,9296.8720703125,228.9347381591797,0.9897289872169495,0.9905589818954468,9300.9150390625,229.0033721923828,1.0021450519561768,1.00177800655365,21104009514,9079586552,312776437,25901068733
2020-06-23,9629.658203125,244.14215087890625,1.0019760131835938,1.0030380487442017,9629.658203125,244.14215087890625,1.0019760131835938,1.0030380487442017,9670.541015625,244.86441040039062,1.0024069547653198,1.0039169788360596,9547.2470703125,239.75973510742188,0.9909129738807678,0.9918829798698425,9644.076171875,242.53701782226562,0.9966509938240051,0.9983720183372498,17006433272,6624530348,275629670,21481732223
2020-06-24,9313.6103515625,235.7724609375,1.0017549991607666,1.000303030014038,9313.6103515625,235.7724609375,1.0017549991607666,1.000303030014038,9680.3671875,248.50802612304688,1.006404995918274,1.0117460489273071,9278.2333984375,232.8077392578125,0.9994919896125793,0.9967250227928162,9632.1494140625,244.18592834472656,1.0019570589065552,1.0028109550476074,18961716076,8815030025,317475211,25367004473
2020-06-25,9264.8134765625,232.94448852539062,1.0000619888305664,1.0001020431518555,9264.8134765625,232.94448852539062,1.0000619888305664,1.0001020431518555,9340.1611328125,236.05340576171875,1.0060869455337524,1.0053470134735107,9095.32421875,230.29660034179688,0.9940329790115356,0.9924870133399963,9314.126953125,235.70285034179688,1.0019429922103882,1.0002349615097046,18616048626,7010426122,280081178,21617089198
2020-06-26,9162.91796875,229.6680450439453,0.9998390078544617,0.998956024646759,9162.91796875,229.6680450439453,0.9998390078544617,0.998956024646759,9310.5166015625,233.9019317626953,1.0073200464248657,1.0071920156478882,9101.73828125,229.25946044921875,0.9983180165290833,0.9974719882011414,9260.9951171875,232.8774871826172,1.0008169412612915,1.0003420114517212,18341465837,7187490226,270824709,22595324560
2020-06-27,9045.390625,222.9597930908203,1.00382399559021,1.0040309429168701,9045.390625,222.9597930908203,1.00382399559021,1.0040309429168701,9207.810546875,232.49342346191406,1.0107790231704712,1.012603998184204,8998.216796875,220.5645751953125,0.9990419745445251,0.9965680241584778,9167.82421875,229.63148498535156,1.0000890493392944,0.9989489912986755,17273093144,6918380955,262437538,22069989504
2020-06-28,9143.58203125,225.34716796875,1.0029109716415405,1.0025149583816528,9143.58203125,225.34716796875,1.0029109716415405,1.0025149583816528,9197.546875,228.59828186035156,1.0079809427261353,1.0142569541931152,8975.525390625,219.47267150878906,0.9984080195426941,0.9895370006561279,9048.4609375,222.91448974609375,1.00382399559021,1.0039290189743042,14560870760,6205925718,227229690,18015458533
2020-06-29,9190.8544921875,228.1948699951172,0.9994040131568909,1.0019840002059937,9190.8544921875,228.1948699951172,0.9994040131568909,1.0019840002059937,9237.5732421875,229.90321350097656,1.0113680362701416,1.007187008857727,9041.8759765625,222.25498962402344,0.9976099729537964,0.9970449805259705,9140.029296875,225.36143493652344,1.0009249448776245,1.001613974571228,16460547078,6726164653,240627594,20201360245
2020-06-30,9137.9931640625,226.31500244140625,0.9997029900550842,0.9999039769172668,9137.9931640625,226.31500244140625,0.9997029900550842,0.9999039769172668,9217.8359375,229.476806640625,1.0074429512023926,1.007680058479309,9084.837890625,224.815185546875,0.9973239898681641,0.9982950091362,9185.5810546875,227.9684295654297,0.99891197681427,1.0014280080795288,15735797744,6094093001,230378726,18926019120
2020-07-01,9228.3251953125,231.11341857910156,1.0003249645233154,1.0015610456466675,9228.3251953125,231.11341857910156,1.0003249645233154,1.0015610456466675,9309.7548828125,232.75611877441406,1.0079560279846191,1.0067390203475952,9104.7353515625,224.8357391357422,0.9976029992103577,0.9974939823150635,9145.9853515625,226.13458251953125,0.9999579787254333,0.999646008014679,15971550355,6463737443,277293073,20410901924
2020-07-02,9123.41015625,229.39219665527344,1.0057460069656372,1.0157179832458496,9123.41015625,229.39219665527344,1.0057460069656372,1.0157179832458496,9274.962890625,232.39688110351562,1.0092120170593262,1.0202629566192627,9036.623046875,225.4619598388672,0.997871994972229,0.9987090229988098,9231.1396484375,231.28890991210938,0.9998329877853394,1.0009549856185913,16338916796,6212210566,268646941,21713824216
2020-07-03,9087.3037109375,225.38706970214844,1.0002379417419434,0.999521017074585,9087.3037109375,225.38706970214844,1.0002379417419434,0.999521017074585,9202.3447265625,229.6293182373047,1.0095150470733643,1.0183169841766357,9058.794921875,224.91397094726562,0.9976909756660461,0.9979259967803955,9124.8427734375,229.31895446777344,1.0059250593185425,1.0157129764556885,13078970999,5109032700,250629643,17207532375
2020-07-04,9132.48828125,229.07411193847656,0.9995759725570679,1.0010780096054077,9132.48828125,229.07411193847656,0.9995759725570679,1.0010780096054077,9183.2958984375,230.05413818359375,1.0095609426498413,1.0098379850387573,9053.6298828125,225.13331604003906,0.9946380257606506,0.9957039952278137,9084.2333984375,225.28848266601562,1.0001009702682495,0.9997559785842896,12290528515,5228310135,230791965,16834529314
2020-07-05,9073.9423828125,227.6645965576172,0.9978169798851013,0.998898983001709,9073.9423828125,227.6645965576172,0.9978169798851013,0.998898983001709,9162.18359375,229.85671997070312,1.006132960319519,1.005642056465149,8977.015625,224.54449462890625,0.9954869747161865,0.9968460202217102,9126.0908203125,228.9761962890625,0.9992009997367859,1.0002340078353882,12903406143,5292172429,229374669,18453609716
2020-07-06,9375.474609375,241.51022338867188,0.9992070198059082,1.0002360343933105,9375.474609375,241.51022338867188,0.9992070198059082,1.0002360343933105,9375.474609375,242.13270568847656,1.0045299530029297,1.005782961845398,9058.6640625,227.02952575683594,0.9933540225028992,0.9926570057868958,9072.849609375,227.6850128173828,0.9978169798851013,0.9983760118484497,17889263252,8782917553,262308134,28513816011
2020-07-07,9252.27734375,239.07553100585938,1.0001449584960938,0.9992070198059082,9252.27734375,239.07553100585938,1.0001449584960938,0.9992070198059082,9360.6171875,242.68185424804688,1.0043480396270752,1.0037360191345215,9201.8154296875,234.21865844726562,0.9927939772605896,0.9905760288238525,9349.1611328125,240.97259521484375,0.9984419941902161,1.0005099773406982,13839652595,6441497597,251459273,20262759503
2020-07-08,9428.3330078125,246.67001342773438,0.9992240071296692,0.9998599886894226,9428.3330078125,246.67001342773438,0.9992240071296692,0.9998599886894226,9450.3359375,248.30886840820312,1.0037130117416382,1.0037599802017212,9249.5,238.39837646484375,0.9982579946517944,0.9960449934005737,9253.0205078125,239.15997314453125,1.0002139806747437,0.9992799758911133,19702359883,9892586411,338710426,28520237097
2020-07-09,9277.9677734375,243.01596069335938,1.003674030303955,1.0030750036239624,9277.9677734375,243.01596069335938,1.003674030303955,1.0030750036239624,9431.37890625,247.2916717529297,1.0068210363388062,1.0067369937896729,9234.9990234375,239.89865112304688,0.998308002948761,0.997530996799469,9427.994140625,246.748291015625,0.9992240071296692,0.9998909831047058,18000702524,8429099199,262565337,24559681375
2020-07-10,9278.8076171875,240.9849853515625,0.9999300241470337,0.9999859929084778,9278.8076171875,240.9849853515625,0.9999300241470337,0.9999859929084778,9287.4716796875,242.8837890625,1.0060210227966309,1.0044870376586914,9118.001953125,236.73052978515625,0.9970059990882874,0.9927480220794678,9273.357421875,242.86801147460938,1.0034929513931274,1.0030490159988403,16860035605,7281370522,268662387,19416307998
2020-07-11,9240.3466796875,239.4581756591797,1.0008219480514526,1.0010520219802856,9240.3466796875,239.4581756591797,1.0008219480514526,1.0010520219802856,9293.5322265625,241.52748107910156,1.0038310289382935,1.0034140348434448,9199.4853515625,238.33123779296875,0.9974409937858582,0.9967430233955383,9277.51171875,241.04478454589844,1.0002050399780273,1.0000419616699219,13249910444,5643067316,228429648,16806691103
2020-07-12,9276.5,242.13169860839844,0.998242974281311,0.9986339807510376,9276.5,242.13169860839844,0.998242974281311,0.9986339807510376,9319.4189453125,243.31114196777344,1.0031989812850952,1.0049309730529785,9197.4501953125,237.7702178955078,0.9975200295448303,0.9971309900283813,9241.0546875,239.4596405029297,1.0007940530776978,1.0009269714355469,14452361907,6596394718,247223175,18560508406
2020-07-13,9243.6142578125,239.60458374023438,1.002431035041809,0.9995520114898682,9243.6142578125,239.60458374023438,1.002431035041809,0.9995520114898682,9306.4052734375,244.31051635742188,1.0031590461730957,1.0051660537719727,9224.29296875,238.2323760986328,0.9951279759407043,0.9948959946632385,9277.205078125,242.18186950683594,0.998242974281311,0.9982900023460388,17519821266,7787751468,284329507,23293356124
2020-07-14,9243.2138671875,240.21148681640625,0.9988080263137817,0.9990460276603699,9243.2138671875,240.21148681640625,0.9988080263137817,0.9990460276603699,9283.841796875,242.0037841796875,1.003836989402771,1.0050369501113892,9171.6611328125,237.7961883544922,0.9976879954338074,0.996849000453949,9238.703125,239.97561645507812,1.002431035041809,1.0017659664154053,18085038362,7357458555,272931352,21927614040
2020-07-15,9192.8369140625,238.42352294921875,0.999521017074585,0.9994440078735352,9192.8369140625,238.42352294921875,0.999521017074585,0.9994440078735352,9275.3251953125,241.40269470214844,1.0052050352096558,1.0044569969177246,9171.93359375,237.09617614746094,0.9975540041923523,0.9971110224723816,9241.8974609375,240.14364624023438,0.9986820220947266,0.9989690184593201,15844731575,6189328448,257140387,19801020732
2020-07-16,9132.2275390625,233.64088439941406,0.9999430179595947,0.9999799728393555,9132.2275390625,233.64088439941406,0.9999430179595947,0.9999799728393555,9214.3125,239.00625610351562,1.0055910348892212,1.0067670345306396,9088.947265625,231.6211700439453,0.9985479712486267,0.997518002986908,9191.98046875,238.45091247558594,0.9993600249290466,0.9990730285644531,15713967523,5832057567,278630288,20174060342
2020-07-17,9151.392578125,232.77308654785156,0.9992190003395081,0.9996160268783569,9151.392578125,232.77308654785156,0.9992190003395081,0.9996160268783569,9182.25390625,234.41506958007812,1.005416989326477,1.004027009010315,9089.2021484375,232.10997009277344,0.997750997543335,0.9964540004730225,9131.8125,233.69139099121094,0.9996690154075623,0.999688982963562,13944570749,5859850529,248319472,16824229378
2020-07-18,9159.0400390625,235.4838104248047,0.9975590109825134,0.9987949728965759,9159.0400390625,235.4838104248047,0.9975590109825134,0.9987949728965759,9230.9833984375,236.54397583007812,1.0068459510803223,1.0071840286254883,9100.82421875,232.32489013671875,0.9970420002937317,0.9963340163230896,9151.18359375,232.85568237304688,0.9992190003395081,0.9997479915618896,12252601475,5397402117,237728742,15430964635
2020-07-19,9185.8173828125,238.48751831054688,0.997107982635498,0.9983519911766052,9185.8173828125,238.48751831054688,0.997107982635498,0.9983519911766052,9201.3984375,239.1606903076172,1.0063790082931519,1.0052889585494995,9097.6328125,233.2797393798828,0.9941400289535522,0.994717001914978,9158.005859375,235.4582977294922,0.9975219964981079,0.9986690282821655,12939002784,6251377305,239654085,16068695380
2020-07-20,9164.2314453125,236.15316772460938,0.9988300204277039,1.0006020069122314,9164.2314453125,236.15316772460938,0.9988300204277039,1.0006020069122314,9214.2705078125,239.5762481689453,1.0047919750213623,1.0042239427566528,9137.509765625,234.85264587402344,0.9972860217094421,0.9970179796218872,9187.220703125,238.494873046875,0.9980000257492065,0.9984070062637329,13755604146,5600686192,241979767,16920167824
2020-07-21,9374.8876953125,245.0167236328125,0.99754798412323,0.9988939762115479,9374.8876953125,245.0167236328125,0.99754798412323,0.9988939762115479,9407.2626953125,246.18626403808594,1.0044130086898804,1.0035400390625,9149.3896484375,235.68096923828125,0.996163010597229,0.9949100017547607,9162.5146484375,236.30250549316406,0.9989619851112366,0.9999669790267944,18069581956,6806696015,268162461,22047241258
2020-07-22,9525.36328125,262.1906433105469,1.0006999969482422,1.000877022743225,9525.36328125,262.1906433105469,1.0006999969482422,1.000877022743225,9530.5185546875,262.98504638671875,1.0052200555801392,1.0042129755020142,9319.6533203125,242.48434448242188,0.9962729811668396,0.9908109903335571,9375.080078125,245.03726196289062,0.9977120161056519,0.998894989490509,16532254884,7702077383,275630027,21007802308
2020-07-23,9581.072265625,274.6890563964844,0.9976549744606018,0.9981859922409058,9581.072265625,274.6890563964844,0.9976549744606018,0.9981859922409058,9610.2470703125,277.5834655761719,1.0038139820098877,1.0036879777908325,9483.00390625,261.0470886230469,0.9962810277938843,0.9964249730110168,9527.1416015625,262.3886413574219,1.000349998474121,1.0005309581756592,18146399002,10281309262,295608573,24897129948
2020-07-24,9536.892578125,279.2154235839844,0.9980660080909729,0.9989929795265198,9536.892578125,279.2154235839844,0.9980660080909729,0.9989929795265198,9623.3369140625,286.1928405761719,1.0020339488983154,1.0038180351257324,9481.4541015625,269.2397766113281,0.9962350130081177,0.9970009922981262,9585.5146484375,274.7226867675781,0.9978079795837402,0.9982550144195557,16552768325,9466060358,273580676,22338273101
2020-07-25,9677.11328125,304.0567626953125,0.9978049993515015,0.998062014579773,9677.11328125,304.0567626953125,0.9978049993515015,0.998062014579773,9704.556640625,306.7409973144531,1.0017149448394775,1.0033060312271118,9530.2119140625,279.0263671875,0.996396005153656,0.9966199994087219,9539.4853515625,279.0263671875,0.9982280135154724,0.9995020031929016,16610070933,10785021813,280171826,25077707687
2020-07-26,9905.1669921875,309.64361572265625,0.9974169731140137,0.9988710284233093,9905.1669921875,309.64361572265625,0.9974169731140137,0.9988710284233093,10023.8076171875,316.3863220214844,1.0032989978790283,1.0095570087432861,9652.84765625,300.267822265625,0.9918749928474426,0.9938570261001587,9680.234375,303.6923828125,0.9978780150413513,0.9980490207672119,20507998997,12003973026,352834293,28852807826
2020-07-27,10990.873046875,321.51409912109375,0.9985129833221436,1.0010969638824463,10990.873046875,321.51409912109375,0.9985129833221436,1.0010969638824463,11298.2216796875,330.7012023925781,1.0053739547729492,1.0137989521026611,9903.9697265625,309.6579284667969,0.9934200048446655,0.9917439818382263,9905.2177734375,309.6579284667969,0.9974250197410583,0.9987959861755371,35359749590,15644257058,470335314,44309144839
2020-07-28,10912.8232421875,316.6572570800781,0.9986090064048767,1.0008540153503418,10912.8232421875,316.6572570800781,0.9986090064048767,1.0008540153503418,11204.3271484375,325.9059753417969,1.004520058631897,1.0080920457839966,10632.6318359375,307.7213439941406,0.9961900115013123,0.9957150220870972,11017.4638671875,321.8297424316406,0.9969180226325989,0.9976720213890076,28766551142,12357108065,377869121,37054214114
2020-07-29,11100.4677734375,318.1908874511719,1.0000499486923218,1.0025399923324585,11100.4677734375,318.1908874511719,1.0000499486923218,1.0025399923324585,11304.3974609375,324.38079833984375,1.0076930522918701,1.0085599422454834,10856.1416015625,313.1095886230469,0.9972180128097534,0.9956560134887695,10912.953125,316.55535888671875,0.9986510276794434,1.0004329681396484,24617249715,10878845706,344833565,31945080196
2020-07-30,11111.2138671875,334.5866394042969,0.9998160004615784,1.0018630027770996,11111.2138671875,334.5866394042969,0.9998160004615784,1.0018630027770996,11169.3564453125,338.6311950683594,1.0037590265274048,1.0072239637374878,10895.455078125,315.7510986328125,0.9980210065841675,0.9988809823989868,11099.8330078125,318.1449890136719,1.0003019571304321,1.0024620294570923,22857247901,11827689045,332715300,30145197612
2020-07-31,11323.466796875,345.5546569824219,1.0064829587936401,1.0001410245895386,11323.466796875,345.5546569824219,1.0064829587936401,1.0001410245895386,11415.8642578125,348.6113586425781,1.0130690336227417,1.0046429634094238,10987.0537109375,329.3409423828125,0.9973970055580139,0.9974830150604248,11110.2109375,334.63372802734375,0.9993680119514465,1.0013819932937622,23160469766,12030600492,352387844,31216575237
2020-08-01,11759.5927734375,385.19970703125,0.9963759779930115,0.9970129728317261,11759.5927734375,385.19970703125,0.9963759779930115,0.9970129728317261,11794.775390625,388.84796142578125,1.0114320516586304,1.0031429529190063,11239.6826171875,343.5874328613281,0.9932330250740051,0.9925789833068848,11322.5703125,345.7986145019531,1.0064829587936401,0.9998840093612671,26075670303,14045259477,428788849,36596724667
2020-08-02,11053.6142578125,370.6717224121094,0.9973639845848083,0.9978510141372681,11053.6142578125,370.6717224121094,0.9973639845848083,0.9978510141372681,12034.14453125,411.2283020019531,1.0204349756240845,1.0563730001449585,11018.1298828125,357.1436462402344,0.9926350116729736,0.9915390014648438,11758.7646484375,385.54986572265625,0.9965239763259888,0.9969000220298767,27410067336,18909744275,481496070,43620863810
2020-08-03,11246.3486328125,386.295166015625,1.0000510215759277,1.0014139413833618,11246.3486328125,386.295166015625,1.0000510215759277,1.0014139413833618,11453.0791015625,396.5069885253906,1.0028049945831299,1.0234869718551636,11012.4150390625,369.3363342285156,0.9928550124168396,0.9938910007476807,11043.7685546875,371.13385009765625,0.9975129961967468,0.997868001461029,20271713443,12834648062,370719446,29956228167
2020-08-04,11205.892578125,389.87548828125,1.0000499486923218,1.0003989934921265,11205.892578125,389.87548828125,1.0000499486923218,1.0003989934921265,11385.3818359375,400.70062255859375,1.0024739503860474,1.0071899890899658,11094.1455078125,382.985107421875,0.9980049729347229,0.9973840117454529,11246.203125,386.1564636230469,1.0000059604644775,1.0014359951019287,21250197042,14086704221,344445344,32423781475
2020-08-05,11747.0224609375,401.590576171875,1.0001280307769775,1.0030889511108398,11747.0224609375,401.590576171875,1.0001280307769775,1.0030889511108398,11786.6171875,406.303955078125,1.0024490356445312,1.0085070133209229,11158.28515625,386.2184753417969,0.9972339868545532,0.9995329976081848,11203.8232421875,389.7108154296875,1.0000300407409668,1.0001959800720215,24411254471,12875466638,351757028,33191883907
2020-08-06,11779.7734375,394.9619445800781,1.000236988067627,1.0001749992370605,11779.7734375,394.9619445800781,1.000236988067627,1.0001749992370605,11902.3359375,403.4886779785156,1.0015569925308228,1.006458044052124,11598.7138671875,392.6001892089844,0.9989839792251587,0.9993460178375244,11749.87109375,401.5838623046875,0.9999110102653503,1.003039002418518,23400740340,11304626458,338670829,32564418808
2020-08-07,11601.47265625,379.5128479003906,1.0002690553665161,1.0028460025787354,11601.47265625,379.5128479003906,1.0002690553665161,1.0028460025787354,11898.0380859375,398.2490234375,1.0039550065994263,1.015854001045227,11408.59375,367.9355163574219,0.9985849857330322,0.9980670213699341,11778.89453125,395.22686767578125,1.0001720190048218,1.0003340244293213,23132312867,12751687084,362226389,35097319459
2020-08-08,11754.0458984375,393.98736572265625,0.9994279742240906,1.0001640319824219,11754.0458984375,393.98736572265625,0.9994279742240906,1.0001640319824219,11800.064453125,393.98736572265625,1.0017739534378052,1.0086580514907837,11558.431640625,377.3497314453125,0.998416006565094,0.9992650151252747,11604.5537109375,379.55157470703125,1.0004349946975708,1.0028560161590576,17572057837,9342060531,334134858,25836510740
2020-08-09,11675.7392578125,391.1204528808594,1.0017600059509277,1.0031700134277344,11675.7392578125,391.1204528808594,1.0017600059509277,1.0031700134277344,11806.056640625,399.7370910644531,1.004457950592041,1.009511947631836,11548.7841796875,385.8307189941406,0.9978020191192627,0.9986180067062378,11737.3251953125,395.30523681640625,0.9992889761924744,0.9998279809951782,17489608833,9451065592,326988690,26113895986
2020-08-10,11878.111328125,395.8875732421875,1.0020719766616821,1.0010590553283691,11878.111328125,395.8875732421875,1.0020719766616821,1.0010590553283691,12045.140625,399.3759460449219,1.0146100521087646,1.0185060501098633,11662.2568359375,391.04150390625,0.9979900121688843,0.9992120265960693,11662.2568359375,391.04150390625,1.00176203250885,1.0044909715652466,26114112569,11685827893,405468663,36347245628
2020-08-11,11410.525390625,380.3840637207031,1.001999020576477,1.0036909580230713,11410.525390625,380.3840637207031,1.001999020576477,1.0036909580230713,11932.7109375,398.4789123535156,1.0064300298690796,1.0094079971313477,11195.708984375,370.8606262207031,0.9999629855155945,0.9969149827957153,11881.6474609375,395.89471435546875,1.0016659498214722,1.0005689859390259,27039782640,12792218737,421389774,39924390806
2020-08-12,11584.9345703125,391.024169921875,1.0041979551315308,1.0137909650802612,11584.9345703125,391.024169921875,1.0041979551315308,1.0137909650802612,11748.396484375,391.31231689453125,1.007681965827942,1.0243669748306274,11249.60546875,367.9236145019531,0.9974849820137024,0.9952089786529541,11404.5966796875,380.0638122558594,1.0019559860229492,1.0037449598312378,25064548486,12408772745,402384827,38419235281
2020-08-13,11784.1376953125,428.7417907714844,1.005012035369873,1.0202100276947021,11784.1376953125,428.7417907714844,1.005012035369873,1.0202100276947021,11796.396484375,432.90460205078125,1.008226990699768,1.023751974105835,11216.8720703125,379.71087646484375,0.9969149827957153,0.9984149932861328,11588.4052734375,390.8381042480469,1.0044000148773193,1.013306975364685,27522199497,18480303526,453460226,45360887997
2020-08-14,11768.87109375,437.3978271484375,0.9996050000190735,1.0010240077972412,11768.87109375,437.3978271484375,0.9996050000190735,1.0010240077972412,12150.994140625,444.5777587890625,1.0103260278701782,1.0259000062942505,11685.455078125,423.3458557128906,0.9960700273513794,0.9918140172958374,11772.6591796875,428.6772766113281,1.0051920413970947,1.0211249589920044,24237958589,15064589987,404192611,38417750789
2020-08-15,11865.6982421875,433.35491943359375,0.9989650249481201,1.0010319948196411,11865.6982421875,433.35491943359375,0.9989650249481201,1.0010319948196411,11963.203125,441.7546081542969,1.002845048904419,1.0100699663162231,11768.697265625,429.8746032714844,0.9961370229721069,0.9981489777565002,11768.697265625,437.56298828125,0.9996500015258789,1.0010030269622803,23354924400,12416067894,363887509,38681122091
2020-08-16,11892.8037109375,433.78662109375,0.9992660284042358,1.0018810033798218,11892.8037109375,433.78662109375,0.9992660284042358,1.0018810033798218,11934.9013671875,436.2658386230469,1.002601981163025,1.0085450410842896,11737.1884765625,415.08624267578125,0.994583010673523,0.9979079961776733,11866.685546875,433.3505859375,0.9989650249481201,1.0010930299758911,20583375490,12168816874,378056620,35603319606
2020-08-17,12254.40234375,429.53125,0.9980220198631287,1.0001109838485718,12254.40234375,429.53125,0.9980220198631287,1.0001109838485718,12359.056640625,442.7349853515625,1.0026299953460693,1.0166289806365967,11806.6962890625,422.64727783203125,0.9944220185279846,0.9966170191764832,11895.658203125,433.9737548828125,0.9992660284042358,1.0019069910049438,28227687027,13227089410,436462695,43047212745
2020-08-18,11991.2333984375,423.6693115234375,1.0013400316238403,1.0027199983596802,11991.2333984375,423.6693115234375,1.0013400316238403,1.0027199983596802,12335.70703125,432.5802917480469,1.0054949522018433,1.0094759464263916,11954.525390625,419.6741027832031,0.9956669807434082,0.9972389936447144,12251.8955078125,429.66961669921875,0.998166024684906,1.0000959634780884,26043227672,11978984079,415507652,40873174066
2020-08-19,11758.283203125,406.4637756347656,1.0015809535980225,1.0024080276489258,11758.283203125,406.4637756347656,1.0015809535980225,1.0024080276489258,12028.923828125,427.024658203125,1.0065590143203735,1.0098240375518799,11687.3330078125,396.6783447265625,0.9993230104446411,0.9987999796867371,11990.884765625,423.73858642578125,1.0008130073547363,1.0024230480194092,24502851117,13137391167,407521488,40666046435
2020-08-20,11878.3720703125,416.4397888183594,0.9997199773788452,1.0004090070724487,11878.3720703125,416.4397888183594,0.9997199773788452,1.0004090070724487,11900.4111328125,418.73443603515625,1.001852035522461,1.0034470558166504,11710.0634765625,404.0260925292969,0.9976639747619629,0.9988099932670593,11761.5,406.7589111328125,1.0016770362854004,1.0020630359649658,20175242945,10043032427,351261530,32746471325
2020-08-21,11592.4892578125,389.1263427734375,1.0024340152740479,1.0045490264892578,11592.4892578125,389.1263427734375,1.0024340152740479,1.0045490264892578,11899.259765625,418.6379699707031,1.004328966140747,1.0092509984970093,11564.9794921875,387.4411315917969,0.9976189732551575,0.9972310066223145,11878.0263671875,416.1487731933594,0.9997069835662842,1.001181960105896,23762425999,11781796374,402846713,41215985711
2020-08-22,11681.8251953125,395.83514404296875,0.9999390244483948,1.0009560585021973,11681.8251953125,395.83514404296875,0.9999390244483948,1.0009560585021973,11689.4072265625,396.4665832519531,1.0049870014190674,1.0094890594482422,11448.8056640625,382.81463623046875,0.9987930059432983,0.9990590214729309,11585.4775390625,389.0310974121094,1.0023020505905151,1.0043359994888306,20224191306,10131847985,336278907,32892342495
2020-08-23,11664.84765625,391.3844909667969,0.9994680285453796,1.0023449659347534,11664.84765625,391.3844909667969,0.9994680285453796,1.0023449659347534,11713.4296875,396.49041748046875,1.0017379522323608,1.0042649507522583,11559.9208984375,385.039794921875,0.9986389875411987,0.9981489777565002,11679.6962890625,395.5628356933594,1.0001620054244995,1.001263976097107,18482062658,8137303970,299959710,29187550605
2020-08-24,11774.595703125,408.1441955566406,1.0006300210952759,1.0019760131835938,11774.595703125,408.1441955566406,1.0006300210952759,1.0019760131835938,11807.6318359375,409.3885803222656,1.0017859935760498,1.004464030265808,11623.25,389.3146057128906,0.9975640177726746,0.9984880089759827,11663.689453125,391.6789855957031,0.9993990063667297,1.002640962600708,20681511755,10328860398,315086650,31794835157
2020-08-25,11366.134765625,384.00103759765625,1.0017069578170776,1.002364993095398,11366.134765625,384.00103759765625,1.0017069578170776,1.002364993095398,11778.2998046875,408.5279235839844,1.0066959857940674,1.013566017150879,11189.8505859375,374.3553771972656,0.9999520182609558,0.9989699721336365,11773.5888671875,408.0716857910156,1.0003570318222046,1.00199294090271,26301509932,12428442042,336440006,42567672036
2020-08-26,11488.36328125,386.46612548828125,1.0013920068740845,1.0018529891967773,11488.36328125,386.46612548828125,1.0013920068740845,1.0018529891967773,11530.052734375,391.8732604980469,1.002210021018982,1.0037260055541992,11296.9931640625,378.7058410644531,0.9992480278015137,0.9985259771347046,11366.89453125,383.9774475097656,1.001791000366211,1.002331018447876,22466660958,9967343483,307466693,37126595563
2020-08-27,11323.3974609375,382.63262939453125,1.0012890100479126,1.0022059679031372,11323.3974609375,382.63262939453125,1.0012890100479126,1.0022059679031372,11570.7861328125,395.34918212890625,1.002843976020813,1.007627010345459,11185.94140625,374.8664855957031,0.9993559718132019,0.9967319965362549,11485.6083984375,386.60986328125,1.0010559558868408,1.0027450323104858,23240415076,10457777652,319885737,38341362890
2020-08-28,11542.5,395.8746643066406,1.0017069578170776,1.0020359754562378,11542.5,395.8746643066406,1.0017069578170776,1.0020359754562378,11545.615234375,397.75762939453125,1.0027389526367188,1.0047060251235962,11316.4228515625,381.2738342285156,0.9998930096626282,0.9993669986724854,11325.2958984375,382.62957763671875,1.0016030073165894,1.0017869472503662,19807127588,9120674421,330211751,31740187752
2020-08-29,11506.865234375,399.9214782714844,1.0026040077209473,1.0028239488601685,11506.865234375,399.9214782714844,1.0026040077209473,1.0028239488601685,11585.640625,405.6163635253906,1.0037709474563599,1.0050979852676392,11466.29296875,393.03741455078125,1.0001089572906494,1.0000940561294556,11541.0546875,395.6875915527344,1.0014820098876953,1.001768946647644,17485597759,8777703481,321728690,31070541135
2020-08-30,11711.505859375,428.3957214355469,1.0012550354003906,1.0011730194091797,11711.505859375,428.3957214355469,1.0012550354003906,1.0011730194091797,11715.2646484375,428.6639709472656,1.0059529542922974,1.0051870346069336,11492.3818359375,399.6083679199219,0.9977380037307739,0.9985820055007935,11508.7138671875,399.61669921875,1.0025980472564697,1.0035710334777832,19760127945,11211948040,384070993,36153398644
2020-08-31,11680.8203125,435.0797424316406,1.0039089918136597,1.0031909942626953,11680.8203125,435.0797424316406,1.0039089918136597,1.0031909942626953,11768.876953125,438.5603332519531,1.00558602809906,1.005687952041626,11598.318359375,419.7701721191406,0.998134970664978,0.9988179802894592,11713.306640625,428.5090026855469,1.0007829666137695,1.0008000135421753,22285928250,12774741797,388657503,37949635827
2020-09-01,11970.478515625,477.0519104003906,1.0011860132217407,1.0039570331573486,11970.478515625,477.0519104003906,1.0011860132217407,1.0039570331573486,12067.0810546875,487.2118835449219,1.0076090097427368,1.0061759948730469,11601.12890625,432.0791931152344,0.9979559779167175,0.9979559779167175,11679.31640625,434.87445068359375,1.0036489963531494,1.0030560493469238,27311555343,18862763756,478155175,49809584105
2020-09-02,11414.0341796875,440.0404968261719,1.0001909732818604,1.0018279552459717,11414.0341796875,440.0404968261719,1.0001909732818604,1.0018279552459717,11964.8232421875,480.33099365234375,1.0062609910964966,1.0182230472564697,11290.7939453125,424.46002197265625,0.9970710277557373,0.9979900121688843,11964.8232421875,477.00787353515625,1.0005079507827759,1.0028539896011353,28037405299,19691854014,545699500,52855722597
2020-09-03,10245.296875,385.67193603515625,1.0030310153961182,1.0054949522018433,10245.296875,385.67193603515625,1.0030310153961182,1.0054949522018433,11443.0224609375,449.532470703125,1.0079580545425415,1.02908194065094,10182.46484375,381.12969970703125,0.9982420206069946,0.9916200041770935,11407.19140625,440.239990234375,1.0008349418640137,1.0013619661331177,31927261555,19622845896,569632814,57562780194
2020-09-04,10511.8134765625,388.24114990234375,1.0034589767456055,1.0036859512329102,10511.8134765625,388.24114990234375,1.0034589767456055,1.0036859512329102,10663.919921875,402.4117431640625,1.010545015335083,1.018913984298706,10207.9404296875,371.6366882324219,0.997156023979187,0.9923110008239746,10230.365234375,384.671630859375,1.004201054573059,1.0074219703674316,29965130374,16747106257,549725309,55525478963
2020-09-05,10169.5673828125,335.26007080078125,1.0047329664230347,1.0001510381698608,10169.5673828125,335.26007080078125,1.0047329664230347,1.0001510381698608,10581.5712890625,394.1722717285156,1.0148290395736694,1.0203039646148682,9946.67578125,316.77435302734375,1.0010789632797241,0.993340015411377,10512.5302734375,388.03839111328125,1.0037569999694824,1.0036489963531494,44916565292,29880047640,591701985,78154159842
2020-09-06,10280.3515625,353.3622741699219,1.00108003616333,1.0028380155563354,10280.3515625,353.3622741699219,1.00108003616333,1.0028380155563354,10353.927734375,359.7640380859375,1.008301019668579,1.006930947303772,10056.8857421875,319.0419006347656,0.9974690079689026,0.9954320192337036,10167.216796875,335.3345642089844,1.0047329664230347,1.0011650323867798,37071460174,27643678917,447289979,66315625008
2020-09-07,10369.5634765625,352.6734924316406,1.001541018486023,1.0005370378494263,10369.5634765625,352.6734924316406,1.001541018486023,1.0005370378494263,10399.1533203125,358.2118835449219,1.0057929754257202,1.0078790187835693,9916.4931640625,326.2543640136719,0.9992679953575134,0.9934700131416321,10280.998046875,353.45025634765625,1.0017260313034058,1.0029720067977905,33703098409,21763614732,465106040,59139010478
2020-09-08,10131.5166015625,337.60211181640625,1.0034940242767334,1.0010249614715576,10131.5166015625,337.60211181640625,1.0034940242767334,1.0010249614715576,10414.775390625,355.5628662109375,1.0064430236816406,1.0074249505996704,9945.1103515625,328.8167724609375,0.9957919716835022,0.9903259873390198,10369.306640625,353.2022705078125,1.0016299486160278,1.0000790357589722,33430927462,17991403432,437692971,56334310286
2020-09-09,10242.34765625,351.1100158691406,1.001889944076538,1.002102017402649,10242.34765625,351.1100158691406,1.001889944076538,1.002102017402649,10350.54296875,359.16448974609375,1.004899024963379,1.006574034690857,10017.2509765625,332.1650085449219,0.999580979347229,0.9980930089950562,10134.1513671875,337.8249206542969,1.003620982170105,1.0008620023727417,24128292755,14547933520,453341080,42234198845
2020-09-10,10363.138671875,368.1018981933594,1.0027409791946411,1.0014569759368896,10363.138671875,368.1018981933594,1.0027409791946411,1.0014569759368896,10503.912109375,377.3935852050781,1.011409044265747,1.0099159479141235,10238.1357421875,351.11175537109375,0.9981319904327393,0.9945999979972839,10242.330078125,351.4293212890625,1.0020489692687988,1.0017590522766113,54406443211,31421134556,430412791,52111960702
2020-09-11,10400.9150390625,374.6955871582031,1.0015109777450562,1.0015170574188232,10400.9150390625,374.6955871582031,1.0015109777450562,1.0015170574188232,10434.9228515625,376.6304016113281,1.0103479623794556,1.0121179819107056,10140.8369140625,355.58258056640625,0.9960730075836182,0.9923059940338135,10369.0283203125,368.1184997558594,1.0027409791946411,1.0009779930114746,45201121775,27296269329,412149370,46009434500
2020-09-12,10442.1708984375,387.18310546875,1.0017169713974,1.0013070106506348,10442.1708984375,387.18310546875,1.0017169713974,1.0013070106506348,10578.837890625,387.5384521484375,1.0104180574417114,1.0130690336227417,10292.38671875,367.8421936035156,1.0001269578933716,0.997937023639679,10409.861328125,374.59539794921875,1.0014179944992065,1.0010709762573242,36750077324,13295405814,366444889,43506381696
2020-09-13,10323.755859375,365.57000732421875,1.001317024230957,0.9992129802703857,10323.755859375,365.57000732421875,1.001317024230957,0.9992129802703857,10577.21484375,388.9598083496094,1.007220983505249,1.0074729919433594,10224.330078125,354.3401794433594,0.9994159936904907,0.9957559704780579,10452.3994140625,387.519287109375,1.001971960067749,1.0011630058288574,36506852789,15005899191,406389837,46330693824
2020-09-14,10680.837890625,377.26885986328125,1.001939058303833,1.0012890100479126,10680.837890625,377.26885986328125,1.001939058303833,1.0012890100479126,10800.0107421875,384.4851989746094,1.011639952659607,1.013685941696167,10266.0087890625,357.56976318359375,0.9969959855079651,0.9939810037612915,10328.734375,365.6995849609375,1.0012630224227905,0.9989510178565979,35453581940,17536695361,477277457,49936255991
2020-09-15,10796.951171875,364.8392028808594,1.0,1.0024869441986084,10796.951171875,364.8392028808594,1.0,1.0024869441986084,10938.6318359375,381.50830078125,1.0038269758224487,1.0063070058822632,10656.4599609375,363.6068115234375,0.9990170001983643,0.9987969994544983,10677.7548828125,377.1540222167969,1.00198495388031,1.001484990119934,32509451925,16140584321,406597604,49718173930
2020-09-16,10974.9052734375,365.8122863769531,0.9979730248451233,1.003443956375122,10974.9052734375,365.8122863769531,0.9979730248451233,1.003443956375122,11100.1240234375,372.7674255371094,1.0020970106124878,1.0068260431289673,10704.884765625,356.6827392578125,0.9966700077056885,0.9993550181388855,10797.76171875,364.7439880371094,1.0005359649658203,1.002498984336853,30769986455,16107612177,425437479,50682289026
2020-09-17,10948.990234375,389.01922607421875,1.0004290342330933,1.001878023147583,10948.990234375,389.01922607421875,1.0004290342330933,1.001878023147583,11037.4208984375,393.901611328125,1.0025620460510254,1.0053499937057495,10774.6279296875,364.7951354980469,0.996097981929779,0.9990170001983643,10973.251953125,365.86578369140625,0.9979760050773621,1.003811001777649,38151810523,19899531080,457241421,51695424541
2020-09-18,10944.5859375,384.3645324707031,0.9996410012245178,0.9995020031929016,10944.5859375,384.3645324707031,0.9996410012245178,0.9995020031929016,11034.908203125,391.9041442871094,1.0410020351409912,1.0173579454421997,10829.6572265625,376.9649963378906,0.9884639978408813,0.997177004814148,10951.8203125,389.3374938964844,1.0003559589385986,1.0013099908828735,26341903912,14108357740,442248343,47248825663
2020-09-19,11094.3466796875,385.54437255859375,1.0013999938964844,1.0020170211791992,11094.3466796875,385.54437255859375,1.0013999938964844,1.0020170211791992,11134.0927734375,387.07635498046875,1.0038059949874878,1.0055160522460938,10909.6181640625,378.72406005859375,0.9974300265312195,0.9969769716262817,10933.7529296875,384.0416564941406,0.998769998550415,1.0016930103302002,22764204008,11049507684,372786315,37361830219
2020-09-20,10938.271484375,371.0528259277344,1.001181960105896,1.002653956413269,10938.271484375,371.0528259277344,1.001181960105896,1.002653956413269,11095.8701171875,385.5979919433594,1.0035370588302612,1.0076210498809814,10814.4775390625,367.0943603515625,0.9994239807128906,0.9969140291213989,11095.8701171875,385.5979919433594,1.0015640258789062,1.0022469758987427,24699523788,12292195784,380417648,39841903146
2020-09-21,10462.259765625,341.78607177734375,1.001842975616455,1.003262996673584,10462.259765625,341.78607177734375,1.001842975616455,1.003262996673584,10988.3046875,375.7370300292969,1.006842017173767,1.0083400011062622,10380.2607421875,336.0689697265625,0.999688982963562,0.996662974357605,10934.92578125,371.400146484375,1.0011769533157349,1.001886010169983,28884999244,17398267133,452203611,51961935426
2020-09-22,10538.4599609375,344.503173828125,1.0002599954605103,1.0014439821243286,10538.4599609375,344.503173828125,1.0002599954605103,1.0014439821243286,10568.0771484375,346.600830078125,1.0024759769439697,1.0067410469055176,10382.7265625,336.85504150390625,0.9993420243263245,0.9985889792442322,10459.6240234375,341.72381591796875,1.0019309520721436,1.0033979415893555,23621787804,12732578043,343552519,38413876677
2020-09-23,10246.1865234375,321.1163024902344,1.0009959936141968,1.0009230375289917,10246.1865234375,321.1163024902344,1.0009959936141968,1.0009230375289917,10537.828125,344.67138671875,1.0020480155944824,1.0025349855422974,10197.865234375,318.9692077636719,1.0002440214157104,0.9995430111885071,10535.4921875,344.58990478515625,1.000491976737976,1.0007580518722534,23788661867,12899346599,570244649,43424219416
2020-09-24,10760.06640625,349.3555908203125,1.000223994255066,1.0012680292129517,10760.06640625,349.3555908203125,1.000223994255066,1.0012680292129517,10771.056640625,351.46148681640625,1.0016629695892334,1.0017369985580444,10231.490234375,318.54510498046875,1.000223994255066,0.9993559718132019,10248.7861328125,320.9850158691406,1.0009469985961914,1.0009469985961914,47144380902,15714304470,485569424,45065266037
2020-09-25,10692.716796875,352.1832580566406,1.0003600120544434,1.0014679431915283,10692.716796875,352.1832580566406,1.0003600120544434,1.0014679431915283,10777.6962890625,357.7727355957031,1.0005919933319092,1.002416968345642,10578.9140625,339.01593017578125,1.0001460313796997,0.9999240040779114,10761.109375,349.41143798828125,1.0002650022506714,1.0012229681015015,39348590957,14381086966,454308022,41889632698
2020-09-26,10750.7236328125,355.48809814453125,1.0005630254745483,1.0018320083618164,10750.7236328125,355.48809814453125,1.0005630254745483,1.0018320083618164,10772.9990234375,355.8547668457031,1.0006979703903198,1.0030620098114014,10667.28125,348.10711669921875,1.0002299547195435,1.0007200241088867,10695.5751953125,352.35089111328125,1.000432014465332,1.0014569759368896,46852525493,13049148579,403554372,37079804018
2020-09-27,10775.26953125,357.4385070800781,1.000473976135254,1.0014859437942505,10775.26953125,357.4385070800781,1.000473976135254,1.0014859437942505,10803.9765625,361.9844055175781,1.0007109642028809,1.0040220022201538,10622.921875,349.8340759277344,1.0003490447998047,0.9998199939727783,10746.892578125,354.95989990234375,1.0005630254745483,1.002074956893921,53745972818,13598126926,372960063,36832675909
2020-09-28,10709.65234375,355.159423828125,1.0001250505447388,1.0011210441589355,10709.65234375,355.159423828125,1.0001250505447388,1.0011210441589355,10945.34765625,366.4321594238281,1.0007829666137695,1.0027179718017578,10703.8935546875,354.5476379394531,0.999987006187439,0.9999619722366333,10776.61328125,357.9259338378906,1.000473976135254,1.0012789964675903,47762394731,14258455166,394663533,42448311096
2020-09-29,10844.640625,359.75738525390625,1.0005509853363037,1.0008540153503418,10844.640625,359.75738525390625,1.0005509853363037,1.0008540153503418,10860.0009765625,360.3533630371094,1.0008690357208252,1.0019899606704712,10649.4951171875,352.1468505859375,1.0000770092010498,1.0004069805145264,10709.650390625,354.3630065917969,1.0003139972686768,1.0012420415878296,46582396602,11600013236,270605261,37215776820
2020-09-30,10784.4912109375,359.9378662109375,1.0005639791488647,1.00136399269104,10784.4912109375,359.9378662109375,1.0005639791488647,1.00136399269104,10847.2568359375,361.17877197265625,1.0007870197296143,1.0015759468078613,10669.3212890625,353.32794189453125,1.0002449750900269,1.0002249479293823,10843.87109375,360.03851318359375,1.0005520582199097,1.0008189678192139,44171073700,11818610610,292596570,36326500299
2020-10-01,10619.4521484375,353.2059020996094,1.000815987586975,1.0006990432739258,10619.4521484375,353.2059020996094,1.000815987586975,1.0006990432739258,10933.6240234375,369.264404296875,1.0010759830474854,1.003311038017273,10472.3564453125,346.47705078125,1.000236988067627,0.9997410178184509,10795.2548828125,360.30914306640625,1.000566005706787,1.001505970954895,40023134100,14679481911,487472949,44191606929
2020-10-02,10575.974609375,346.2389221191406,1.0004969835281372,1.0010490417480469,10575.974609375,346.2389221191406,1.0004969835281372,1.0010490417480469,10657.837890625,354.11541748046875,1.0012669563293457,1.0027209520339966,10416.689453125,336.4671630859375,1.000419020652771,1.0003859996795654,10619.8212890625,352.9496765136719,1.000815987586975,1.0006810426712036,48661453918,14215390463,465525692,43341045659
2020-10-03,10549.3291015625,346.5220947265625,1.0009729862213135,1.0011080503463745,10549.3291015625,346.5220947265625,1.0009729862213135,1.0011080503463745,10598.9404296875,351.3077087402344,1.0011179447174072,1.001528024673462,10511.1298828125,344.66656494140625,1.000385046005249,1.0008820295333862,10575.1005859375,346.2186279296875,1.0005630254745483,1.001054048538208,44660271563,10060167889,238468460,29434211991
2020-10-04,10669.5830078125,352.5790100097656,1.0003689527511597,1.001358985900879,10669.5830078125,352.5790100097656,1.0003689527511597,1.001358985900879,10686.0,354.0457458496094,1.0025739669799805,1.0016859769821167,10534.3916015625,345.1310119628906,1.0003199577331543,1.001114010810852,10550.4404296875,346.60223388671875,1.0009740591049194,1.001114010810852,71251776995,10696959020,241403386,30365398041
2020-10-05,10793.33984375,353.956787109375,1.0004719495773315,1.0008660554885864,10793.33984375,353.956787109375,1.0004719495773315,1.0008660554885864,10793.5078125,355.2140808105469,1.0014359951019287,1.001878023147583,10634.6005859375,349.6799011230469,1.0001729726791382,1.0004860162734985,10676.529296875,352.73681640625,1.0003679990768433,1.0013600587844849,47537578009,11809507622,360918052,33618477224
2020-10-06,10604.40625,340.81585693359375,1.0008829832077026,1.0004479885101318,10604.40625,340.81585693359375,1.0008829832077026,1.0004479885101318,10797.578125,354.989013671875,1.0011399984359741,1.0009230375289917,10528.890625,338.0032958984375,1.000285029411316,1.0004149675369263,10796.306640625,353.95648193359375,1.0004489421844482,1.0008779764175415,42623695307,12830796112,425031250,43474684779
2020-10-07,10668.96875,341.80865478515625,1.000167965888977,1.0007070302963257,10668.96875,341.80865478515625,1.000167965888977,1.0007070302963257,10680.5078125,342.4508361816406,1.0013949871063232,1.0008569955825806,10562.5068359375,334.5455627441406,0.9966710209846497,1.0000180006027222,10603.35546875,340.9430847167969,1.0008809566497803,1.0004370212554932,37799458436,11929918060,374254318,34832780084
2020-10-08,10915.685546875,350.7661437988281,1.000430941581726,1.0012520551681519,10915.685546875,350.7661437988281,1.000430941581726,1.0012520551681519,10945.7373046875,352.21148681640625,1.0011769533157349,1.0014289617538452,10562.6064453125,335.6474914550781,0.999813973903656,1.0004479885101318,10669.37109375,342.0446472167969,1.0001649856567383,1.000709056854248,63314794397,13461017711,299815037,40437506638
2020-10-09,11064.4580078125,365.5904846191406,1.0007270574569702,1.0011800527572632,11064.4580078125,365.5904846191406,1.0007270574569702,1.0011800527572632,11102.671875,368.3103332519531,1.001507043838501,1.001492977142334,10846.8505859375,348.2058410644531,1.000309944152832,1.0009289979934692,10927.9130859375,351.1128845214844,1.0004290342330933,1.0012069940567017,22799117613,13043501763,327727313,40570731731
2020-10-10,11296.361328125,370.96759033203125,1.0002909898757935,1.0008840560913086,11296.361328125,370.96759033203125,1.0002909898757935,1.0008840560913086,11442.2109375,378.26715087890625,1.000797986984253,1.0013560056686401,11056.9404296875,365.3540344238281,1.000182032585144,1.0007740259170532,11059.142578125,365.4024658203125,1.0004069805145264,1.0011470317840576,22877978588,13618484324,427180195,41298643279
2020-10-11,11384.181640625,375.1420593261719,1.00075101852417,1.0007339715957642,11384.181640625,375.1420593261719,1.00075101852417,1.0007339715957642,11428.8134765625,377.2467956542969,1.0008389949798584,1.0012609958648682,11288.6279296875,369.8280334472656,1.0002219676971436,1.0005110502243042,11296.08203125,370.9284362792969,1.0002909898757935,1.0009310245513916,19968627060,12584512533,403861256,36190854082
2020-10-12,11555.36328125,387.73126220703125,1.0003910064697266,1.0013020038604736,11555.36328125,387.73126220703125,1.0003910064697266,1.0013020038604736,11698.4677734375,395.1221618652344,1.0011399984359741,1.001315951347351,11240.6865234375,366.642333984375,1.0001840591430664,1.0005979537963867,11392.6357421875,374.7987365722656,1.0007059574127197,1.0007840394973755,26163972642,15867455424,416476986,45422749776
2020-10-13,11425.8994140625,381.1907653808594,1.0004299879074097,1.0011110305786133,11425.8994140625,381.1907653808594,1.0004299879074097,1.0011110305786133,11548.984375,387.37567138671875,1.0007870197296143,1.0013580322265625,11321.224609375,375.58245849609375,1.0000590085983276,1.0008410215377808,11548.7197265625,387.1429443359375,1.000391960144043,1.0012999773025513,24241420251,14226744838,387594913,41852256541
2020-10-14,11429.5068359375,379.4840393066406,1.000802993774414,1.0010069608688354,11429.5068359375,379.4840393066406,1.000802993774414,1.0010069608688354,11539.9775390625,387.2961730957031,1.0010230541229248,1.0013240575790405,11307.8310546875,374.1750183105469,1.000229001045227,1.0007660388946533,11429.0478515625,381.9714660644531,1.0004299879074097,1.0011030435562134,24103426719,13918846567,409435371,42676684541
2020-10-15,11495.349609375,377.44183349609375,1.0004520416259766,1.0007959604263306,11495.349609375,377.44183349609375,1.0004520416259766,1.0007959604263306,11569.9140625,381.2087707519531,1.0011940002441406,1.0011579990386963,11303.603515625,371.3541259765625,1.0000970363616943,1.0006860494613647,11426.6025390625,379.1922302246094,1.000864028930664,1.0009959936141968,24487233058,14964182545,391984913,40681227712
2020-10-16,11322.123046875,366.22900390625,1.000643014907837,1.0010470151901245,11322.123046875,366.22900390625,1.000643014907837,1.0010470151901245,11540.0615234375,380.0215148925781,1.001641035079956,1.0011130571365356,11223.0126953125,362.597412109375,1.0002690553665161,1.0005669593811035,11502.828125,377.8684997558594,1.0004240274429321,1.000849962234497,25635480772,14670784817,395543365,42355198410
2020-10-17,11358.1015625,368.8559265136719,1.0004440546035767,1.0006970167160034,11358.1015625,368.8559265136719,1.0004440546035767,1.0006970167160034,11386.26171875,369.76812744140625,1.0009700059890747,1.0012710094451904,11285.345703125,364.489013671875,1.000236988067627,1.0006059408187866,11322.123046875,366.0157165527344,1.0004470348358154,1.000920057296753,19130430174,10951115359,333120960,31063236700
2020-10-18,11483.359375,378.21368408203125,1.000430941581726,1.0007840394973755,11483.359375,378.21368408203125,1.000430941581726,1.0007840394973755,11483.359375,378.59765625,1.0008080005645752,1.0009440183639526,11347.578125,368.129150390625,1.0001699924468994,1.0006029605865479,11355.982421875,368.7275390625,1.0004080533981323,1.0007150173187256,18283314340,11047103109,307862058,29893695719
2020-10-19,11742.037109375,379.93560791015625,1.0006380081176758,1.0008529424667358,11742.037109375,379.93560791015625,1.0006380081176758,1.0008529424667358,11799.0927734375,383.3176574707031,1.000931978225708,1.0010679960250854,11408.2900390625,373.7022705078125,1.000270962715149,1.0003759860992432,11495.0380859375,378.4696350097656,1.0003219842910767,1.0007740259170532,23860769928,12811242092,413360977,35567986142
2020-10-20,11916.3349609375,369.13690185546875,1.0004390478134155,1.000985026359558,11916.3349609375,369.13690185546875,1.0004390478134155,1.000985026359558,11999.91796875,380.7610168457031,1.0006920099258423,1.0011210441589355,11681.48046875,367.60107421875,1.0002249479293823,1.0004609823226929,11745.974609375,379.7196960449219,1.0004140138626099,1.0007840394973755,30915821592,13741586582,465386778,43872844120
2020-10-21,12823.689453125,392.1899719238281,0.9999560117721558,1.0018340349197388,12823.689453125,392.1899719238281,0.9999560117721558,1.0018340349197388,13184.56640625,400.62725830078125,1.0008679628372192,1.002153992652893,11900.9287109375,368.72796630859375,0.9989240169525146,1.000741958618164,11913.0771484375,369.0594177246094,1.000430941581726,1.000978946685791,43414712626,20241324322,604292164,60904084735
2020-10-22,12965.8916015625,413.7729797363281,0.9999930262565613,1.0010910034179688,12965.8916015625,413.7729797363281,0.9999930262565613,1.0010910034179688,13161.59375,420.14166259765625,1.0002880096435547,1.0020029544830322,12717.09375,391.27630615234375,0.9997010231018066,1.0008269548416138,12801.6357421875,391.4886169433594,0.9999769926071167,1.0019229650497437,34729759598,15772846485,576937506,51457694149
2020-10-23,12931.5390625,409.7666931152344,1.0003130435943604,1.0006569623947144,12931.5390625,409.7666931152344,1.0003130435943604,1.0006569623947144,13015.9619140625,418.9599304199219,1.0007179975509644,1.0012849569320679,12752.6474609375,403.08203125,0.999800980091095,1.0004680156707764,12971.548828125,414.05133056640625,1.0000180006027222,1.0010689496994019,28974975003,14256222052,437724211,45364336403
2020-10-24,13108.0625,412.4576110839844,0.9999279975891113,1.0009089708328247,13108.0625,412.4576110839844,0.9999279975891113,1.0009089708328247,13145.06640625,416.59967041015625,1.0010379552841187,1.0013129711151123,12885.7470703125,407.8517150878906,0.9998660087585449,1.0006309747695923,12931.57421875,409.7672424316406,1.0003130435943604,1.0006569623947144,24542317940,12201739194,398566286,38024192721
2020-10-25,13031.173828125,406.2177734375,1.000195026397705,1.0007209777832031,13031.173828125,406.2177734375,1.000195026397705,1.0007209777832031,13329.18359375,417.1592102050781,1.000430941581726,1.0012869834899902,12910.0615234375,405.35064697265625,0.9997959733009338,1.0006990432739258,13108.0634765625,412.4576416015625,0.9999279975891113,1.0009089708328247,24406920575,10890207469,402083347,37992408340
2020-10-26,13075.248046875,393.8883056640625,1.000175952911377,1.00095796585083,13075.248046875,393.8883056640625,1.000175952911377,1.00095796585083,13225.2978515625,411.2798767089844,1.0005079507827759,1.0011650323867798,12822.3828125,383.78289794921875,0.9978370070457458,1.0004969835281372,13031.201171875,406.2179870605469,1.000195026397705,1.0007209777832031,29461458313,15155684229,3320438919,53856600950
2020-10-27,13654.21875,403.9970397949219,0.9999949932098389,1.0002230405807495,13654.21875,403.9970397949219,0.9999949932098389,1.0002230405807495,13759.6689453125,409.7728576660156,1.0005420446395874,1.0009770393371582,13060.837890625,390.60845947265625,0.9996060132980347,1.0001829862594604,13075.2421875,393.88818359375,1.000175952911377,1.00095796585083,33749878156,13940434102,458104673,50594554703
2020-10-28,13271.28515625,388.6507568359375,1.000082015991211,1.0003399848937988,13271.28515625,388.6507568359375,1.000082015991211,1.0003399848937988,13837.6953125,408.9647521972656,1.0005600452423096,1.0005500316619873,12932.2509765625,381.1463317871094,0.9999290108680725,1.0000590085983276,13654.21484375,403.9971008300781,0.9999949932098389,1.0002230405807495,35867318895,15276441134,528512165,54295663450
2020-10-29,13437.8828125,386.7301025390625,1.0001460313796997,1.0003490447998047,13437.8828125,386.7301025390625,1.0001460313796997,1.0003490447998047,13612.0478515625,393.2276916503906,1.000430941581726,1.0006920099258423,12980.0595703125,381.28875732421875,0.999705970287323,1.000033974647522,13271.298828125,388.65106201171875,1.000082015991211,1.0003399848937988,56499499598,12920477749,470459196,45899362605
2020-10-30,13546.5224609375,382.8199768066406,1.0002650022506714,1.0009039640426636,13546.5224609375,382.8199768066406,1.0002650022506714,1.0009039640426636,13651.5166015625,391.4647216796875,1.0006589889526367,1.0010910034179688,13136.1982421875,375.0924072265625,1.000087022781372,1.0001599788665771,13437.8740234375,386.7302551269531,1.0001460313796997,1.0003490447998047,30581485201,13688056970,431217496,48310061722
2020-10-31,13780.9951171875,386.59033203125,1.0002779960632324,1.0002000331878662,13780.9951171875,386.59033203125,1.0002779960632324,1.0002000331878662,14028.2138671875,393.0101318359375,1.0003290176391602,1.0009210109710693,13457.5302734375,381.2952575683594,0.9998300075531006,1.0001260042190552,13546.5322265625,382.8200378417969,1.0002650022506714,1.0009039640426636,30306464719,11276963426,373758762,42514424089
2020-11-01,13737.109375,396.3581848144531,1.0003039836883545,1.000378966331482,13737.109375,396.3581848144531,1.0003039836883545,1.000378966331482,13862.033203125,397.1161193847656,1.0004719495773315,1.000538945198059,13628.3779296875,385.16552734375,0.9997090101242065,1.0001200437545776,13780.9951171875,386.59033203125,1.0002779960632324,1.0002000331878662,24453857900,10475146018,351799541,34361640768
2020-11-02,13550.4892578125,383.15673828125,1.0002679824829102,1.0005229711532593,13550.4892578125,383.15673828125,1.0002679824829102,1.0005229711532593,13808.3232421875,403.2407531738281,1.0008349418640137,1.0006519556045532,13243.16015625,381.01763916015625,0.9996449947357178,1.0000940561294556,13737.0322265625,396.3559875488281,1.0003039836883545,1.000378966331482,30771455468,13997574252,441571379,47077503200
2020-11-03,13950.30078125,387.6021728515625,0.9999719858169556,1.0005520582199097,13950.30078125,387.6021728515625,0.9999719858169556,1.0005520582199097,13984.9814453125,389.515380859375,1.0005500316619873,1.0007719993591309,13325.44140625,371.312744140625,0.9999719858169556,0.9999290108680725,13550.451171875,383.1560363769531,1.0002679824829102,1.0005229711532593,29869951617,12588494762,442283090,45019168827
2020-11-04,14133.70703125,402.1419982910156,1.0003479719161987,1.0010789632797241,14133.70703125,402.1419982910156,1.0003479719161987,1.0010789632797241,14218.7666015625,407.6656494140625,1.0004539489746094,1.001127004623413,13580.4716796875,377.8276062011719,0.9998930096626282,1.0000460147857666,13950.48828125,387.60321044921875,0.9999719858169556,1.0005520582199097,35116364962,15126077675,472844826,51351488942
2020-11-05,15579.8486328125,414.0673522949219,0.9999880194664001,1.0004199743270874,15579.8486328125,414.0673522949219,0.9999880194664001,1.0004199743270874,15706.404296875,417.52593994140625,1.0009419918060303,1.0011190176010132,14102.0888671875,397.2458190917969,0.9998340010643005,1.0003759860992432,14133.7333984375,402.1429443359375,1.0003479719161987,1.0010789632797241,40856321439,15440711038,539340014,50361326125
2020-11-06,15565.880859375,454.71929931640625,1.0001410245895386,1.0002959966659546,15565.880859375,454.71929931640625,1.0001410245895386,1.0002959966659546,15903.4375,456.20062255859375,1.0004140138626099,1.0008050203323364,15226.83984375,412.9822998046875,0.9994840025901794,0.9996140003204346,15579.7294921875,414.06671142578125,0.9999880194664001,1.0004199743270874,39837841971,16738305610,591081548,52898738178
2020-11-07,14833.75390625,435.713134765625,1.0001009702682495,1.0015759468078613,14833.75390625,435.713134765625,1.0001009702682495,1.0015759468078613,15737.095703125,465.67547607421875,1.0007870197296143,1.0018470287322998,14423.203125,428.45635986328125,0.989995002746582,1.000108003616333,15565.880859375,454.7225646972656,1.0001410245895386,1.0002959966659546,35024953706,18873289788,557991189,56226369647
2020-11-08,15479.5673828125,453.5547790527344,0.9999570250511169,1.000846028327942,15479.5673828125,453.5547790527344,0.9999570250511169,1.000846028327942,15637.3203125,457.78045654296875,1.0009959936141968,1.0017770528793335,14744.1103515625,433.1537780761719,0.9996070265769958,1.0004539489746094,14833.75390625,435.71881103515625,1.0001009702682495,1.0015759468078613,26632075029,11292383601,476614619,36518314883
2020-11-09,15332.3154296875,444.1630554199219,0.9999319911003113,1.0006530284881592,15332.3154296875,444.1630554199219,0.9999319911003113,1.0006530284881592,15785.13671875,457.349609375,1.0004769563674927,1.0013970136642456,14865.529296875,435.16387939453125,0.998885989189148,1.0005040168762207,15479.595703125,453.57415771484375,0.9999570250511169,1.000846028327942,34149115566,13704320630,622091070,46110330836
2020-11-10,15290.90234375,449.67962646484375,1.0003249645233154,1.001127004623413,15290.90234375,449.67962646484375,1.0003249645233154,1.001127004623413,15450.3291015625,453.75836181640625,1.0005069971084595,1.0012919902801514,15124.9599609375,439.6001281738281,0.9994739890098572,1.000357985496521,15332.3505859375,444.1663818359375,0.9999319911003113,1.0006530284881592,25574938143,12090381666,343661075,38577912936
2020-11-11,15701.33984375,462.9605407714844,1.0001499652862549,1.000985026359558,15701.33984375,462.9605407714844,1.0001499652862549,1.000985026359558,15916.2607421875,473.578857421875,1.0004630088806152,1.0014539957046509,15290.0068359375,449.5249328613281,0.9997439980506897,1.0007970333099365,15290.9091796875,449.6796569824219,1.0003249645233154,1.001127004623413,29772374934,14075403511,485540181,42668662479
2020-11-12,16276.34375,461.0052795410156,0.9992070198059082,1.0005090236663818,16276.34375,461.0052795410156,0.9992070198059082,1.0005090236663818,16305.00390625,467.6778259277344,1.0004030466079712,1.0014359951019287,15534.771484375,452.0724182128906,0.9990789890289307,1.0004210472106934,15701.298828125,462.95953369140625,1.0001499652862549,1.000985026359558,34175758344,12877327234,537060492,43616955783
2020-11-13,16317.80859375,474.6264343261719,1.0000120401382446,1.00034499168396,16317.80859375,474.6264343261719,1.0000120401382446,1.00034499168396,16463.177734375,475.2172546386719,1.0003139972686768,1.0010700225830078,15992.15234375,457.2982482910156,0.9990630149841309,1.000188946723938,16276.4404296875,461.0054931640625,0.9992070198059082,1.0005090236663818,31599492172,13191505725,540727846,43464032776
2020-11-14,16068.138671875,460.14984130859375,1.000223994255066,1.0002880096435547,16068.138671875,460.14984130859375,1.000223994255066,1.0002880096435547,16317.80859375,475.16143798828125,1.000349998474121,1.0005650520324707,15749.193359375,452.986083984375,0.9994670152664185,0.999305009841919,16317.80859375,474.6264343261719,1.0000120401382446,1.00034499168396,27481710135,10312037942,449535541,37625148237
2020-11-15,15955.587890625,447.55908203125,1.000167965888977,1.000646948814392,15955.587890625,447.55908203125,1.000167965888977,1.000646948814392,16123.1103515625,460.99407958984375,1.000285029411316,1.000810980796814,15793.5341796875,440.25433349609375,0.9998019933700562,0.9999939799308777,16068.1396484375,460.14990234375,1.000223994255066,1.0002880096435547,23653867583,10308617165,283637646,34845215193
2020-11-16,16716.111328125,459.9403076171875,1.0001620054244995,1.0004119873046875,16716.111328125,459.9403076171875,1.0001620054244995,1.0004119873046875,16816.181640625,463.8310241699219,1.0003819465637207,1.0009210109710693,15880.7060546875,445.5016174316406,0.9994310140609741,1.0002089738845825,15955.5771484375,447.5589904785156,1.000167965888977,1.000646948814392,31526766675,11441239444,512767433,43959721427
2020-11-17,17645.40625,480.3600769042969,1.0000760555267334,1.0008399486541748,17645.40625,480.3600769042969,1.0000760555267334,1.0008399486541748,17782.919921875,482.2322082519531,1.0002700090408325,1.0008670091629028,16564.544921875,460.776611328125,0.9982609748840332,0.9998329877853394,16685.69140625,464.4066467285156,0.9999489784240723,1.0004429817199707,39006849170,14593057877,580963624,55094987084
2020-11-18,17804.005859375,479.48406982421875,1.000120997428894,1.0003989934921265,17804.005859375,479.48406982421875,1.000120997428894,1.0003989934921265,18393.94921875,491.9999084472656,1.000851035118103,1.0013409852981567,17352.90625,465.8309631347656,0.9998509883880615,1.0000089406967163,17645.19140625,480.3468322753906,1.0000760555267334,1.0008399486541748,49064800278,17880199224,656269397,68784549701
2020-11-19,17817.08984375,471.63043212890625,1.0001879930496216,1.0007810592651367,17817.08984375,471.63043212890625,1.0001879930496216,1.0007810592651367,18119.546875,480.1217346191406,1.0004760026931763,1.0008280277252197,17382.5546875,465.7042541503906,0.9999070167541504,0.9998670220375061,17803.861328125,479.48101806640625,1.000120997428894,1.0003989934921265,36985055355,12473929218,494516423,53334422091
2020-11-20,18621.314453125,509.74456787109375,1.000038981437683,1.000427007675171,18621.314453125,509.74456787109375,1.000038981437683,1.000427007675171,18773.2265625,513.6103515625,1.000702977180481,1.0008620023727417,17765.794921875,471.6314697265625,0.9997239708900452,1.0002119541168213,17817.083984375,471.6314697265625,1.0001879930496216,1.0007810592651367,36992873940,18629943296,566516098,58285960281
2020-11-21,18642.232421875,549.4866333007812,0.9999920129776001,0.9988740086555481,18642.232421875,549.4866333007812,0.9999920129776001,0.9988740086555481,18936.62109375,550.2274169921875,1.000236988067627,1.0004990100860596,18444.359375,504.2377624511719,0.9994109869003296,0.9986389875411987,18621.31640625,509.7445983886719,1.000038981437683,1.000427007675171,39650210707,20757099184,617179131,77062206041
2020-11-22,18370.001953125,558.068115234375,0.9999780058860779,0.9992030262947083,18370.001953125,558.068115234375,0.9999780058860779,0.9992030262947083,18688.96875,579.3724975585938,1.0003000497817993,1.0004589557647705,17671.384765625,514.5172119140625,0.9982770085334778,0.9980210065841675,18642.232421875,549.4866333007812,0.9999920129776001,0.9988740086555481,41280434226,21967049601,612750450,80187383235
2020-11-23,18364.12109375,608.4540405273438,0.9998199939727783,1.0000920295715332,18364.12109375,608.4540405273438,0.9998199939727783,1.0000920295715332,18711.42578125,609.9876098632812,1.0003249645233154,1.0006790161132812,18000.796875,551.2652587890625,0.9985120296478271,0.9990580081939697,18370.017578125,558.0595092773438,0.9999780058860779,0.9992030262947083,42741112308,27272302872,684467515,85808045491
2020-11-24,19107.46484375,603.8977661132812,0.9998300075531006,0.9998080134391785,19107.46484375,603.8977661132812,0.9998300075531006,0.9998080134391785,19348.271484375,621.1734008789062,1.0003750324249268,1.0010830163955688,18128.65625,593.8351440429688,0.9967880249023438,0.9988340139389038,18365.015625,608.5227661132812,0.9998369812965393,1.000156044960022,51469565009,23281758100,767726663,99911012514
2020-11-25,18732.12109375,570.6866455078125,1.00005304813385,1.00005304813385,18732.12109375,570.6866455078125,1.00005304813385,1.00005304813385,19390.96484375,605.0941772460938,1.0002919435501099,1.001168966293335,18581.146484375,559.67138671875,0.995639979839325,0.999455988407135,19104.41015625,603.9020385742188,0.9998300075531006,0.9998049736022949,43710357371,20088492893,684764089,86889311262
2020-11-26,17150.623046875,518.8011474609375,1.0002349615097046,1.0020350217819214,17150.623046875,518.8011474609375,1.0002349615097046,1.0020350217819214,18866.28515625,575.6414794921875,1.001304030418396,1.0024080276489258,16351.03515625,485.497314453125,0.9996179938316345,0.9996240139007568,18729.83984375,570.514892578125,1.00005304813385,1.000020980834961,61396835737,31104004592,1029792049,114616849233
2020-11-27,17108.40234375,517.4937133789062,1.000769019126892,1.0011999607086182,17108.40234375,517.4937133789062,1.000769019126892,1.0011999607086182,17445.0234375,530.7771606445312,1.00108003616333,1.0021120309829712,16526.423828125,497.24261474609375,0.999813973903656,1.0006639957427979,17153.9140625,519.1080932617188,1.0002349615097046,1.0019550323486328,38886494645,16831105703,579819717,71012323469
2020-11-28,17717.4140625,538.2297973632812,1.0000430345535278,1.001001000404358,17717.4140625,538.2297973632812,1.0000430345535278,1.001001000404358,17853.939453125,548.0448608398438,1.0008599758148193,1.0015829801559448,16910.65234375,508.1253662109375,0.9999030232429504,1.000898003578186,17112.93359375,517.5973510742188,1.000769019126892,1.0011810064315796,32601040734,14770243833,505337859,59622219575
2020-11-29,18177.484375,575.758056640625,1.000072956085205,1.0008900165557861,18177.484375,575.758056640625,1.000072956085205,1.0008900165557861,18283.62890625,576.6024169921875,1.0002729892730713,1.001338005065918,17559.1171875,531.987548828125,0.9995229840278625,1.0005990266799927,17719.634765625,538.2645874023438,1.0000430345535278,1.0009809732437134,31133957704,15017517758,469745856,56283936388
2020-11-30,19625.8359375,614.842529296875,1.0001920461654663,1.0003770589828491,19625.8359375,614.842529296875,1.0001920461654663,1.0003770589828491,19749.263671875,615.2405395507812,1.000480055809021,1.0011670589447021,18178.322265625,571.5377807617188,0.9996629953384399,0.9999799728393555,18178.322265625,575.757080078125,1.000072956085205,1.0009280443191528,47728480399,20276867833,707506103,78422057481
2020-12-01,18802.998046875,587.3241577148438,1.0002269744873047,1.0013229846954346,18802.998046875,587.3241577148438,1.0002269744873047,1.0013229846954346,19845.974609375,635.1605834960938,1.0008180141448975,1.0018279552459717,18321.921875,571.7539672851562,0.9998999834060669,0.9997439980506897,19633.76953125,615.0703125,1.0001920461654663,1.0003689527511597,49633658712,27178964465,791656264,91231924619
2020-12-02,19201.091796875,598.3523559570312,1.0000519752502441,1.0006710290908813,19201.091796875,598.3523559570312,1.0000519752502441,1.0006710290908813,19308.330078125,604.0224609375,1.00081205368042,1.0015339851379395,18347.71875,578.7410278320312,0.9990019798278809,1.0002440214157104,18801.744140625,587.2615966796875,1.0002269744873047,1.0013350248336792,37387697139,16883292129,659579565,65320503081
2020-12-03,19445.3984375,616.708740234375,0.9999880194664001,1.0008399486541748,19445.3984375,616.708740234375,0.9999880194664001,1.0008399486541748,19566.19140625,622.4526977539062,1.0006229877471924,1.0012010335922241,18925.78515625,588.3463745117188,0.9995970129966736,1.0003900527954102,19205.92578125,598.459228515625,1.0000519752502441,1.0005340576171875,31930317405,16146190946,613512931,53438971741
2020-12-04,18699.765625,569.3541870117188,1.0000540018081665,1.000236988067627,18699.765625,569.3541870117188,1.0000540018081665,1.000236988067627,19511.404296875,618.983154296875,1.0004370212554932,1.0012129545211792,18697.193359375,569.2835083007812,0.9995650053024292,0.9999269843101501,19446.966796875,616.7227783203125,0.9999880194664001,1.0008289813995361,33872388058,16337589997,616718869,57391362137
2020-12-05,19154.23046875,596.595458984375,1.0000239610671997,1.0005450248718262,19154.23046875,596.595458984375,1.0000239610671997,1.0005450248718262,19160.44921875,596.595458984375,1.0003349781036377,1.0007920265197754,18590.193359375,563.1066284179688,0.9996529817581177,0.9999819993972778,18698.384765625,569.34765625,1.0000540018081665,1.0002059936523438,27242455064,13498010566,528929182,46459783524
2020-12-06,19345.12109375,601.9089965820312,1.0002700090408325,1.001202940940857,19345.12109375,601.9089965820312,1.0002700090408325,1.001202940940857,19390.5,606.7919311523438,1.000427007675171,1.001291036605835,18897.89453125,584.4117431640625,0.99993497133255,1.000309944152832,19154.1796875,596.5686645507812,1.0000250339508057,1.0005749464035034,25293775714,11290893016,500125499,41702527218
2020-12-07,19191.630859375,591.8433837890625,1.0000079870224,1.0005710124969482,19191.630859375,591.8433837890625,1.0000079870224,1.0005710124969482,19411.828125,602.9179077148438,1.0005170106887817,1.001263976097107,18931.142578125,585.4286499023438,0.9999690055847168,1.000241994857788,19343.12890625,601.797119140625,1.0002700090408325,1.0011910200119019,26896357742,10720480962,503390382,41553114205
2020-12-08,18321.14453125,554.8277587890625,1.0001020431518555,0.999705970287323,18321.14453125,554.8277587890625,1.0001020431518555,0.999705970287323,19283.478515625,594.7515869140625,1.0008649826049805,1.0006389617919922,18269.9453125,552.46923828125,0.9997209906578064,0.999504029750824,19191.529296875,591.9008178710938,1.0000079870224,1.0005179643630981,31692288756,14398919320,624652067,51018510966
2020-12-09,18553.916015625,573.4791259765625,1.0007890462875366,1.000383973121643,18553.916015625,573.4791259765625,1.0007890462875366,1.000383973121643,18626.29296875,577.2883911132812,1.00894296169281,1.0012810230255127,17935.546875,532.9984130859375,0.9999020099639893,0.9995790123939514,18320.884765625,554.7929077148438,1.0001020431518555,0.9997410178184509,34420373071,15855915840,661526815,58645762362
2020-12-10,18264.9921875,559.6785278320312,1.0000460147857666,1.0002529621124268,18264.9921875,559.6785278320312,1.0000460147857666,1.0002529621124268,18553.298828125,574.6001586914062,1.0009080171585083,1.000717043876648,17957.064453125,549.7840576171875,0.9999200105667114,0.9997169971466064,18553.298828125,573.5040283203125,1.0007519721984863,1.0003750324249268,25547132265,11672582040,386067664,42906892986
2020-12-11,18058.904296875,545.79736328125,0.9999930262565613,1.000458002090454,18058.904296875,545.79736328125,0.9999930262565613,1.000458002090454,18268.453125,560.376708984375,1.0013660192489624,1.000519037246704,17619.533203125,537.8116455078125,0.997871994972229,0.9996849894523621,18263.9296875,559.67919921875,1.0000460147857666,1.0002470016479492,27919640985,11098819124,575419053,46855379778
2020-12-12,18803.65625,568.5673217773438,1.0000009536743164,1.0004639625549316,18803.65625,568.5673217773438,1.0000009536743164,1.0004639625549316,18919.55078125,573.3394165039062,1.0006129741668701,1.000933051109314,18046.041015625,545.24560546875,0.9943339824676514,1.0003509521484375,18051.3203125,545.5785522460938,0.9999930262565613,1.0004609823226929,21752580802,8534557897,372750751,37175152958
2020-12-13,19142.3828125,589.6632080078125,0.999888002872467,0.9999520182609558,19142.3828125,589.6632080078125,0.999888002872467,0.9999520182609558,19381.53515625,593.78125,1.0005179643630981,1.0006510019302368,18734.33203125,564.5659790039062,0.9995899796485901,0.9998390078544617,18806.765625,568.60986328125,1.0000009536743164,1.0004500150680542,25450468637,9070377862,544392773,39919658599
2020-12-14,19246.64453125,586.0111694335938,0.9999719858169556,0.9999319911003113,19246.64453125,586.0111694335938,0.9999719858169556,0.9999319911003113,19305.099609375,590.4929809570312,1.0004440546035767,1.0004140138626099,19012.708984375,577.118408203125,0.9998000264167786,0.9996489882469177,19144.4921875,589.782470703125,0.999888002872467,0.9999420046806335,22473997681,8125837102,511228529,34855969067
2020-12-15,19417.076171875,589.3555908203125,1.0002319812774658,1.0009169578552246,19417.076171875,589.3555908203125,1.0002319812774658,1.0009169578552246,19525.0078125,596.2477416992188,1.0004500150680542,1.0011320114135742,19079.841796875,580.6287841796875,0.9998660087585449,0.9998760223388672,19246.919921875,586.0217895507812,1.000072956085205,0.9999319911003113,26741982541,9326645840,558700049,41060539775
2020-12-16,21310.59765625,636.1818237304688,0.9998660087585449,0.9999790191650391,21310.59765625,636.1818237304688,0.9998660087585449,0.9999790191650391,21458.908203125,636.6403198242188,1.0006810426712036,1.0021779537200928,19298.31640625,582.0391235351562,0.9993680119514465,0.9976850152015686,19418.818359375,589.378662109375,1.0001749992370605,1.0009180307388306,44409011479,15817248373,777969586,65892006749
2020-12-17,22805.162109375,642.8689575195312,0.9998289942741394,0.9998379945755005,22805.162109375,642.8689575195312,0.9998289942741394,0.9998379945755005,23642.66015625,673.834228515625,1.0001709461212158,1.0005090236663818,21234.67578125,628.7493896484375,0.9984490275382996,0.9977179765701294,21308.3515625,636.1541748046875,0.9998019933700562,1.0000009536743164,71378606374,25479532147,1292144145,107057692974
2020-12-18,23137.9609375,654.8119506835938,0.9998970031738281,1.0008679628372192,23137.9609375,654.8119506835938,0.9998970031738281,1.0008679628372192,23238.6015625,662.6990966796875,1.00027596950531,1.000938057899475,22399.8125,632.3560791015625,0.999646008014679,0.9995589852333069,22806.796875,642.9169921875,0.999763011932373,0.9998440146446228,40387896275,15756303983,794460442,68567341447
2020-12-19,23869.83203125,659.2979125976562,0.9999600052833557,1.0004990100860596,23869.83203125,659.2979125976562,0.9999600052833557,1.0004990100860596,24085.85546875,668.7695922851562,1.0002859830856323,1.0012309551239014,22826.47265625,646.6162109375,0.9996399879455566,1.000440001487732,23132.865234375,654.6242065429688,0.9998970031738281,1.0008729696273804,38487546580,12830893778,749344674,59773866553
2020-12-20,23477.294921875,638.2908325195312,0.9998930096626282,0.9996430277824402,23477.294921875,638.2908325195312,0.9998930096626282,0.9996430277824402,24209.66015625,659.9237060546875,1.0001300573349,1.0005110502243042,23147.7109375,625.0144653320312,0.9997190237045288,0.9995139837265015,23861.765625,659.18505859375,0.9999600052833557,1.0004600286483765,37844228422,13375855442,730501642,62633975828
2020-12-21,22803.08203125,609.81787109375,0.9998660087585449,0.9998270273208618,22803.08203125,609.81787109375,0.9998660087585449,0.9998270273208618,24059.982421875,646.8465576171875,1.0003279447555542,1.0001980066299438,22159.3671875,600.8360595703125,0.9989839792251587,0.9982879757881165,23474.455078125,638.315185546875,0.9998930096626282,0.9996680021286011,45852713981,14419493621,835998783,70204823309
2020-12-22,23783.029296875,634.8541870117188,0.9999709725379944,0.9996410012245178,23783.029296875,634.8541870117188,0.9999709725379944,0.9996410012245178,23789.90234375,635.0765991210938,1.0017509460449219,1.0003390312194824,22430.60546875,589.552001953125,0.99959397315979,0.9988570213317871,22794.0390625,609.4205322265625,0.9998660087585449,0.9999279975891113,44171632681,14745890080,1004407433,72277839948
2020-12-23,23241.345703125,583.714599609375,0.9999390244483948,0.999426007270813,23241.345703125,583.714599609375,0.9999390244483948,0.999426007270813,24024.490234375,637.122802734375,1.000872015953064,1.0002260208129883,22802.646484375,560.3642578125,0.9996780157089233,0.9990739822387695,23781.974609375,634.8245849609375,0.9999709725379944,0.9996870160102844,51146161904,15261413038,994946010,85019037325
2020-12-24,23735.94921875,611.607177734375,1.000074028968811,0.9999309778213501,23735.94921875,611.607177734375,1.000074028968811,0.9999309778213501,23768.337890625,613.815185546875,1.0003050565719604,1.0000100135803223,22777.59765625,568.5963745117188,0.9994779825210571,0.9978929758071899,23240.203125,584.1356201171875,0.9999079704284668,0.9993990063667297,41080759713,14317413703,822668329,70696999694
2020-12-25,24664.791015625,626.4107055664062,1.000190019607544,1.000167965888977,24664.791015625,626.4107055664062,1.000190019607544,1.000167965888977,24710.1015625,633.0614013671875,1.000404953956604,1.000277042388916,23463.673828125,605.4244384765625,0.9996899962425232,0.9991999864578247,23733.5703125,611.5545654296875,1.000148057937622,0.999908983707428,42068395846,13520927700,768443745,69379207764
2020-12-26,26437.037109375,635.8358154296875,0.9997329711914062,0.9984809756278992,26437.037109375,635.8358154296875,0.9997329711914062,0.9984809756278992,26718.0703125,650.721435546875,1.0004760026931763,1.0002110004425049,24522.689453125,617.402099609375,0.9993489980697632,0.9983180165290833,24677.015625,626.498046875,1.000190019607544,1.0002110004425049,48332647295,14761125202,837782777,70249332948
2020-12-27,26272.294921875,682.642333984375,1.0000790357589722,0.9988539814949036,26272.294921875,682.642333984375,1.0000790357589722,0.9988539814949036,28288.83984375,711.3935546875,1.0002210140228271,0.999144971370697,25922.76953125,628.3349609375,0.9921770095825195,0.9964889883995056,26439.373046875,635.8871459960938,0.9998030066490173,0.998462975025177,66479895605,26093552821,1168083151,95264858228
2020-12-28,27084.80859375,730.3973388671875,1.0001009702682495,0.9986029863357544,27084.80859375,730.3973388671875,1.0001009702682495,0.9986029863357544,27389.111328125,745.8777465820312,1.0003550052642822,0.9992390275001526,26207.640625,683.205810546875,0.999504029750824,0.9973239898681641,26280.822265625,683.205810546875,1.0000790357589722,0.9988330006599426,49056742893,24222565862,1037472251,76757036205
2020-12-29,27362.4375,731.5201416015625,0.9999780058860779,0.9985899925231934,27362.4375,731.5201416015625,0.9999780058860779,0.9985899925231934,27370.720703125,737.952880859375,1.0010930299758911,0.9990540146827698,25987.298828125,692.1494140625,0.9986159801483154,0.9983710050582886,27081.810546875,730.3587036132812,1.0001009702682495,0.9986140131950378,45265946774,18710683199,1102774805,76792619209
2020-12-30,28840.953125,751.6189575195312,1.0000109672546387,1.0002750158309937,28840.953125,751.6189575195312,1.0000109672546387,1.0002750158309937,28937.740234375,754.30322265625,1.0004550218582153,1.0003999471664429,27360.08984375,720.9888916015625,0.9994440078735352,0.9985859990119934,27360.08984375,731.4728393554688,1.000046968460083,0.9986349940299988,51287442704,17294574210,1158073232,72666964921
2020-12-31,29001.720703125,737.8034057617188,0.9998070001602173,1.0005979537963867,29001.720703125,737.8034057617188,0.9998070001602173,1.0005979537963867,29244.876953125,754.2994384765625,1.0004069805145264,1.0007519721984863,28201.9921875,726.5119018554688,0.9995070099830627,0.9994620084762573,28841.57421875,751.6266479492188,1.0000109672546387,1.0002909898757935,46754964848,13926846861,1099562416,61468463255
2021-01-01,29374.15234375,730.3675537109375,0.9998229742050171,1.0019160509109497,29374.15234375,730.3675537109375,0.9998229742050171,1.0019160509109497,29600.626953125,749.2018432617188,1.000290036201477,1.0020519495010376,28803.5859375,719.792236328125,0.9995419979095459,1.000607967376709,28994.009765625,737.7083740234375,0.9998070001602173,1.000614047050476,40730301359,13652004358,944050095,60509986287
2021-01-02,32127.267578125,774.5349731445312,1.0001620054244995,1.000599980354309,32127.267578125,774.5349731445312,1.0001620054244995,1.000599980354309,33155.1171875,786.7984619140625,1.000324010848999,1.0019910335540771,29091.181640625,718.1094970703125,0.9970970153808594,0.9995409846305847,29376.455078125,730.4026489257812,0.9998959898948669,1.0018880367279053,67865420765,19740771179,1679209330,87333964442
2021-01-03,32782.0234375,975.5076904296875,0.9997360110282898,1.000514030456543,32782.0234375,975.5076904296875,0.9997360110282898,1.000514030456543,34608.55859375,1006.5650024414062,1.0006099939346313,1.0019019842147827,32052.31640625,771.5616455078125,0.9984049797058105,0.9991689920425415,32129.408203125,774.5118408203125,1.0001670122146606,1.000427007675171,78665235202,45200463368,1828596899,120425679796
2021-01-04,31971.9140625,1040.2330322265625,0.9993720054626465,1.0001280307769775,31971.9140625,1040.2330322265625,0.9993720054626465,1.0001280307769775,33440.21875,1153.189208984375,1.000491976737976,1.0029939413070679,28722.755859375,912.3053588867188,0.9987509846687317,0.9994300007820129,32810.94921875,977.058837890625,0.9996240139007568,1.000499963760376,81163475344,56945985763,2201035267,125906387011
2021-01-05,33992.4296875,1100.006103515625,0.9997490048408508,1.002202033996582,33992.4296875,1100.006103515625,0.9997490048408508,1.002202033996582,34437.58984375,1129.3714599609375,1.0002690553665161,1.002832055091858,30221.1875,986.811279296875,0.9987069964408875,0.9998440146446228,31977.041015625,1041.498779296875,0.9994249939918518,1.0001740455627441,67547324782,41535932781,1662321027,101918715244
2021-01-06,36824.36328125,1207.1121826171875,0.9996809959411621,1.001528024673462,36824.36328125,1207.1121826171875,0.9996809959411621,1.001528024673462,36879.69921875,1209.4285888671875,1.000082015991211,1.0028250217437744,33514.03515625,1064.2333984375,0.9978709816932678,0.999567985534668,34013.61328125,1101.0050048828125,0.9997490048408508,1.0022289752960205,75289433811,44699914188,1791474728,116105139289
2021-01-07,39371.04296875,1225.6781005859375,0.9979119896888733,1.0003999471664429,39371.04296875,1225.6781005859375,0.9979119896888733,1.0003999471664429,40180.3671875,1282.57958984375,1.000319004058838,1.002573013305664,36491.19140625,1167.443115234375,0.9976540207862854,0.9990699887275696,36833.875,1208.078369140625,0.9996809959411621,1.0014480352401733,84762141031,40468027280,2265386969,129467601516
2021-01-08,40797.609375,1224.1971435546875,0.9996839761734009,1.0000449419021606,40797.609375,1224.1971435546875,0.9996839761734009,1.0000449419021606,41946.73828125,1273.8275146484375,1.0022449493408203,1.0011780261993408,36838.63671875,1076.08154296875,0.9979079961776733,0.9991350173950195,39381.765625,1225.9678955078125,0.9979100227355957,1.0003650188446045,88107519480,44334826666,2236539817,131555961745
2021-01-09,40254.546875,1281.0772705078125,0.9997770190238953,1.0029469728469849,40254.546875,1281.0772705078125,0.9997770190238953,1.0029469728469849,41436.3515625,1303.871826171875,1.0007820129394531,1.0031570196151733,38980.875,1182.2703857421875,0.9993240237236023,0.9996370077133179,40788.640625,1223.740478515625,0.9996839761734009,1.0000139474868774,61984162837,33233105361,1553771951,103292241007
2021-01-10,38356.44140625,1262.2467041015625,1.0000900030136108,1.0002230405807495,38356.44140625,1262.2467041015625,1.0000900030136108,1.0002230405807495,41420.19140625,1347.9261474609375,1.0013489723205566,1.002925992012024,35984.62890625,1194.715576171875,0.9994419813156128,0.9985399842262268,40254.21875,1280.87109375,0.9998369812965393,1.0029239654541016,79980747690,40616938053,1917152178,135437984723
2021-01-11,35566.65625,1090.1453857421875,0.9999510049819946,1.000586986541748,35566.65625,1090.1453857421875,0.9999510049819946,1.000586986541748,38346.53125,1261.6229248046875,1.003255009651184,1.0010900497436523,30549.599609375,924.922607421875,0.9998340010643005,0.9939529895782471,38346.53125,1261.6229248046875,1.0000900030136108,1.0002520084381104,123320567399,60733630300,3166658513,180779058885
2021-01-12,33922.9609375,1043.4345703125,1.0005979537963867,1.0004140138626099,33922.9609375,1043.4345703125,1.0005979537963867,1.0004140138626099,36568.52734375,1149.240234375,1.0010360479354858,1.0012890100479126,32697.9765625,1012.76416015625,0.999459981918335,0.9990280270576477,35516.359375,1088.5267333984375,0.9999629855155945,1.0005919933319092,74773277909,37494601692,1934826250,117509616511
2021-01-13,37316.359375,1130.7393798828125,0.9998109936714172,1.0000170469284058,37316.359375,1130.7393798828125,0.9998109936714172,1.0000170469284058,37599.9609375,1134.3385009765625,1.0019830465316772,1.0010600090026855,32584.66796875,994.549072265625,0.9995099902153015,0.9992259740829468,33915.12109375,1043.740966796875,1.0005979537963867,1.0004910230636597,69364315979,30109792795,1739625823,98217076295
2021-01-14,39187.328125,1218.4530029296875,1.0001150369644165,0.9989640116691589,39187.328125,1218.4530029296875,1.0001150369644165,0.9989640116691589,39966.40625,1244.1630859375,1.0006450414657593,1.0008699893951416,36868.5625,1093.060791015625,0.9993759989738464,0.9989219903945923,37325.109375,1130.231201171875,0.999809980392456,1.0000200271606445,63615990033,33410915929,1810728488,97567813514
2021-01-15,36825.3671875,1171.8345947265625,1.0000849962234497,0.999845027923584,36825.3671875,1171.8345947265625,1.0000849962234497,0.999845027923584,39577.7109375,1250.505859375,1.0007840394973755,1.0001670122146606,34659.58984375,1090.7210693359375,0.999642014503479,0.9985640048980713,39156.70703125,1221.877197265625,1.0001169443130493,0.99897700548172,67760757881,35972039310,1630000401,112214718054
2021-01-16,36178.140625,1233.53759765625,1.000133991241455,1.000195026397705,36178.140625,1233.53759765625,1.000133991241455,1.000195026397705,37864.3671875,1290.0535888671875,1.0009549856185913,1.001531958580017,35633.5546875,1157.623779296875,0.9996880292892456,0.9994239807128906,36821.6484375,1171.443115234375,1.0000859498977661,0.9998350143432617,57706187875,32319240157,1671304227,101603530718
2021-01-17,35791.27734375,1230.1722412109375,1.0004550218582153,1.0004140138626099,35791.27734375,1230.1722412109375,1.0004550218582153,1.0004140138626099,36722.3515625,1265.6446533203125,1.0004980564117432,1.0007230043411255,34069.3203125,1174.3885498046875,0.9998490214347839,0.9992120265960693,36163.6484375,1233.453369140625,1.000133991241455,1.0002269744873047,52359854336,29258032819,1463914697,91132972168
2021-01-18,36630.07421875,1257.279541015625,1.000566005706787,1.0008039474487305,36630.07421875,1257.279541015625,1.000566005706787,1.0008039474487305,37299.28515625,1259.4500732421875,1.0008059740066528,1.0011320114135742,34883.84375,1187.31103515625,1.0000200271606445,0.9998409748077393,35792.23828125,1230.313232421875,1.0004680156707764,1.0004119873046875,49511702429,25817455560,1412016575,81024209658
2021-01-19,36069.8046875,1377.2958984375,1.0000410079956055,1.0004359483718872,36069.8046875,1377.2958984375,1.0000410079956055,1.0004359483718872,37755.890625,1432.300048828125,1.0018099546432495,1.0022759437561035,36069.8046875,1254.52294921875,0.9999679923057556,1.0000920295715332,36642.234375,1257.4345703125,1.000566005706787,1.000769019126892,57244195486,47195935190,2019188111,103734629698
2021-01-20,35547.75,1382.2740478515625,0.9999769926071167,1.0006860494613647,35547.75,1382.2740478515625,0.9999769926071167,1.0006860494613647,36378.328125,1405.744140625,1.0003290176391602,1.0008549690246582,33570.4765625,1243.2999267578125,0.9995080232620239,0.9988610148429871,36050.11328125,1375.2484130859375,0.9999920129776001,1.000412940979004,66834573161,46784030909,1814079623,115893865966
2021-01-21,30825.69921875,1121.5709228515625,1.000419020652771,0.9996960163116455,30825.69921875,1121.5709228515625,1.000419020652771,0.9996960163116455,35552.6796875,1382.6844482421875,1.0007810592651367,1.0008189678192139,30250.75,1098.4761962890625,0.9997100234031677,0.9981439709663391,35549.3984375,1382.6844482421875,0.9999769926071167,1.0006970167160034,75643067688,45932464754,1853154939,125636003892
2021-01-22,33005.76171875,1236.51220703125,1.0002750158309937,1.0013500452041626,33005.76171875,1236.51220703125,1.0002750158309937,1.0013500452041626,33811.8515625,1271.6876220703125,1.0012290477752686,1.0016109943389893,28953.373046875,1046.5965576171875,0.9997739791870117,0.9992600083351135,30817.625,1118.8890380859375,1.000419020652771,0.999754011631012,77207272511,43918338506,2196461508,121548669235
2021-01-23,32067.642578125,1230.9906005859375,1.0000059604644775,1.0005550384521484,32067.642578125,1230.9906005859375,1.0000059604644775,1.0005550384521484,33360.9765625,1272.151123046875,1.0003540515899658,1.0019069910049438,31493.16015625,1200.893310546875,0.9998940229415894,1.000480055809021,32985.7578125,1235.2679443359375,1.000277042388916,1.0013619661331177,48354737975,27253895441,1287925958,80722167203
2021-01-24,32289.37890625,1391.609375,1.0001620054244995,1.0014170408248901,32289.37890625,1391.609375,1.0001620054244995,1.0014170408248901,32944.0078125,1395.111328125,1.001350998878479,1.0031269788742065,31106.685546875,1225.2740478515625,0.9997559785842896,1.00027596950531,32064.376953125,1231.2105712890625,1.0000059604644775,1.0005550384521484,48643830599,36418163554,1335242694,84413124756
2021-01-25,32366.392578125,1324.414794921875,1.0000439882278442,0.9999709725379944,32366.392578125,1324.414794921875,1.0000439882278442,0.9999709725379944,34802.7421875,1467.784912109375,1.0005309581756592,1.0020699501037598,32087.787109375,1304.9739990234375,0.9999150037765503,0.9996510148048401,32285.798828125,1390.639892578125,1.0002000331878662,1.0014539957046509,59897054838,43565777745,1637162641,101158851200
2021-01-26,32569.849609375,1357.05810546875,1.0000699758529663,1.0010809898376465,32569.849609375,1357.05810546875,1.0000699758529663,1.0010809898376465,32794.55078125,1376.0850830078125,1.0007150173187256,1.0018260478973389,31030.265625,1253.34033203125,0.9999150037765503,0.9999160170555115,32358.61328125,1323.74169921875,1.0000439882278442,0.9999529719352722,60255421470,41572917750,1584592377,101647526020
2021-01-27,30432.546875,1253.1871337890625,1.0000180006027222,1.0017640590667725,30432.546875,1253.1871337890625,1.0000180006027222,1.0017640590667725,32564.029296875,1368.0740966796875,1.0018819570541382,1.0022039413452148,29367.138671875,1215.311279296875,0.9993540048599243,1.0004069805145264,32564.029296875,1358.3333740234375,1.0000699758529663,1.0011019706726074,62576762015,39394416990,1674268317,105901637306
2021-01-28,33466.09765625,1332.4921875,0.9995779991149902,1.0015430450439453,33466.09765625,1332.4921875,0.9995779991149902,1.0015430450439453,33858.3125,1356.2886962890625,1.0002609491348267,1.002336025238037,30023.20703125,1226.1739501953125,0.9992570281028748,1.0007649660110474,30441.041015625,1251.27978515625,1.0000040531158447,1.0017739534378052,76517157706,34637234789,1532598984,104090387181
2021-01-29,34316.38671875,1382.5228271484375,0.9999709725379944,1.0004860162734985,34316.38671875,1382.5228271484375,0.9999709725379944,1.0004860162734985,38406.26171875,1428.981201171875,1.000838041305542,1.003222942352295,32064.814453125,1292.2401123046875,0.9984710216522217,1.0000079870224,34318.671875,1369.0867919921875,0.9989060163497925,1.0012969970703125,117894572511,53611955259,2410429032,183670639698
2021-01-30,34269.5234375,1376.115478515625,1.000025987625122,1.001242995262146,34269.5234375,1376.115478515625,1.000025987625122,1.001242995262146,34834.70703125,1402.3997802734375,1.000359058380127,1.0013329982757568,32940.1875,1328.529052734375,0.9997220039367676,0.9999110102653503,34295.93359375,1382.23193359375,0.9999330043792725,1.0004830360412598,65141828798,30616574234,1443344471,115648742489
2021-01-31,33114.359375,1314.9862060546875,0.9999610185623169,1.0008080005645752,33114.359375,1314.9862060546875,0.9999610185623169,1.0008080005645752,34288.33203125,1378.916015625,1.0002319812774658,1.001312017440796,32270.17578125,1288.5015869140625,0.9995819926261902,1.0002620220184326,34270.87890625,1376.8236083984375,0.9999600052833557,1.0012199878692627,52754542671,25198853581,1245897595,101327508212
2021-02-01,33537.17578125,1369.04052734375,0.9999459981918335,1.0006450414657593,33537.17578125,1369.04052734375,0.9999459981918335,1.0006450414657593,34638.21484375,1373.8458251953125,1.0001859664916992,1.001162052154541,32384.228515625,1274.3577880859375,0.9991809725761414,0.9996979832649231,33114.578125,1314.855224609375,1.0000710487365723,1.000838041305542,61400400660,29210670920,1456048772,117812471778
2021-02-02,35510.2890625,1515.1937255859375,1.0004210472106934,1.0014270544052124,35510.2890625,1515.1937255859375,1.0004210472106934,1.0014270544052124,35896.8828125,1542.990966796875,1.0007339715957642,1.0017850399017334,33489.21875,1362.771240234375,0.9994069933891296,1.0003670454025269,33533.19921875,1369.505126953125,0.9998859763145447,1.0006450414657593,63088585433,45437142801,1750372396,112355343051
2021-02-03,37472.08984375,1660.9095458984375,0.9997509717941284,1.0010130405426025,37472.08984375,1660.9095458984375,0.9997509717941284,1.0010130405426025,37480.1875,1660.9095458984375,1.0009469985961914,1.0023260116577148,35443.984375,1510.01025390625,0.9995489716529846,1.0007859468460083,35510.8203125,1514.7696533203125,1.0004210472106934,1.0013890266418457,61166818159,41874566399,1827257483,106216534834
2021-02-04,36926.06640625,1594.7626953125,0.9997410178184509,1.0008039474487305,36926.06640625,1594.7626953125,0.9997410178184509,1.0008039474487305,38592.17578125,1689.1866455078125,1.0000890493392944,1.001531958580017,36317.5,1561.853515625,0.9993020296096802,1.0005090236663818,37475.10546875,1661.170166015625,0.9997929930686951,1.0009889602661133,68838074392,44396871836,1864772386,130071476669
2021-02-05,38144.30859375,1718.65087890625,0.9999449849128723,1.0001310110092163,38144.30859375,1718.65087890625,0.9999449849128723,1.0001310110092163,38225.90625,1756.510986328125,1.0005990266799927,1.0015740394592285,36658.76171875,1594.7933349609375,0.9983189702033997,0.9999619722366333,36931.546875,1594.7933349609375,0.9997950196266174,1.0007879734039307,58598066402,40108628454,1722650454,116242339499
2021-02-06,39266.01171875,1677.8468017578125,0.9999970197677612,1.0011290311813354,39266.01171875,1677.8468017578125,0.9999970197677612,1.0011290311813354,40846.546875,1738.314453125,1.000378966331482,1.002163052558899,38138.38671875,1649.0687255859375,0.9995250105857849,1.000067949295044,38138.38671875,1717.7974853515625,0.9999449849128723,1.0001269578933716,71326033653,39873420648,1802646232,121039422025
2021-02-07,38903.44140625,1614.227783203125,0.9998859763145447,1.0012110471725464,38903.44140625,1614.227783203125,0.9998859763145447,1.0012110471725464,39621.8359375,1690.03662109375,1.0001440048217773,1.0014820098876953,37446.15234375,1501.750244140625,0.9996240139007568,1.0003080368041992,39250.19140625,1677.605712890625,0.9999840259552002,1.0011240243911743,65500641143,39889440151,1416867095,130348566847
2021-02-08,46196.46484375,1746.6168212890625,0.999796986579895,1.0010440349578857,46196.46484375,1746.6168212890625,0.999796986579895,1.0010440349578857,46203.9296875,1770.5908203125,1.0004220008850098,1.0031429529190063,38076.32421875,1571.5799560546875,0.9982479810714722,1.0002909898757935,38886.828125,1613.6422119140625,0.9998350143432617,1.0012409687042236,101467222687,48012285956,1791932105,156718232410
2021-02-09,46481.10546875,1768.0350341796875,1.000040054321289,1.0012320280075073,46481.10546875,1768.0350341796875,1.000040054321289,1.0012320280075073,48003.72265625,1815.963623046875,1.0022079944610596,1.0028820037841797,45166.9609375,1711.62060546875,0.9992750287055969,1.0004379749298096,46184.9921875,1746.9261474609375,0.999796986579895,1.001081943511963,91809846886,44180727529,1689656162,155577364901
2021-02-10,44918.18359375,1744.243408203125,1.0000170469284058,1.000722050666809,44918.18359375,1744.243408203125,1.0000170469284058,1.000722050666809,47145.56640625,1826.69677734375,1.0023490190505981,1.0017030239105225,43881.15234375,1686.5423583984375,0.9995239973068237,1.0003230571746826,46469.76171875,1768.039794921875,1.000040054321289,1.0012680292129517,87301089896,41916084617,2156624147,167294523848
2021-02-11,47909.33203125,1783.7979736328125,0.9998440146446228,1.0003670454025269,47909.33203125,1783.7979736328125,0.9998440146446228,1.0003670454025269,48463.46875,1806.5390625,1.0009419918060303,1.001315951347351,44187.76171875,1708.67919921875,0.9994459748268127,1.0002399682998657,44898.7109375,1743.7142333984375,1.0000540018081665,1.0007009506225586,81388911810,36021495262,2045704986,144658901916
2021-02-12,47504.8515625,1843.5325927734375,0.9998239874839783,1.0016920566558838,47504.8515625,1843.5325927734375,0.9998239874839783,1.0016920566558838,48745.734375,1861.35693359375,1.0003830194473267,1.001842975616455,46424.9765625,1744.1689453125,0.999413013458252,1.0001499652862549,47877.03515625,1783.4891357421875,0.999858021736145,1.0004669427871704,76555041196,37905036865,2186409043,147107216422
2021-02-13,47105.515625,1814.10986328125,0.9998610019683838,1.0008280277252197,47105.515625,1814.10986328125,0.9998610019683838,1.0008280277252197,48047.74609375,1871.603515625,1.0001449584960938,1.0020649433135986,46392.28125,1770.612060546875,0.99959397315979,0.9999399781227112,47491.203125,1843.98681640625,0.9998239874839783,1.0017019510269165,70250456155,35359490535,2279143401,153120142052
2021-02-14,48717.2890625,1805.0841064453125,1.0000250339508057,1.0007460117340088,48717.2890625,1805.0841064453125,1.0000250339508057,1.0007460117340088,49487.640625,1848.154052734375,1.0005639791488647,1.0012279748916626,47114.5078125,1789.9141845703125,0.999675989151001,1.0001180171966553,47114.5078125,1814.372314453125,0.9998599886894226,1.000802993774414,71248675228,31439114900,1913316177,138353850761
2021-02-15,47945.05859375,1779.791015625,1.000038981437683,1.000249981880188,47945.05859375,1779.791015625,1.000038981437683,1.000249981880188,48875.5703125,1833.83056640625,1.0011860132217407,1.000993013381958,46347.4765625,1683.9066162109375,0.9996820092201233,0.9996939897537231,48696.53515625,1804.6767578125,1.000025987625122,1.0007870197296143,77069903166,38955610883,2214311704,162693579145
2021-02-16,49199.87109375,1781.0675048828125,1.0001139640808105,1.0004030466079712,49199.87109375,1781.0675048828125,1.0001139640808105,1.0004030466079712,50341.1015625,1824.5186767578125,1.0002690553665161,1.000596046447754,47201.3046875,1729.6419677734375,0.9998180270195007,0.9994109869003296,47944.45703125,1778.945556640625,1.000038981437683,1.000262975692749,77049582886,34269369268,2062438717,141032763591
2021-02-17,52149.0078125,1848.458251953125,0.9998409748077393,1.0003700256347656,52149.0078125,1848.458251953125,0.9998409748077393,1.0003700256347656,52533.9140625,1853.6676025390625,1.0010440349578857,1.0012719631195068,49072.37890625,1736.705810546875,0.999688982963562,0.9998030066490173,49207.27734375,1781.35009765625,1.0000569820404053,1.0003410577774048,80820545404,35955412703,2132590491,139150324868
2021-02-18,51679.796875,1937.44921875,1.0000460147857666,1.0000189542770386,51679.796875,1937.44921875,1.0000460147857666,1.0000189542770386,52474.10546875,1949.9034423828125,1.0002989768981934,1.0007879734039307,51015.765625,1848.206298828125,0.9997990131378174,0.9995309710502625,52140.97265625,1848.206298828125,0.9998000264167786,1.0003620386123657,52054723579,28255902969,2094266690,94966568287
2021-02-19,55888.1328125,1960.164794921875,1.0000510215759277,1.0002009868621826,55888.1328125,1960.164794921875,1.0000510215759277,1.0002009868621826,56113.65234375,1969.5469970703125,1.0006330013275146,1.0006979703903198,50937.27734375,1896.6844482421875,0.9997699856758118,0.9991909861564636,51675.98046875,1938.85986328125,1.0001070499420166,1.0000449419021606,63495496918,26268814253,2321201287,113649609569
2021-02-20,56099.51953125,1919.5340576171875,0.9998520016670227,1.000067949295044,56099.51953125,1919.5340576171875,0.9998520016670227,1.000067949295044,57505.2265625,2036.2864990234375,1.0001499652862549,1.000535011291504,54626.55859375,1830.531494140625,0.9995599985122681,0.9994959831237793,55887.3359375,1959.9029541015625,1.0000510215759277,1.0002280473709106,68145460026,34696091102,2471881936,137486320908
2021-02-21,57539.9453125,1935.60107421875,0.9999449849128723,1.000331997871399,57539.9453125,1935.60107421875,0.9999449849128723,1.000331997871399,58330.5703125,1974.2596435546875,1.0002559423446655,1.000825047492981,55672.609375,1890.3681640625,0.9997280240058899,0.9997659921646118,56068.56640625,1918.673095703125,0.9998540282249451,1.0000799894332886,51897585191,23626547717,1945631587,102446076715
2021-02-22,54207.3203125,1781.992919921875,1.000074028968811,1.0001109838485718,54207.3203125,1781.992919921875,1.000074028968811,1.0001109838485718,57533.390625,1936.4537353515625,1.0019170045852661,1.0004730224609375,48967.56640625,1580.6265869140625,0.9981840252876282,0.9989780187606812,57532.73828125,1935.557861328125,0.9999369978904724,1.0003119707107544,92052420332,42409646036,3584165265,169690403440
2021-02-23,48824.42578125,1570.2039794921875,1.0002210140228271,1.0000319480895996,48824.42578125,1570.2039794921875,1.0002210140228271,1.0000319480895996,54204.9296875,1781.4090576171875,1.0017019510269165,1.0005420446395874,45290.58984375,1378.8409423828125,0.9996579885482788,0.9974129796028137,54204.9296875,1781.4090576171875,1.000020980834961,1.000167965888977,106102492824,52029864713,4522385569,195964923867
2021-02-24,49705.33203125,1626.57568359375,1.000229001045227,1.0007569789886475,49705.33203125,1626.57568359375,1.000229001045227,1.0007569789886475,51290.13671875,1710.9837646484375,1.0033680200576782,1.0008820295333862,47213.5,1511.0189208984375,0.9998239874839783,0.999538004398346,48835.0859375,1571.4764404296875,1.0000189542770386,0.9999949932098389,63695521388,31329000537,2427751206,129007383618
2021-02-25,47093.8515625,1475.7037353515625,1.0000720024108887,1.0001490116119385,47093.8515625,1475.7037353515625,1.0000720024108887,1.0001490116119385,51948.96875,1670.22412109375,1.0007100105285645,1.0012069940567017,47093.8515625,1465.0589599609375,0.9999589920043945,0.9997950196266174,49709.08203125,1625.3939208984375,1.0002199411392212,1.0007460117340088,54506565949,24481681873,2301651550,105464333625
2021-02-26,46339.76171875,1446.03369140625,0.9999859929084778,0.9999939799308777,46339.76171875,1446.03369140625,0.9999859929084778,0.9999939799308777,48370.78515625,1559.0289306640625,1.000473976135254,1.000378966331482,44454.84375,1407.979248046875,0.9997090101242065,0.9987260103225708,47180.46484375,1478.6533203125,1.0001529455184937,1.0000749826431274,350967941479,31435997881,2459413406,124624106848
2021-02-27,46188.453125,1459.97314453125,1.0000309944152832,1.0011780261993408,46188.453125,1459.97314453125,1.0000309944152832,1.0011780261993408,48253.26953125,1524.932373046875,1.0002039670944214,1.00131094455719,45269.02734375,1433.7869873046875,0.9997900128364563,0.9993739724159241,46344.7734375,1446.929443359375,0.9999729990959167,0.9999600052833557,45910946382,20742103233,1776838289,94710037977
2021-02-28,45137.76953125,1416.0489501953125,1.0002959966659546,1.00211501121521,45137.76953125,1416.0489501953125,1.0002959966659546,1.00211501121521,46716.4296875,1468.3914794921875,1.0010069608688354,1.0024839639663696,43241.6171875,1300.47216796875,0.9999420046806335,1.0008330345153809,46194.015625,1459.8604736328125,1.000095009803772,1.001220941543579,53443887451,27637026080,2268777551,106489914975
2021-03-01,49631.2421875,1564.7076416015625,0.9997569918632507,1.0004090070724487,49631.2421875,1564.7076416015625,0.9997569918632507,1.0004090070724487,49784.015625,1567.694580078125,1.0006020069122314,1.0023319721221924,45115.09375,1416.4161376953125,0.999625027179718,1.0004090070724487,45159.50390625,1417.151123046875,1.0002659559249878,1.0020869970321655,53891300112,24032838645,1740798094,96252860017
2021-03-02,48378.98828125,1492.6087646484375,1.0000779628753662,1.0010219812393188,48378.98828125,1492.6087646484375,1.0000779628753662,1.0010219812393188,50127.51171875,1597.610107421875,1.000432014465332,1.001062035560608,47228.84375,1461.325439453125,0.9996079802513123,1.0002919435501099,49612.10546875,1564.0634765625,0.9997680187225342,1.000417947769165,47530897720,22523669722,1949254169,92797362841
2021-03-03,50538.2421875,1575.8531494140625,1.0000020265579224,1.0004169940948486,50538.2421875,1575.8531494140625,1.0000020265579224,1.0004169940948486,52535.13671875,1650.360595703125,1.0005789995193481,1.0010989904403687,48274.3203125,1481.90576171875,0.9998199939727783,0.9999780058860779,48415.81640625,1491.451171875,1.0000779628753662,1.001039981842041,53220811975,22674780680,1905564606,94786928488
2021-03-04,48561.16796875,1541.914306640625,1.000162959098816,1.000074028968811,48561.16796875,1541.914306640625,1.000162959098816,1.000074028968811,51735.08984375,1622.953857421875,1.0004010200500488,1.000859022140503,47656.9296875,1511.1033935546875,0.9998940229415894,0.9995899796485901,50522.3046875,1574.623779296875,1.0000020265579224,1.00039803981781,52343816680,22906118718,1665593866,103244765110
2021-03-05,48927.3046875,1533.2750244140625,1.000277042388916,1.0008189678192139,48927.3046875,1533.2750244140625,1.000277042388916,1.0008189678192139,49396.4296875,1547.878173828125,1.001196026802063,1.0009219646453857,46542.515625,1450.891357421875,1.0000309944152832,0.9998390078544617,48527.03125,1541.541748046875,1.000162959098816,1.0000519752502441,48625928883,21067146937,1973917285,87483469989
2021-03-06,48912.3828125,1654.7415771484375,0.9998810291290283,1.000190019607544,48912.3828125,1654.7415771484375,0.9998810291290283,1.000190019607544,49147.21875,1669.1065673828125,1.0009759664535522,1.0009510517120361,47257.52734375,1519.14111328125,0.9994509816169739,0.9992820024490356,48899.23046875,1532.372802734375,1.0004839897155762,1.0007820129394531,34363564661,22746262366,1275477009,66739320404
2021-03-07,51206.69140625,1723.15380859375,0.9999939799308777,1.0003180503845215,51206.69140625,1723.15380859375,0.9999939799308777,1.0003180503845215,51384.3671875,1730.9241943359375,1.0003750324249268,1.0005970001220703,48918.6796875,1636.564453125,0.9997310042381287,1.0000050067901611,48918.6796875,1655.3924560546875,0.9998810291290283,1.0001269578933716,43137459378,23809935410,1215837774,70107811561
2021-03-08,52246.5234375,1834.7279052734375,0.9999840259552002,1.000432014465332,52246.5234375,1834.7279052734375,0.9999840259552002,1.000432014465332,52314.0703125,1835.192138671875,1.0015259981155396,1.0007870197296143,49506.0546875,1670.9420166015625,0.9998890161514282,1.0001410245895386,51174.1171875,1724.229248046875,0.9999529719352722,1.0003130435943604,48597428048,27630991158,1441044445,88859705060
2021-03-09,54824.1171875,1868.048828125,1.000074028968811,1.0006680488586426,54824.1171875,1868.048828125,1.000074028968811,1.0006680488586426,54824.1171875,1868.048828125,1.0028610229492188,1.0008419752120972,51981.83203125,1804.266357421875,0.9999579787254333,1.000120997428894,52272.96875,1835.1480712890625,0.9999840259552002,1.000419020652771,50912227385,23461244507,1683029544,95447392493
2021-03-10,56008.55078125,1799.166259765625,1.0000519752502441,1.000525951385498,56008.55078125,1799.166259765625,1.0000519752502441,1.000525951385498,57258.25390625,1873.80322265625,1.000939965248108,1.0009490251541138,53290.890625,1766.490478515625,0.9999189972877502,1.0001989603042603,54824.01171875,1868.489013671875,1.0001389980316162,1.0006810426712036,57295577614,25154173185,1751024086,94996172814
2021-03-11,57805.12109375,1826.1949462890625,1.000128984451294,1.0005830526351929,57805.12109375,1826.1949462890625,1.000128984451294,1.0005830526351929,58091.0625,1843.81884765625,1.0008039474487305,1.0006940364837646,54484.59375,1734.6170654296875,0.9998059868812561,0.9999319911003113,55963.1796875,1798.033935546875,1.0000040531158447,1.000599980354309,56772343595,24013132909,1487841641,93576067866
2021-03-12,57332.08984375,1772.1024169921875,1.0001740455627441,1.0003429651260376,57332.08984375,1772.1024169921875,1.0001740455627441,1.0003429651260376,57996.62109375,1839.497314453125,1.0008820295333862,1.0006990432739258,55376.6484375,1728.98095703125,0.9997940063476562,0.9998810291290283,57821.21875,1826.5467529296875,1.000141978263855,1.0005539655685425,55689944702,22435821312,1612404621,99392797660
2021-03-13,61243.0859375,1924.6854248046875,1.0002319812774658,0.999845027923584,61243.0859375,1924.6854248046875,1.0002319812774658,0.999845027923584,61683.86328125,1937.6455078125,1.0007100105285645,1.0007799863815308,56217.97265625,1733.639892578125,0.9998779892921448,0.9992859959602356,57343.37109375,1772.1663818359375,1.0001740455627441,1.0003620386123657,60669829814,25014689475,2044348842,105301861825
2021-03-14,59302.31640625,1854.5643310546875,0.9999979734420776,0.9997910261154175,59302.31640625,1854.5643310546875,0.9999979734420776,0.9997910261154175,61597.91796875,1930.77978515625,1.000216007232666,1.0003429651260376,59302.31640625,1845.1199951171875,0.9998070001602173,0.9994739890098572,61221.1328125,1923.86376953125,1.000128984451294,0.9998300075531006,43901225564,19344589211,1544999695,83527066354
2021-03-15,55907.19921875,1791.7022705078125,1.0000840425491333,1.0003739595413208,55907.19921875,1791.7022705078125,1.0000840425491333,1.0003739595413208,60540.9921875,1889.1966552734375,1.000898003578186,1.00101900100708,55393.1640625,1749.6063232421875,0.999297022819519,0.9994059801101685,59267.4296875,1854.086669921875,0.9999279975891113,0.9998350143432617,66419369890,26244738810,1927366887,110958014435
2021-03-16,56804.90234375,1806.9718017578125,0.9999939799308777,1.0000580549240112,56804.90234375,1806.9718017578125,0.9999939799308777,1.0000580549240112,56833.1796875,1817.0601806640625,1.0003629922866821,1.0007230043411255,53555.02734375,1720.05322265625,0.999550998210907,0.9992160201072693,55840.78515625,1792.413818359375,1.0000840425491333,1.000359058380127,59749798599,23828509590,1868824949,101176062799
2021-03-17,58870.89453125,1823.4493408203125,0.9989020228385925,0.9990829825401306,58870.89453125,1823.4493408203125,0.9989020228385925,0.9990829825401306,58969.81640625,1839.8189697265625,1.0020970106124878,1.002316951751709,54528.62890625,1749.179931640625,0.998665988445282,0.9990829825401306,56825.828125,1807.05615234375,0.9999939799308777,1.0000369548797607,60258313191,24512917348,1782793504,94297363539
2021-03-18,57858.921875,1782.8551025390625,1.0009939670562744,1.0009249448776245,57858.921875,1782.8551025390625,1.0009939670562744,1.0009249448776245,60116.25,1848.6461181640625,1.001451015472412,1.0014690160751343,54253.578125,1705.716064453125,0.9986969828605652,0.9987000226974487,58893.078125,1823.158447265625,0.9988570213317871,0.9990310072898865,55746041000,23263845504,1525693757,87360030730
2021-03-19,58346.65234375,1817.6241455078125,1.002437949180603,1.0026320219039917,58346.65234375,1817.6241455078125,1.002437949180603,1.0026320219039917,59498.375,1841.196044921875,1.0039819478988647,1.0040730237960815,56643.703125,1746.473388671875,1.0003230571746826,1.0003950595855713,57850.44140625,1782.5687255859375,1.000952959060669,1.0009679794311523,49063873786,21249297710,1472879184,78992617747
2021-03-20,58313.64453125,1812.6346435546875,1.0021510124206543,1.0022300481796265,58313.64453125,1812.6346435546875,1.0021510124206543,1.0022300481796265,60031.28515625,1874.708984375,1.0039260387420654,1.0041040182113647,58213.296875,1811.7286376953125,1.00130295753479,1.0016100406646729,58332.26171875,1817.522705078125,1.0024349689483643,1.0027660131454468,50361731222,22677674970,1191670789,78910215980
2021-03-21,57523.421875,1788.217041015625,1.0009620189666748,1.0012799501419067,57523.421875,1788.217041015625,1.0009620189666748,1.0012799501419067,58767.8984375,1823.35302734375,1.002571940422058,1.0029319524765015,56005.6171875,1764.1392822265625,0.9992809891700745,0.999538004398346,58309.9140625,1812.6065673828125,1.0020910501480103,1.0022640228271484,51943414539,22977404620,1265098606,75434025575
2021-03-22,54529.14453125,1691.333984375,1.0013099908828735,1.0018110275268555,54529.14453125,1691.333984375,1.0013099908828735,1.0018110275268555,58471.48046875,1811.96826171875,1.0039889812469482,1.0040589570999146,54288.15625,1674.2998046875,0.9990890026092529,0.9989550113677979,57517.890625,1788.3621826171875,1.0009889602661133,1.0011359453201294,56521454974,23599296129,1380781628,86052511859
2021-03-23,54738.9453125,1678.650146484375,1.0008039474487305,1.001194953918457,54738.9453125,1678.650146484375,1.0008039474487305,1.001194953918457,55985.44140625,1725.1087646484375,1.0020250082015991,1.0024440288543701,53470.6953125,1662.5399169921875,1.0002460479736328,1.0003650188446045,54511.66015625,1690.871826171875,1.0013450384140015,1.0018110275268555,56435023914,21998237965,1511795325,87718238071
2021-03-24,52774.265625,1593.4134521484375,1.001554012298584,1.0013010501861572,52774.265625,1593.4134521484375,1.001554012298584,1.0013010501861572,57262.3828125,1740.42822265625,1.0023130178451538,1.0023200511932373,52514.33203125,1570.7879638671875,0.9998610019683838,0.9997190237045288,54710.48828125,1678.0025634765625,1.000938057899475,1.0010240077972412,70567223787,31228051473,1916803425,97177670255
2021-03-25,51704.16015625,1595.3592529296875,1.000830054283142,1.0010160207748413,51704.16015625,1595.3592529296875,1.000830054283142,1.0010160207748413,53392.38671875,1625.9114990234375,1.0015389919281006,1.0015339851379395,50856.5703125,1560.3704833984375,1.0001260042190552,0.9997249841690063,52726.74609375,1593.123291015625,1.0014909505844116,1.0012420415878296,67999812841,29650328701,1646557726,97273950074
2021-03-26,55137.3125,1702.842041015625,1.0008009672164917,1.001222014427185,55137.3125,1702.842041015625,1.0008009672164917,1.001222014427185,55137.3125,1702.9228515625,1.0021799802780151,1.002558946609497,51579.85546875,1594.7366943359375,0.9993370175361633,0.9995599985122681,51683.01171875,1595.2100830078125,1.0007649660110474,1.0010329484939575,56652197978,22548516548,1591672366,82935770974
2021-03-27,55973.51171875,1716.49462890625,1.0002739429473877,1.000601053237915,55973.51171875,1716.49462890625,1.0002739429473877,1.000601053237915,56568.21484375,1732.8243408203125,1.0017139911651611,1.0019340515136719,54242.91015625,1674.3193359375,0.9997569918632507,0.9998720288276672,55137.56640625,1703.0361328125,1.0007009506225586,1.0012860298156738,47266542233,18102277710,1340283946,73586222744
2021-03-28,55950.74609375,1691.35595703125,1.0007920265197754,1.0006070137023926,55950.74609375,1691.35595703125,1.0007920265197754,1.0006070137023926,56610.3125,1728.5841064453125,1.002539038658142,1.002413034439087,55071.11328125,1672.660400390625,1.0000070333480835,1.000082015991211,55974.94140625,1716.4056396484375,1.00028395652771,1.0005029439926147,47686580918,16599472938,1294220918,69313550904
2021-03-29,57750.19921875,1819.6849365234375,1.0000239610671997,0.9997590184211731,57750.19921875,1819.6849365234375,1.0000239610671997,0.9997590184211731,58342.09765625,1837.18798828125,1.000857949256897,1.0006760358810425,55139.33984375,1683.716552734375,0.999360978603363,0.9992589950561523,55947.8984375,1691.26318359375,1.0008020401000977,1.0006389617919922,57625587027,22796570548,1535871374,80873581836
2021-03-30,58917.69140625,1846.03369140625,1.0005580186843872,1.0008959770202637,58917.69140625,1846.03369140625,1.0005580186843872,1.0008959770202637,59447.22265625,1860.9747314453125,1.000946044921875,1.0010000467300415,57251.55078125,1793.92236328125,0.9993159770965576,0.9990050196647644,57750.1328125,1819.46630859375,1.0000289678573608,0.9998040199279785,54414116432,22512781703,1506313602,82702790409
2021-03-31,58918.83203125,1918.362060546875,0.9996050000190735,1.0000200271606445,58918.83203125,1918.362060546875,0.9996050000190735,1.0000200271606445,59930.02734375,1947.8377685546875,1.0019140243530273,1.0024529695510864,57726.41796875,1793.002197265625,0.9991809725761414,0.9993780255317688,58930.27734375,1846.0982666015625,1.000588059425354,1.000815987586975,65520826225,30226902621,1589845937,111253962206
2021-04-01,59095.80859375,1977.27685546875,1.0008690357208252,1.0004639625549316,59095.80859375,1977.27685546875,1.0008690357208252,1.0004639625549316,59586.0703125,1989.0550537109375,1.0012249946594238,1.0015449523925781,58505.27734375,1912.178466796875,0.999413013458252,0.9997149705886841,58926.5625,1919.1572265625,0.9996910095214844,0.999983012676239,61669163792,30914259795,1515653266,108310288784
2021-04-02,59384.3125,2143.2255859375,1.000349998474121,1.0005760192871094,59384.3125,2143.2255859375,1.000349998474121,1.0005760192871094,60267.1875,2152.451904296875,1.00198495388031,1.0023239850997925,58869.28125,1960.6787109375,0.9989759922027588,0.9984229803085327,59098.87890625,1976.9327392578125,1.000704050064087,1.0006150007247925,58727860620,34862511022,1645041684,103736039046
2021-04-03,57603.890625,2028.4224853515625,1.0027910470962524,1.0030850172042847,57603.890625,2028.4224853515625,1.0027910470962524,1.0030850172042847,60110.26953125,2144.96240234375,1.0028640031814575,1.0032609701156616,57603.890625,2028.4224853515625,0.9980999827384949,0.9980469942092896,59397.41015625,2142.89599609375,1.0002930164337158,1.0005079507827759,59641344484,32011518871,1521294666,109584392991
2021-04-04,58758.5546875,2093.122802734375,1.0029569864273071,1.0034019947052002,58758.5546875,2093.122802734375,1.0029569864273071,1.0034019947052002,58913.74609375,2110.353515625,1.011098027229309,1.0115159749984741,57168.67578125,2007.11181640625,1.0009269714355469,1.001081943511963,57604.83984375,2027.6712646484375,1.002722978591919,1.0031449794769287,50749662970,26006501902,1205342903,99459708393
2021-04-05,59057.87890625,2107.88720703125,1.0000449419021606,1.0002540349960327,59057.87890625,2107.88720703125,1.0000449419021606,1.0002540349960327,59891.296875,2140.9853515625,1.0043439865112305,1.00485098361969,57694.82421875,2032.3876953125,0.9998300075531006,0.9997860193252563,58760.875,2093.2607421875,1.0030579566955566,1.0034379959106445,60706272115,28889391170,1398732746,132303093446
2021-04-06,58192.359375,2118.37890625,1.0014230012893677,1.0016800165176392,58192.359375,2118.37890625,1.0014230012893677,1.0016800165176392,59479.578125,2151.223388671875,1.0018930435180664,1.002012014389038,57646.80859375,2057.609130859375,0.9994829893112183,0.9995239973068237,59171.93359375,2109.4931640625,1.000143051147461,1.0001059770584106,66058027988,29222865881,1519196566,145941395057
2021-04-07,56048.9375,1971.0772705078125,1.0022369623184204,1.0018550157546997,56048.9375,1971.0772705078125,1.0022369623184204,1.0018550157546997,58731.14453125,2133.1875,1.002540946006775,1.0025889873504639,55604.0234375,1945.442138671875,1.000797986984253,1.0003700256347656,58186.5078125,2117.728515625,1.0014699697494507,1.0016069412231445,75645303584,36116271935,1821911304,161005666625
2021-04-08,58323.953125,2088.57373046875,1.0002399682998657,1.0001670122146606,58323.953125,2088.57373046875,1.0002399682998657,1.0001670122146606,58338.73828125,2091.516357421875,1.002403974533081,1.0018830299377441,55879.0859375,1959.0794677734375,1.0000120401382446,1.0001440048217773,56099.9140625,1969.1331787109375,1.0023280382156372,1.0018830299377441,53053855641,25312956529,1443171575,100309980611
2021-04-09,58245.00390625,2072.10888671875,1.001492977142334,1.0010980367660522,58245.00390625,2072.10888671875,1.001492977142334,1.0010980367660522,58937.046875,2102.873779296875,1.001675009727478,1.0017540454864502,57807.86328125,2055.163330078125,1.000203013420105,1.000241994857788,58326.5625,2088.772216796875,1.000203013420105,1.0006599426269531,46655208546,19812472092,1140401440,86500025530
2021-04-10,59793.234375,2135.942138671875,1.0005910396575928,1.0004689693450928,59793.234375,2135.942138671875,1.0005910396575928,1.0004689693450928,61276.6640625,2196.996337890625,1.0024980306625366,1.0021589994430542,58038.70703125,2062.78759765625,0.9982489943504333,0.9974039793014526,58253.77734375,2071.111572265625,1.0015109777450562,1.001109004020691,58238470525,24986243611,1642749490,111560200798
2021-04-11,60204.96484375,2157.656982421875,1.002869963645935,1.0021770000457764,60204.96484375,2157.656982421875,1.002869963645935,1.0021770000457764,60790.5546875,2165.19140625,1.0030970573425293,1.0025830268859863,59289.796875,2119.86572265625,0.9995779991149902,0.9986940026283264,59846.23046875,2136.156982421875,1.0005940198898315,1.0005240440368652,46280252580,19692836132,1336026255,100277986732
2021-04-12,59893.453125,2139.353271484375,1.000370979309082,0.9999369978904724,59893.453125,2139.353271484375,1.000370979309082,0.9999369978904724,61253.03515625,2199.71875,1.002756953239441,1.0022350549697876,59589.875,2110.368896484375,0.9998419880867004,0.9989410042762756,60175.9453125,2157.36181640625,1.002756953239441,1.0021610260009766,51828688519,21727936609,1582588399,106711464727
2021-04-13,63503.45703125,2299.187744140625,0.999455988407135,0.9992750287055969,63503.45703125,2299.187744140625,0.999455988407135,0.9992750287055969,63742.28515625,2318.42333984375,1.00114905834198,1.001296043395996,59869.95703125,2138.5595703125,0.999176025390625,0.9988290071487427,59890.01953125,2139.3642578125,1.0003730058670044,1.0000189542770386,69983454362,29456642939,1943769751,137132738350
2021-04-14,63109.6953125,2435.10498046875,1.0014359951019287,1.0015900135040283,63109.6953125,2435.10498046875,1.0014359951019287,1.0015900135040283,64863.09765625,2449.6875,1.0026530027389526,1.0026429891586304,61554.796875,2284.563720703125,0.9992579817771912,0.9990119934082031,63523.75390625,2299.347900390625,0.999422013759613,0.9992349743843079,77451779687,35592822986,2400110758,172073450566
2021-04-15,63314.01171875,2519.1162109375,1.0003260374069214,1.000877022743225,63314.01171875,2519.1162109375,1.0003260374069214,1.000877022743225,63821.671875,2544.267333984375,1.0030510425567627,1.0036959648132324,62208.96484375,2409.924072265625,0.9999629855155945,1.0005079507827759,63075.1953125,2436.03466796875,1.0014690160751343,1.0014959573745728,60954381579,32325606817,1888693157,134206127794
2021-04-16,61572.7890625,2431.946533203125,1.0010329484939575,1.0023449659347534,61572.7890625,2431.946533203125,1.0010329484939575,1.0023449659347534,63594.72265625,2547.5556640625,1.0026010274887085,1.0039149522781372,60222.53125,2318.675048828125,0.9994170069694519,1.0000929832458496,63258.50390625,2516.601806640625,1.000229001045227,1.0010859966278076,84293007468,36196928256,2557259201,232378434390
2021-04-17,60683.8203125,2344.89501953125,1.0104960203170776,1.0115300416946411,60683.8203125,2344.89501953125,1.0104960203170776,1.0115300416946411,62572.17578125,2497.38525390625,1.0107250213623047,1.0118680000305176,60361.3515625,2333.682861328125,0.9987689852714539,0.9995489716529846,61529.921875,2429.98095703125,1.0010349750518799,1.0024340152740479,66138759198,32349808978,2143517952,178501336545
2021-04-18,56216.18359375,2237.136962890625,1.000095009803772,1.0001039505004883,56216.18359375,2237.136962890625,1.000095009803772,1.0001039505004883,61057.45703125,2365.46044921875,1.0265289545059204,1.0280450582504272,52829.53515625,2011.766845703125,0.9998000264167786,0.9998000264167786,60701.88671875,2346.452392578125,1.0105719566345215,1.011404037475586,97468872758,50696368718,3829528301,226468468195
2021-04-19,55724.265625,2166.188720703125,0.9999669790267944,0.9998649954795837,55724.265625,2166.188720703125,0.9999669790267944,0.9998649954795837,57520.0546875,2276.77685546875,1.0002000331878662,1.0002000331878662,54368.59375,2086.688720703125,0.9998000264167786,0.9998000264167786,56191.5859375,2238.03271484375,1.000141978263855,0.9999529719352722,65344865159,34060654971,2323105009,169646878924
2021-04-20,56473.03125,2330.2109375,1.0000540018081665,0.9999380111694336,56473.03125,2330.2109375,1.0000540018081665,0.9999380111694336,57062.1484375,2345.8349609375,1.0002000331878662,1.0002000331878662,53448.046875,2060.143798828125,0.9998000264167786,0.999800980091095,55681.79296875,2161.939453125,1.0001150369644165,0.9999359846115112,67849323955,39433483315,2318491536,171214521691
2021-04-21,53906.08984375,2364.751708984375,1.000133991241455,0.9999319911003113,53906.08984375,2364.751708984375,1.000133991241455,0.9999319911003113,56757.97265625,2467.20068359375,1.0002000331878662,1.0002000331878662,53695.46875,2238.366943359375,0.9998000264167786,0.9998019933700562,56471.12890625,2331.16015625,1.000148057937622,1.0000920295715332,54926612466,38899067643,2311278586,130529572776
2021-04-22,51762.2734375,2403.53515625,1.0000280141830444,1.0000900030136108,51762.2734375,2403.53515625,1.0000280141830444,1.0000900030136108,55410.23046875,2641.094970703125,1.0002000331878662,1.0001989603042603,50583.8125,2315.960205078125,0.9998000264167786,0.9998000264167786,53857.10546875,2357.87109375,0.9998059868812561,0.9999439716339111,74798630778,53575904724,3112810473,166853483576
2021-04-23,51093.65234375,2363.586181640625,0.9999780058860779,1.0001620054244995,51093.65234375,2363.586181640625,0.9999780058860779,1.0001620054244995,52120.79296875,2439.537109375,1.0001989603042603,1.0002000331878662,47714.6640625,2117.03955078125,0.9998000264167786,0.999800980091095,51739.80859375,2401.25634765625,1.0001579523086548,0.9999459981918335,86668667320,55413933925,3676677427,200928310345
2021-04-24,50050.8671875,2211.625732421875,1.0000649690628052,0.999908983707428,50050.8671875,2211.625732421875,1.0000649690628052,0.999908983707428,51167.5625,2367.740966796875,1.0002000331878662,1.0001989603042603,48805.28515625,2163.693115234375,0.9998000264167786,0.9998000264167786,51143.2265625,2367.19921875,0.9999690055847168,1.0001380443572998,49014494781,31854226936,1788061914,105265165685
2021-04-25,49004.25390625,2316.0595703125,1.0001790523529053,0.9999340176582336,49004.25390625,2316.0595703125,1.0001790523529053,0.9999340176582336,50506.01953125,2354.086669921875,1.0002000331878662,1.0002000331878662,47159.484375,2172.51513671875,0.9998000264167786,0.9998000264167786,50052.83203125,2214.413818359375,1.0001729726791382,1.0001360177993774,46117114240,31814355546,1642128335,91733321074
2021-04-26,54021.75390625,2534.481689453125,0.999987006187439,1.0000419616699219,54021.75390625,2534.481689453125,0.999987006187439,1.0000419616699219,54288.00390625,2536.33740234375,1.0002000331878662,1.0002000331878662,48852.796875,2308.315185546875,0.999800980091095,0.9998000264167786,49077.79296875,2319.47802734375,1.0001569986343384,1.000154972076416,58284039825,35208325408,2285611608,114746493323
2021-04-27,55033.1171875,2662.865234375,0.9999269843101501,1.0000619888305664,55033.1171875,2662.865234375,0.9999269843101501,1.0000619888305664,55416.96484375,2676.392822265625,1.0002000331878662,1.0002000331878662,53319.1875,2485.375,0.9998000264167786,0.9998000264167786,54030.3046875,2534.03125,1.000025987625122,0.9998409748077393,49448222757,32275969215,2024246696,100848882802
2021-04-28,54824.703125,2746.380126953125,1.0001989603042603,1.0000519752502441,54824.703125,2746.380126953125,1.0001989603042603,1.0000519752502441,56227.20703125,2757.477294921875,1.0002000331878662,1.0002000331878662,53887.91796875,2564.08154296875,0.9998000264167786,0.999800980091095,55036.63671875,2664.685546875,0.9999629855155945,1.000162959098816,48000572955,34269031076,2010047371,107174178546
2021-04-29,53555.109375,2756.876953125,1.0001440048217773,0.999966025352478,53555.109375,2756.876953125,1.0001440048217773,0.999966025352478,55115.84375,2797.972412109375,1.0002000331878662,1.0001989603042603,52418.02734375,2672.106689453125,0.9998000264167786,0.999800980091095,54858.08984375,2748.649658203125,1.0000779628753662,0.999813973903656,46088929780,32578127990,1840352705,93716158086
2021-04-30,57750.17578125,2773.20703125,0.9998239874839783,1.0000089406967163,57750.17578125,2773.20703125,0.9998239874839783,1.0000089406967163,57900.71875,2796.054931640625,1.0001989603042603,1.0002000331878662,53129.6015625,2728.169921875,0.9998000264167786,0.9998000264167786,53568.6640625,2757.734130859375,1.0000189542770386,1.0000439882278442,52395931985,29777179889,1906112907,99120376275
2021-05-01,57828.05078125,2945.892822265625,1.0001540184020996,1.0001109838485718,57828.05078125,2945.892822265625,1.0001540184020996,1.0001109838485718,58448.33984375,2951.44091796875,1.0002000331878662,1.0002000331878662,57052.2734375,2755.908447265625,0.999800980091095,0.9998000264167786,57714.6640625,2772.83837890625,0.9998070001602173,0.999871015548706,42836427360,28726205272,1867976129,93561408428
2021-05-02,56631.078125,2952.05615234375,0.9999489784240723,1.0001319646835327,56631.078125,2952.05615234375,0.9999489784240723,1.0001319646835327,57902.59375,2984.891845703125,1.0002000331878662,1.0002000331878662,56141.90625,2860.526123046875,0.999800980091095,0.9998000264167786,57825.86328125,2945.56005859375,1.0001109838485718,0.9999120235443115,38177405335,28032013047,1366986801,87140031400
2021-05-03,57200.29296875,3431.086181640625,1.0001039505004883,1.0001649856567383,57200.29296875,3431.086181640625,1.0001039505004883,1.0001649856567383,58973.30859375,3450.037841796875,1.0002000331878662,1.0002000331878662,56590.87109375,2951.17578125,0.9998000264167786,0.9998000264167786,56620.2734375,2951.17578125,0.9999759793281555,0.9999589920043945,51713139031,49174290212,2684327606,115365514515
2021-05-04,53333.5390625,3253.62939453125,1.000195026397705,0.9999510049819946,53333.5390625,3253.62939453125,1.000195026397705,0.9999510049819946,57214.1796875,3523.5859375,1.0002000331878662,1.0001989603042603,53191.42578125,3180.74267578125,0.999800980091095,0.9998000264167786,57214.1796875,3431.131591796875,1.0001380443572998,0.9999309778213501,68564706967,62402045158,3275014762,184507815469
2021-05-05,57424.0078125,3522.783203125,1.0001180171966553,0.999875009059906,57424.0078125,3522.783203125,1.0001180171966553,0.999875009059906,57911.36328125,3541.462646484375,1.0002000331878662,1.0001989603042603,52969.0546875,3213.1015625,0.9998000264167786,0.9998000264167786,53252.1640625,3240.5546875,0.9999390244483948,0.999983012676239,69241316747,48334198383,2783594521,194666058568
2021-05-06,56396.515625,3490.88037109375,1.000054955482483,1.000169038772583,56396.515625,3490.88037109375,1.000054955482483,1.000169038772583,58363.31640625,3598.89599609375,1.0002000331878662,1.0002000331878662,55382.5078125,3386.239990234375,0.9998000264167786,0.9998000264167786,57441.30859375,3524.930908203125,0.9998170137405396,1.00006902217865,69523285106,44300394788,2220457984,209142160582
2021-05-07,57356.40234375,3484.72900390625,1.0000770092010498,1.0001660585403442,57356.40234375,3484.72900390625,1.0000770092010498,1.0001660585403442,58606.6328125,3573.2900390625,1.0002000331878662,1.0002000331878662,55321.84765625,3370.261962890625,0.9998000264167786,0.9998000264167786,56413.953125,3490.105224609375,1.000048041343689,1.000048041343689,68434023376,39607240515,2266049147,195953903780
2021-05-08,58803.77734375,3902.647705078125,1.000033974647522,1.0000779628753662,58803.77734375,3902.647705078125,1.000033974647522,1.0000779628753662,59464.61328125,3950.1650390625,1.0002000331878662,1.0002000331878662,56975.2109375,3453.7685546875,0.9998000264167786,0.9998000264167786,57352.765625,3481.988037109375,1.000022053718567,0.9999489784240723,65382980634,50208491286,2317458254,154970468014
2021-05-09,58232.31640625,3928.8447265625,1.0000519752502441,1.0000580549240112,58232.31640625,3928.8447265625,1.0000519752502441,1.0000580549240112,59210.8828125,3981.259033203125,1.0002000331878662,1.0002000331878662,56482.00390625,3743.989013671875,0.999800980091095,0.999800980091095,58877.390625,3911.463134765625,0.9998220205307007,1.000167965888977,65906690347,50568290278,2704843631,177124716916
2021-05-10,55859.796875,3952.2939453125,1.0000170469284058,1.0001369714736938,55859.796875,3952.2939453125,1.0000170469284058,1.0001369714736938,59519.35546875,4197.47314453125,1.0002000331878662,1.0001989603042603,54071.45703125,3684.45166015625,0.9998000264167786,0.9998000264167786,58250.87109375,3924.413330078125,0.9999369978904724,0.999800980091095,71776546298,62691789007,3173361075,196654261473
2021-05-11,56704.57421875,4168.701171875,1.0001670122146606,0.9999669790267944,56704.57421875,4168.701171875,1.0001670122146606,0.9999669790267944,56872.54296875,4178.208984375,1.0002000331878662,1.0002000331878662,54608.65234375,3783.889404296875,0.9998000264167786,0.9998000264167786,55847.2421875,3948.27197265625,0.9998360276222229,0.9998130202293396,61308396325,52679737865,2566367931,175304543466
2021-05-12,49150.53515625,3785.8486328125,1.0000970363616943,0.9999930262565613,49150.53515625,3785.8486328125,1.0000970363616943,0.9999930262565613,57939.36328125,4362.3505859375,1.0002000331878662,1.0002000331878662,49150.53515625,3785.8486328125,0.9998000264167786,0.9998000264167786,56714.53125,4174.6357421875,0.9999340176582336,1.0000669956207275,75215403907,69023382175,3183988042,179881127372
2021-05-13,49716.19140625,3715.1484375,0.9998239874839783,0.9998679757118225,49716.19140625,3715.1484375,0.9998239874839783,0.9998679757118225,51330.84375,4032.5634765625,1.0002000331878662,1.0002000331878662,46980.01953125,3549.4072265625,0.9998000264167786,0.999800980091095,49735.43359375,3828.91845703125,0.9998070001602173,0.9999200105667114,96721152926,78398214539,4460022465,238503239903
2021-05-14,49880.53515625,4079.057373046875,0.9999619722366333,0.9999650120735168,49880.53515625,4079.057373046875,0.9999619722366333,0.9999650120735168,51438.1171875,4171.01708984375,1.0001989603042603,1.0002000331878662,48868.578125,3703.39990234375,0.9998000264167786,0.9998000264167786,49682.98046875,3720.122314453125,0.9998840093612671,1.0000959634780884,55737497453,48174271215,3146472043,157669573391
2021-05-15,46760.1875,3638.1220703125,1.0000900030136108,0.9998229742050171,46760.1875,3638.1220703125,1.0000900030136108,0.9998229742050171,50639.6640625,4129.185546875,1.0002000331878662,1.0002000331878662,46664.140625,3638.1220703125,0.9998000264167786,0.999800980091095,49855.49609375,4075.95166015625,0.9999529719352722,0.9999600052833557,59161047474,42422321751,3328173098,160240116663
2021-05-16,46456.05859375,3587.506103515625,1.000154972076416,0.9999750256538391,46456.05859375,3587.506103515625,1.000154972076416,0.9999750256538391,49720.04296875,3878.89599609375,1.0002000331878662,1.0001989603042603,43963.3515625,3350.95166015625,0.9998000264167786,0.999800980091095,46716.63671875,3641.830810546875,0.9998400211334229,1.0001239776611328,64047871555,47359478734,3772657577,156189820298
2021-05-17,43537.51171875,3282.397705078125,1.000100016593933,0.9998019933700562,43537.51171875,3282.397705078125,1.000100016593933,0.9998019933700562,46623.55859375,3587.765625,1.0002000331878662,1.0002000331878662,42207.2890625,3129.0087890625,0.9998000264167786,0.9998000264167786,46415.8984375,3581.343017578125,0.9998559951782227,0.9998509883880615,74903638450,54061732774,4135608294,174105627753
2021-05-18,42909.40234375,3380.070068359375,1.0000180006027222,1.0006799697875977,42909.40234375,3380.070068359375,1.0000180006027222,1.0006799697875977,45812.45703125,3562.465087890625,1.0011680126190186,1.0019949674606323,42367.83203125,3246.404052734375,0.9995710253715515,0.9998019933700562,43488.05859375,3276.872314453125,1.0001599788665771,0.999983012676239,56187365084,40416525218,3070777038,139497732905
2021-05-19,37002.44140625,2460.67919921875,0.999925971031189,1.0016160011291504,37002.44140625,2460.67919921875,0.999925971031189,1.0016160011291504,43546.1171875,3437.935791015625,1.0018240213394165,1.001999020576477,30681.49609375,1952.460205078125,0.9980549812316895,0.9986280202865601,42944.9765625,3382.6572265625,1.0000380277633667,1.0006200075149536,126358098747,84482912776,8053431253,279067455600
2021-05-20,40782.73828125,2784.294189453125,0.9998800158500671,1.001852035522461,40782.73828125,2784.294189453125,0.9998800158500671,1.001852035522461,42462.984375,2993.145263671875,1.0010299682617188,1.0019960403442383,35050.6171875,2170.22900390625,0.9996770024299622,1.0008879899978638,36753.66796875,2439.638671875,0.9998499751091003,1.0017249584197998,88281943359,67610826680,5382601764,203389167819
2021-05-21,37304.69140625,2430.621337890625,1.0004169940948486,1.0018880367279053,37304.69140625,2430.621337890625,1.0004169940948486,1.0018880367279053,42172.171875,2938.205078125,1.0017659664154053,1.0019999742507935,33616.453125,2113.34716796875,0.9996479749679565,1.0009560585021973,40596.94921875,2772.34130859375,0.9998679757118225,1.0019069910049438,82051616861,53774070802,4613942917,175788781082
2021-05-22,37536.6328125,2295.70556640625,1.0008070468902588,1.0015549659729004,37536.6328125,2295.70556640625,1.0008070468902588,1.0015549659729004,38831.0546875,2483.983154296875,1.0010679960250854,1.0019969940185547,35383.68359375,2168.124267578125,0.999888002872467,1.0006580352783203,37371.03125,2436.0146484375,1.0006070137023926,1.0019619464874268,57377273240,42089937660,3335609643,123183907998
2021-05-23,34770.58203125,2109.579833984375,1.0004220008850098,1.0016740560531616,34770.58203125,2109.579833984375,1.0004220008850098,1.0016740560531616,38289.21875,2384.41162109375,1.001682996749878,1.0019960403442383,31227.33984375,1737.46875,1.0000040531158447,1.000445008277893,37531.44921875,2298.3671875,1.0007619857788086,1.0015690326690674,78469274361,56005721977,5171953965,166357484552
2021-05-24,38705.98046875,2643.591064453125,1.0002870559692383,1.001471996307373,38705.98046875,2643.591064453125,1.0002870559692383,1.001471996307373,39835.140625,2672.595703125,1.0007059574127197,1.001997947692871,34551.08203125,2090.6396484375,0.9997259974479675,1.0010290145874023,34700.36328125,2099.93603515625,1.0004620552062988,1.0016230344772339,67359584098,53697121740,4286226504,150726607629
2021-05-25,38402.22265625,2706.62890625,0.9999300241470337,1.00114905834198,38402.22265625,2706.62890625,0.9999300241470337,1.00114905834198,39776.3515625,2750.534912109375,1.0006699562072754,1.0019999742507935,36581.4296875,2394.35546875,0.9997760057449341,1.0010099411010742,38795.78125,2649.033203125,1.000324010848999,1.001423954963684,56211915803,49558333256,3043007002,133337899988
2021-05-26,39294.19921875,2888.69873046875,1.000417947769165,1.0017659664154053,39294.19921875,2888.69873046875,1.000417947769165,1.0017659664154053,40782.078125,2911.735595703125,1.0009050369262695,1.001999020576477,37905.8359375,2652.094482421875,0.9997100234031677,1.0008089542388916,38392.625,2707.052734375,0.9999169707298279,1.0011130571365356,51346735160,42499766020,2604239878,115346863805
2021-05-27,38436.96875,2736.488525390625,1.0002490282058716,1.0009909868240356,38436.96875,2736.488525390625,1.0002490282058716,1.0009909868240356,40379.6171875,2888.75244140625,1.000931978225708,1.001999020576477,37247.90234375,2642.60791015625,0.9998599886894226,1.0006979703903198,39316.890625,2888.75244140625,1.0003889799118042,1.0017889738082886,43210968721,33373635283,1971138940,98115089359
2021-05-28,35697.60546875,2419.90625,1.0001959800720215,1.0004810094833374,35697.60546875,2419.90625,1.0001959800720215,1.0004810094833374,38856.96875,2761.36328125,1.0007679462432861,1.0016720294952393,34779.0390625,2336.361328125,0.999862015247345,1.0003440380096436,38507.08203125,2742.468994140625,1.000251054763794,1.0009069442749023,55200191952,39999114805,2707603887,114444985848
2021-05-29,34616.06640625,2279.51416015625,0.9999009966850281,1.000391960144043,34616.06640625,2279.51416015625,0.9999009966850281,1.000391960144043,37234.5,2566.9384765625,1.0008809566497803,1.0011719465255737,33693.9296875,2208.490966796875,0.999800980091095,1.0000859498977661,35684.15625,2414.067138671875,1.0001440048217773,1.000499963760376,45231013335,33773720220,2227562471,93338666927
2021-05-30,35678.12890625,2390.305419921875,0.9994980096817017,1.0000629425048828,35678.12890625,2390.305419921875,0.9994980096817017,1.0000629425048828,36400.66796875,2472.187744140625,1.0002360343933105,1.0008209943771362,33520.73828125,2188.83447265625,0.9990929961204529,0.9996500015258789,34607.40625,2278.288818359375,0.9998949766159058,1.000372052192688,31646080921,25876619428,2190418517,76081689608
2021-05-31,37332.85546875,2714.9453125,1.000264048576355,1.0005329847335815,37332.85546875,2714.9453125,1.000264048576355,1.0005329847335815,37468.25,2715.85498046875,1.0006970167160034,1.0012680292129517,34241.9453125,2279.505126953125,0.9993910193443298,0.9999650120735168,35658.59375,2387.198486328125,0.9995599985122681,0.9999859929084778,39009847639,31007383150,2333931932,87983357586
2021-06-01,36684.92578125,2633.518310546875,1.0000250339508057,1.0001089572906494,36684.92578125,2633.518310546875,1.0000250339508057,1.0001089572906494,37896.734375,2739.737548828125,1.0007380247116089,1.001065969467163,35787.0859375,2531.16064453125,0.9997829794883728,0.9997389912605286,37293.79296875,2707.560546875,1.0002830028533936,1.0004780292510986,34639423297,27363223090,1999280287,84110288079
2021-06-02,37575.1796875,2706.125,1.000277042388916,1.0005500316619873,37575.1796875,2706.125,1.000277042388916,1.0005500316619873,38231.33984375,2801.392333984375,1.000736951828003,1.0008519887924194,35966.30859375,2555.4013671875,0.9998360276222229,0.9997599720954895,36699.921875,2634.4560546875,1.0000649690628052,1.0000710487365723,33070867190,27723267359,1776182592,80399629557
2021-06-03,39208.765625,2855.12646484375,1.000241994857788,1.0005710124969482,39208.765625,2855.12646484375,1.000241994857788,1.0005710124969482,39478.953125,2891.2548828125,1.0008230209350586,1.0009269714355469,37243.97265625,2667.684326171875,1.0000170469284058,0.9999799728393555,37599.41015625,2708.376220703125,1.000370979309082,1.0003650188446045,35460750427,30038207402,2167192412,79950612936
2021-06-04,36894.40625,2688.195068359375,1.0007489919662476,1.0010379552841187,36894.40625,2688.195068359375,1.0007489919662476,1.0010379552841187,39242.484375,2857.16552734375,1.0011190176010132,1.001471996307373,35717.72265625,2562.637451171875,0.9998220205307007,1.0000890493392944,39242.484375,2857.16552734375,1.0002429485321045,1.0004550218582153,41831090187,34173841611,2570089020,92563710563
2021-06-05,35551.95703125,2630.576904296875,1.0001840591430664,1.0003130435943604,35551.95703125,2630.576904296875,1.0001840591430664,1.0003130435943604,37917.71484375,2817.48486328125,1.0014230012893677,1.0016249418258667,34900.4140625,2558.233642578125,0.999879002571106,1.0000859498977661,36880.15625,2691.619384765625,1.0006500482559204,1.0011459589004517,35959473399,30496672724,1876582877,74062610826
2021-06-06,35862.37890625,2715.0927734375,1.0005769729614258,1.0008399486541748,35862.37890625,2715.0927734375,1.0005769729614258,1.0008399486541748,36436.421875,2743.441162109375,1.0006779432296753,1.0010210275650024,35304.578125,2616.162353515625,0.999750018119812,1.0002789497375488,35538.609375,2629.748779296875,1.000095009803772,1.0004700422286987,28913440585,25311639414,1383139177,54108953419
2021-06-07,33560.70703125,2590.26318359375,1.000540018081665,1.0007890462875366,33560.70703125,2590.26318359375,1.000540018081665,1.0007890462875366,36790.5703125,2845.18505859375,1.0009020566940308,1.0012160539627075,33480.640625,2583.9951171875,0.9997230172157288,0.9999139904975891,35835.265625,2713.04736328125,1.0005370378494263,1.0008529424667358,33683936663,30600111277,1862347845,70487554952
2021-06-08,33472.6328125,2517.438720703125,1.0004969835281372,1.001189947128296,33472.6328125,2517.438720703125,1.0004969835281372,1.001189947128296,34017.38671875,2620.84619140625,1.0009039640426636,1.0016340017318726,31114.443359375,2315.546630859375,0.9999989867210388,1.0003989934921265,33589.51953125,2594.602294921875,1.0004940032958984,1.000728964805603,49902050442,41909736778,2790193245,96727203765
2021-06-09,37345.12109375,2608.26708984375,0.9999499917030334,1.0005719661712646,37345.12109375,2608.26708984375,0.9999499917030334,1.0005719661712646,37537.37109375,2625.070556640625,1.0009039640426636,1.0015590190887451,32475.865234375,2412.19775390625,0.9996659755706787,1.0002310276031494,33416.9765625,2510.19921875,1.000488042831421,1.0012129545211792,53972919008,36075832186,2342690520,92231696007
2021-06-10,36702.59765625,2471.5185546875,1.0003169775009155,1.0007380247116089,36702.59765625,2471.5185546875,1.0003169775009155,1.0007380247116089,38334.32421875,2619.957763671875,1.0005539655685425,1.0010390281677246,35847.59375,2435.401611328125,0.9997180104255676,1.0001649856567383,37389.515625,2611.142578125,0.9999750256538391,1.0005320310592651,43576032854,28753626390,1900199959,72706032485
2021-06-11,37334.3984375,2353.768798828125,1.0004349946975708,1.0005110502243042,37334.3984375,2353.768798828125,1.0004349946975708,1.0005110502243042,37608.6953125,2495.414794921875,1.0006400346755981,1.0009980201721191,36044.44921875,2326.86962890625,0.9995750188827515,0.9999459981918335,36697.03125,2472.85888671875,1.0002930164337158,1.000764012336731,38699736985,24832564195,1874628476,62233050872
2021-06-12,35552.515625,2372.484375,1.0011359453201294,1.0011399984359741,35552.515625,2372.484375,1.0011359453201294,1.0011399984359741,37408.92578125,2447.227783203125,1.0011850595474243,1.0012110471725464,34728.19140625,2265.758056640625,0.9999629855155945,1.0000959634780884,37340.14453125,2354.752197265625,1.000478982925415,1.0004849433898926,37924228550,25724364410,1727912702,62020661713
2021-06-13,39097.859375,2508.3916015625,0.9996299743652344,0.9997329711914062,39097.859375,2508.3916015625,0.9996299743652344,0.9997329711914062,39322.78125,2547.367919921875,1.0013669729232788,1.0012919902801514,34864.109375,2312.64013671875,0.9994339942932129,0.9995689988136292,35555.7890625,2372.690185546875,1.0010960102081299,1.0011370182037354,40669112838,27092945370,1731376606,62855843708
2021-06-14,40218.4765625,2537.89111328125,1.0000300407409668,1.0006259679794312,40218.4765625,2537.89111328125,1.0000300407409668,1.0006259679794312,40978.36328125,2606.432861328125,1.000633955001831,1.0007820129394531,38757.28515625,2469.38818359375,0.999422013759613,0.9996169805526733,39016.96875,2508.7705078125,0.9996100068092346,0.9996950030326843,43148914673,26964576331,1729527102,64693139740
2021-06-15,40406.26953125,2610.936767578125,1.00028395652771,1.0003770589828491,40406.26953125,2610.936767578125,1.00028395652771,1.0003770589828491,41295.26953125,2639.229248046875,1.010241985321045,1.0104249715805054,39609.46875,2515.153076171875,0.9997619986534119,0.9997429847717285,40427.16796875,2587.7626953125,1.0001300573349,1.0004650354385376,46420149185,29005279219,1933931509,69666548571
2021-06-16,38347.0625,2367.66357421875,1.000167965888977,1.0000230073928833,38347.0625,2367.66357421875,1.000167965888977,1.0000230073928833,40516.77734375,2554.62890625,1.000823974609375,1.000910997390747,38176.03515625,2354.3505859375,0.9994850158691406,0.9993879795074463,40168.69140625,2544.86474609375,1.00034499168396,1.0003880262374878,39211635100,24101926180,1915334512,60779453764
2021-06-17,38053.50390625,2372.001953125,1.000717043876648,1.0007450580596924,38053.50390625,2372.001953125,1.000717043876648,1.0007450580596924,39513.671875,2457.175537109375,1.0007989406585693,1.0007450580596924,37439.67578125,2312.301513671875,0.9995899796485901,0.9997419714927673,38341.421875,2367.306396484375,1.0001260042190552,1.0001120567321777,37096670047,21871633186,2154845901,55428282562
2021-06-18,35787.24609375,2231.733154296875,1.0013840198516846,1.001749038696289,35787.24609375,2231.733154296875,1.0013840198516846,1.001749038696289,38187.26171875,2377.195068359375,1.001600980758667,1.0019999742507935,35255.85546875,2147.308349609375,0.9997640252113342,0.999879002571106,38099.4765625,2374.5869140625,1.0006719827651978,1.000704050064087,36200887275,22752818388,2071077950,58250506049
2021-06-19,35615.87109375,2178.4990234375,1.001386046409607,1.001451015472412,35615.87109375,2178.4990234375,1.001386046409607,1.001451015472412,36457.796875,2278.4150390625,1.001710057258606,1.0019960403442383,34933.0625,2168.885009765625,1.0000430345535278,1.0003819465637207,35854.52734375,2235.1591796875,1.001412034034729,1.0016460418701172,31207279719,18765854896,1592022973,48324762375
2021-06-20,35698.296875,2246.364501953125,1.0009620189666748,1.0008749961853027,35698.296875,2246.364501953125,1.0009620189666748,1.0008749961853027,36059.484375,2275.3828125,1.0014539957046509,1.0016119480133057,33432.07421875,2049.962646484375,1.000548005104065,1.0003479719161987,35563.140625,2171.337890625,1.0013129711151123,1.0015480518341064,36664034054,22535930423,2004269887,57176763747
2021-06-21,31676.693359375,1888.447509765625,1.0002599954605103,1.0000890493392944,31676.693359375,1888.447509765625,1.0002599954605103,1.0000890493392944,35721.640625,2259.464111328125,1.0018130540847778,1.001781940460205,31295.935546875,1867.1854248046875,1.000141978263855,0.9999529719352722,35641.14453125,2245.31787109375,1.000898003578186,1.0009139776229858,52809038594,33745173825,4276274311,90616591970
2021-06-22,32505.66015625,1874.9500732421875,1.0008050203323364,1.0010019540786743,32505.66015625,1874.9500732421875,1.0008050203323364,1.0010019540786743,33292.453125,1993.1597900390625,1.0015009641647339,1.0017770528793335,28893.62109375,1707.6005859375,1.0000300407409668,0.9998959898948669,31622.376953125,1886.6676025390625,1.0001670122146606,1.000156044960022,58964353058,35547251725,4227695695,101175206595
2021-06-23,33723.02734375,1989.736328125,1.0004700422286987,1.0007460117340088,33723.02734375,1989.736328125,1.0004700422286987,1.0007460117340088,34753.41015625,2043.5303955078125,1.000838041305542,1.0011420249938965,31772.6328125,1827.571533203125,1.0001660585403442,1.0003900527954102,32515.71484375,1878.625,1.0007389783859253,1.0009620189666748,46317108925,28408659206,3250654168,78451207170
2021-06-24,34662.4375,1988.456298828125,1.0001260042190552,1.0001490116119385,34662.4375,1988.456298828125,1.0001260042190552,1.0001490116119385,35228.8515625,2032.33935546875,1.0008480548858643,1.0009839534759521,32385.21484375,1887.4320068359375,1.0000009536743164,0.9999079704284668,33682.80078125,1968.9573974609375,1.0005420446395874,1.0007259845733643,33123368116,20272845769,2086547894,54635236494
2021-06-25,31637.779296875,1813.21728515625,1.0000170469284058,0.999845027923584,31637.779296875,1813.21728515625,1.0000170469284058,0.999845027923584,35487.24609375,2017.759521484375,1.000723958015442,1.0005830526351929,31350.884765625,1794.400390625,0.9993739724159241,0.9989529848098755,34659.10546875,1989.2158203125,1.000190019607544,1.0000929832458496,40230904226,22774334998,2278575965,66436810480
2021-06-26,32186.27734375,1829.2392578125,1.0014359951019287,1.0012140274047852,32186.27734375,1829.2392578125,1.0014359951019287,1.0012140274047852,32637.587890625,1850.1798095703125,1.0014359951019287,1.0013209581375122,30184.501953125,1719.5594482421875,0.9998509883880615,0.9996860027313232,31594.6640625,1810.88427734375,0.9999930262565613,0.9998549818992615,38585385521,20637542361,2166740089,60323833680
2021-06-27,34649.64453125,1978.8946533203125,1.0005910396575928,1.000641942024231,34649.64453125,1978.8946533203125,1.0005910396575928,1.000641942024231,34656.12890625,1979.9581298828125,1.0019550323486328,1.0019999742507935,32071.7578125,1811.245849609375,1.0004080533981323,1.0005240440368652,32287.5234375,1830.9969482421875,1.001376986503601,1.0012600421905518,35511640894,19885474742,2006379615,53158745469
2021-06-28,34434.3359375,2079.657470703125,0.9999250173568726,0.9999279975891113,34434.3359375,2079.657470703125,0.9999250173568726,0.9999279975891113,35219.890625,2139.805419921875,1.0007139444351196,1.000802993774414,33902.07421875,1963.615478515625,0.9997389912605286,0.9998829960823059,34679.12109375,1981.386474609375,1.0005149841308594,1.0006890296936035,33892523752,25514602841,2280426599,56773812735
2021-06-29,35867.77734375,2160.768310546875,1.0000660419464111,1.0000239610671997,35867.77734375,2160.768310546875,1.0000660419464111,1.0000239610671997,36542.109375,2242.23876953125,1.0005589723587036,1.000810980796814,34252.484375,2076.240234375,0.9998149871826172,0.9999009966850281,34475.55859375,2083.44873046875,0.9998760223388672,0.9999510049819946,37901460044,24815124419,2367988438,64868482234
2021-06-30,35040.8359375,2274.547607421875,1.0000890493392944,1.000216007232666,35040.8359375,2274.547607421875,1.0000890493392944,1.000216007232666,36074.7578125,2282.989013671875,1.0004750490188599,1.000633955001831,34086.15234375,2090.7607421875,0.9996479749679565,0.999705970287323,35908.38671875,2164.21630859375,1.0000239610671997,1.00005304813385,34059036099,25828056268,2251615883,62591206838
2021-07-01,33572.1171875,2113.60546875,1.0001920461654663,1.0002260208129883,33572.1171875,2113.60546875,1.0001920461654663,1.0002260208129883,35035.984375,2274.3974609375,1.0006730556488037,1.0006400346755981,32883.78125,2081.0810546875,0.9998779892921448,0.9999970197677612,35035.984375,2274.3974609375,1.0000649690628052,1.0002009868621826,37838957079,29061701793,2063325693,54577458289
2021-07-02,33897.046875,2150.040283203125,1.000035047531128,1.0000330209732056,33897.046875,2150.040283203125,1.000035047531128,1.0000330209732056,33939.58984375,2155.596435546875,1.0009160041809082,1.000830054283142,32770.6796875,2021.8248291015625,0.999966025352478,0.9999909996986389,33549.6015625,2109.892578125,1.000177025794983,1.0003010034561157,38728974942,31796212554,1787895570,45626594041
2021-07-03,34668.546875,2226.1142578125,0.9999840259552002,0.9999560117721558,34668.546875,2226.1142578125,0.9999840259552002,0.9999560117721558,34909.26171875,2237.567138671875,1.0006699562072754,1.0006740093231201,33402.6953125,2117.590087890625,0.9999250173568726,0.9999139904975891,33854.421875,2150.8349609375,1.000048041343689,1.0000460147857666,24383958643,17433361641,1491016821,41194990425
2021-07-04,35287.78125,2321.72412109375,0.9994999766349792,0.9995009899139404,35287.78125,2321.72412109375,0.9994999766349792,0.9995009899139404,35937.56640625,2384.286865234375,1.0001870393753052,1.0001649856567383,34396.4765625,2190.837646484375,0.9989010095596313,0.9989020228385925,34665.56640625,2226.55029296875,0.9999560117721558,0.999987006187439,24924307911,18787107473,1578667344,43066655708
2021-07-05,33746.00390625,2198.58251953125,1.0005279779434204,1.0006669759750366,33746.00390625,2198.58251953125,1.0005279779434204,1.0006669759750366,35284.34375,2321.9228515625,1.0008389949798584,1.001039981842041,33213.66015625,2163.04150390625,0.9994590282440186,0.999426007270813,35284.34375,2321.9228515625,0.9995660185813904,0.999426007270813,26721554282,20103794829,1887495558,47215849676
2021-07-06,34235.1953125,2324.679443359375,1.0000590085983276,1.0000900030136108,34235.1953125,2324.679443359375,1.0000590085983276,1.0000900030136108,35038.53515625,2346.294921875,1.0007309913635254,1.0008790493011475,33599.91796875,2197.91943359375,0.9996619820594788,0.9998250007629395,33723.5078125,2197.91943359375,1.000501036643982,1.0007280111312866,26501259870,20891861314,2312601910,51054194253
2021-07-07,33855.328125,2315.161865234375,1.0003700256347656,1.000707983970642,33855.328125,2315.161865234375,1.0003700256347656,1.000707983970642,34997.6640625,2403.7734375,1.0005990266799927,1.0007920265197754,33839.2890625,2298.02685546875,0.9995520114898682,0.9997720122337341,34225.6796875,2323.20849609375,1.0001260042190552,1.000022053718567,24796027477,22398345285,1998620780,50370827531
2021-07-08,32877.37109375,2120.0263671875,0.9999449849128723,0.9998999834060669,32877.37109375,2120.0263671875,0.9999449849128723,0.9998999834060669,33907.90625,2324.0068359375,1.0010910034179688,1.001404047012329,32133.18359375,2089.414306640625,0.9996410012245178,0.9996979832649231,33889.60546875,2317.94921875,1.0004240274429321,1.0006279945373535,29910396946,23188123689,2270470755,54546974469
2021-07-09,33798.01171875,2146.6923828125,0.9998310208320618,0.9996389746665955,33798.01171875,2146.6923828125,0.9998310208320618,0.9996389746665955,34042.29296875,2185.376220703125,1.0003069639205933,1.000133991241455,32318.880859375,2051.066650390625,0.9996029734611511,0.9994999766349792,32861.671875,2115.573974609375,0.9999290108680725,0.9998970031738281,27436021028,23029574602,1926093225,48513127150
2021-07-10,33520.51953125,2111.403564453125,1.0001540184020996,0.9999799728393555,33520.51953125,2111.403564453125,1.0001540184020996,0.9999799728393555,34209.0703125,2190.1240234375,1.0006990432739258,1.000535011291504,33116.01171875,2081.923583984375,0.9996060132980347,0.9994609951972961,33811.2421875,2146.999755859375,0.9998379945755005,0.9997329711914062,22971873468,17581542471,1688326088,39811881630
2021-07-11,34240.1875,2139.664794921875,1.0002679824829102,1.0002249479293823,34240.1875,2139.664794921875,1.0002679824829102,1.0002249479293823,34584.703125,2172.6533203125,1.0012520551681519,1.0010930299758911,33346.73828125,2083.8037109375,1.000156044960022,0.9999189972877502,33509.078125,2110.875732421875,1.000156044960022,1.0000510215759277,20108729370,14705386138,1380260792,33700882503
2021-07-12,33155.84765625,2036.7210693359375,1.000372052192688,1.000270962715149,33155.84765625,2036.7210693359375,1.000372052192688,1.000270962715149,34592.15625,2167.710205078125,1.000923991203308,1.0008200407028198,32697.30859375,2011.0189208984375,1.0000139474868774,0.9999250173568726,34254.015625,2140.5068359375,1.0002529621124268,1.0002340078353882,24321499537,17768129077,1869328110,40963905755
2021-07-13,32702.025390625,1940.083984375,1.0001399517059326,0.9998999834060669,32702.025390625,1940.083984375,1.0001399517059326,0.9998999834060669,33327.1015625,2040.693603515625,1.0007799863815308,1.0009039640426636,32261.419921875,1922.577880859375,0.9999930262565613,0.999879002571106,33125.46875,2034.098388671875,1.0003730058670044,1.0003600120544434,19120856669,16621628658,2052753217,40689021551
2021-07-14,32822.34765625,1994.331298828125,0.9999539852142334,1.0001349449157715,32822.34765625,1994.331298828125,0.9999539852142334,1.0001349449157715,33061.3984375,2015.107421875,1.000722050666809,1.0007619857788086,31639.125,1869.22314453125,0.9999269843101501,0.9998810291290283,32723.845703125,1941.1678466796875,1.000054955482483,1.0000200271606445,21376531210,17342819679,2178980895,45371034562
2021-07-15,31780.73046875,1911.1756591796875,1.0001460313796997,0.9999470114707947,31780.73046875,1911.1756591796875,1.0001460313796997,0.9999470114707947,33159.640625,2037.7425537109375,1.00074303150177,1.000411033630371,31175.708984375,1883.272216796875,0.9997140169143677,0.9998120069503784,32827.875,1994.7120361328125,1.0000410079956055,1.0001239776611328,21300524237,15688092552,2024673761,45208496773
2021-07-16,31421.5390625,1880.3829345703125,1.0003360509872437,1.0003730058670044,31421.5390625,1880.3829345703125,1.0003360509872437,1.0003730058670044,32218.40625,1959.6962890625,1.0004119873046875,1.0004889965057373,31100.673828125,1853.59033203125,0.9999570250511169,0.9999470114707947,31841.55078125,1916.598388671875,1.0001649856567383,0.9999539852142334,23699476918,14884569147,1967709606,45730099926
2021-07-17,31533.068359375,1898.8251953125,1.0004949569702148,1.0005520582199097,31533.068359375,1898.8251953125,1.0004949569702148,1.0005520582199097,31935.9453125,1917.597900390625,1.0008649826049805,1.0009080171585083,31223.990234375,1855.5908203125,0.999983012676239,1.000040054321289,31397.30859375,1876.88134765625,1.0002670288085938,1.000365972518921,18895018942,13364282076,1654537979,39163445316
2021-07-18,31796.810546875,1895.5521240234375,1.000573992729187,1.00062096118927,31796.810546875,1895.5521240234375,1.000573992729187,1.00062096118927,32398.99609375,1988.33642578125,1.0007779598236084,1.000769019126892,31215.4921875,1883.0125732421875,0.999455988407135,0.9995629787445068,31533.884765625,1900.1943359375,1.0004949569702148,1.0005580186843872,18787986667,13791868728,1646186031,36385511871
2021-07-19,30817.83203125,1817.296630859375,1.0002590417861938,1.0000929832458496,30817.83203125,1817.296630859375,1.0002590417861938,1.0000929832458496,31885.859375,1916.1180419921875,1.000777006149292,1.0006999969482422,30563.734375,1807.909912109375,1.000120997428894,0.9998720288276672,31800.01171875,1893.0535888671875,1.000560998916626,1.0006450414657593,20434789545,14157735481,1882742176,40152920396
2021-07-20,29807.34765625,1787.5107421875,1.0002750158309937,1.000296950340271,29807.34765625,1787.5107421875,1.0002750158309937,1.000296950340271,31006.1875,1836.998046875,1.0006940364837646,1.000527024269104,29360.955078125,1722.05078125,1.0000799894332886,1.0000050067901611,30838.28515625,1819.08203125,1.0003050565719604,1.0001109838485718,23148267245,17368597636,2382271230,45790527475
2021-07-21,32110.693359375,1990.9708251953125,1.0002009868621826,1.0002659559249878,32110.693359375,1990.9708251953125,1.0002009868621826,1.0002659559249878,32752.326171875,2025.680419921875,1.0004160404205322,1.000465989112854,29526.18359375,1759.0233154296875,0.9997590184211731,0.9998109936714172,29796.28515625,1786.2762451171875,1.0002800226211548,1.0002919435501099,28203024559,21253359756,2641185552,57772259331
2021-07-22,32313.10546875,2025.2027587890625,1.0002919435501099,1.0002169609069824,32313.10546875,2025.2027587890625,1.0002919435501099,1.0002169609069824,32576.400390625,2044.116455078125,1.0005929470062256,1.0006239414215088,31745.298828125,1954.2978515625,0.9997180104255676,0.9996989965438843,32138.873046875,1994.8228759765625,1.0001929998397827,1.0002080202102661,19555230518,17495480331,1951581122,45353041839
2021-07-23,33581.55078125,2124.776611328125,1.0000649690628052,1.0003260374069214,33581.55078125,2124.776611328125,1.0000649690628052,1.0003260374069214,33581.55078125,2129.441162109375,1.000633955001831,1.000802993774414,32057.892578125,2000.436279296875,0.9995779991149902,0.999858021736145,32305.958984375,2025.105712890625,1.0002789497375488,1.0002650022506714,22552046192,16200392492,1843554513,48879632451
2021-07-24,34292.4453125,2189.21875,1.0002330541610718,1.0006979703903198,34292.4453125,2189.21875,1.0002330541610718,1.0006979703903198,34490.390625,2197.6494140625,1.0007410049438477,1.0011249780654907,33424.859375,2107.323486328125,0.9997649788856506,1.000033974647522,33593.73046875,2123.961181640625,1.0000159740447998,1.0002950429916382,21664706865,16057446601,1879930934,51306998692
2021-07-25,35350.1875,2191.373779296875,0.9995869994163513,1.000162959098816,35350.1875,2191.373779296875,0.9995869994163513,1.000162959098816,35364.92578125,2194.438232421875,1.0002620220184326,1.0007799863815308,33881.8359375,2108.829833984375,0.9988549947738647,0.999206006526947,34290.29296875,2187.1455078125,1.0002000331878662,1.0006920099258423,20856685287,14566483636,1597724492,45864253744
2021-07-26,37337.53515625,2233.36669921875,1.000108003616333,1.0002540349960327,37337.53515625,2233.36669921875,1.000108003616333,1.0002540349960327,40499.67578125,2428.817138671875,1.0006179809570312,1.000741958618164,35287.3125,2177.32958984375,0.9994519948959351,0.9997640252113342,35384.03125,2191.309814453125,0.9995980262756348,1.0001840591430664,51022126212,29614324233,4345976082,92450192578
2021-07-27,39406.94140625,2298.33349609375,1.0000189542770386,1.0001319646835327,39406.94140625,2298.33349609375,1.0000189542770386,1.0001319646835327,39406.94140625,2316.9501953125,1.0006829500198364,1.0007020235061646,36441.7265625,2154.731201171875,0.9998360276222229,0.9999390244483948,37276.03515625,2230.197021484375,1.000156044960022,1.0001039505004883,35097370560,23067480378,3322377092,67906963431
2021-07-28,39995.90625,2296.54541015625,0.9997979998588562,1.0001169443130493,39995.90625,2296.54541015625,0.9997979998588562,1.0001169443130493,40816.0703125,2341.77783203125,1.0004539489746094,1.0006519556045532,38862.4375,2250.9140625,0.9996700286865234,0.9998340010643005,39503.1875,2302.081298828125,1.0000619888305664,1.0000849962234497,38702404695,18991302378,3167300230,64211172842
2021-07-29,40008.421875,2380.956787109375,1.0002080202102661,1.0002779960632324,40008.421875,2380.956787109375,1.0002080202102661,1.0002779960632324,40593.0703125,2396.451904296875,1.0007989406585693,1.0009510517120361,39352.05859375,2273.40478515625,0.9997079968452454,0.9999039769172668,39995.453125,2299.011962890625,0.9998670220375061,1.000072956085205,27167146027,16313373113,2436098922,49910679856
2021-07-30,42235.546875,2466.96142578125,0.9998430013656616,1.0002830028533936,42235.546875,2466.96142578125,0.9998430013656616,1.0002830028533936,42235.546875,2469.704833984375,1.0008989572525024,1.0012229681015015,38397.35546875,2322.337158203125,0.9995949864387512,0.9998940229415894,40027.484375,2382.545166015625,1.0001089572906494,1.0002989768981934,33072782960,20212848934,2767764066,58525027371
2021-07-31,41626.1953125,2536.2099609375,0.9998469948768616,1.0002720355987549,41626.1953125,2536.2099609375,0.9998469948768616,1.0002720355987549,42231.44921875,2551.1611328125,1.0003260374069214,1.0008540153503418,41110.83203125,2423.816162109375,0.9995750188827515,0.9999300241470337,42196.3046875,2461.57568359375,0.999888002872467,1.000385046005249,25802845343,18001710283,2089374194,51394668827
2021-08-01,39974.89453125,2561.85205078125,1.000161051750183,1.0003410577774048,39974.89453125,2561.85205078125,1.000161051750183,1.0003410577774048,42541.6796875,2695.429443359375,1.0004160404205322,1.0007200241088867,39540.94140625,2520.931884765625,0.9993150234222412,0.9998959898948669,41460.84375,2530.462890625,0.9997450113296509,1.0004489421844482,26688438115,22697987055,2486455912,56095370226
2021-08-02,39201.9453125,2610.1533203125,1.0002859830856323,1.000540018081665,39201.9453125,2610.1533203125,1.0002859830856323,1.000540018081665,40419.1796875,2665.73095703125,1.0005849599838257,1.0007200241088867,38746.34765625,2511.375244140625,0.9998369812965393,0.9999690055847168,39907.26171875,2557.774658203125,1.000156044960022,1.000393033027649,25595265436,22162754104,2439258777,51732217398
2021-08-03,38152.98046875,2502.349609375,1.0002440214157104,1.0003039836883545,38152.98046875,2502.349609375,1.0002440214157104,1.0003039836883545,39750.03125,2630.314208984375,1.0006749629974365,1.0007460117340088,37782.05078125,2449.353515625,1.0000319480895996,0.9999499917030334,39178.40234375,2609.4130859375,1.0003269910812378,1.0005760192871094,26189830450,22696753413,2813334453,53595668066
2021-08-04,39747.50390625,2724.619873046875,1.0000629425048828,1.0000940561294556,39747.50390625,2724.619873046875,1.0000629425048828,1.0000940561294556,39952.296875,2764.443603515625,1.000553011894226,1.000396966934204,37589.1640625,2463.469482421875,0.9997720122337341,0.999779999256134,38213.33203125,2508.544921875,1.0002870559692383,1.000288963317871,25372562724,25038698173,2835178251,55269578265
2021-08-05,40869.5546875,2827.328857421875,0.9995970129966736,1.0000970363616943,40869.5546875,2827.328857421875,0.9995970129966736,1.0000970363616943,41341.93359375,2840.4306640625,1.0004069805145264,1.000491976737976,37458.00390625,2540.68408203125,0.9994339942932129,0.9996569752693176,39744.515625,2725.669677734375,1.0000979900360107,1.0001250505447388,35185031017,31057928075,3178159135,67359787062
2021-08-06,42816.5,2890.941650390625,0.9998109936714172,1.0003819465637207,42816.5,2890.941650390625,0.9998109936714172,1.0003819465637207,43271.66015625,2944.9033203125,1.0001180171966553,1.0004359483718872,39932.1796875,2727.792724609375,0.9993799924850464,0.9999790191650391,40865.8671875,2827.50341796875,0.9996190071105957,1.0000770092010498,38226483046,26528577879,2937467305,69278482398
2021-08-07,44555.80078125,3157.23876953125,0.9998570084571838,1.0003859996795654,44555.80078125,3157.23876953125,0.9998570084571838,1.0003859996795654,44689.859375,3170.229736328125,1.0001499652862549,1.0007469654083252,42618.56640625,2868.53564453125,0.9994480013847351,1.0000799894332886,42832.796875,2891.70751953125,0.9998739957809448,1.0003360509872437,40030862141,33081467129,3489017547,83779571867
2021-08-08,43798.1171875,3013.732666015625,0.9995890259742737,1.0002490282058716,43798.1171875,3013.732666015625,0.9995890259742737,1.0002490282058716,45282.3515625,3184.60400390625,0.999966025352478,1.0005569458007812,43331.91015625,2951.747314453125,0.9991199970245361,0.9999150037765503,44574.4375,3161.232666015625,0.9997820258140564,1.0005379915237427,36302664750,28433638008,3012509725,74286538738
2021-08-09,46365.40234375,3167.856201171875,0.9998329877853394,1.0001529455184937,46365.40234375,3167.856201171875,0.9998329877853394,1.0001529455184937,46456.83203125,3185.701171875,1.00006902217865,1.0004969835281372,42848.6875,2900.926025390625,0.9994570016860962,0.9999920129776001,43791.92578125,3012.8857421875,0.9997079968452454,1.0001139640808105,38734079049,31983260936,3898068399,77735706184
2021-08-10,45585.03125,3141.691162109375,0.9999369978904724,1.0003149509429932,45585.03125,3141.691162109375,0.9999369978904724,1.0003149509429932,46637.98828125,3228.940673828125,1.0004810094833374,1.0009130239486694,44705.5546875,3059.22900390625,0.9994779825210571,0.9997609853744507,46280.84765625,3163.050048828125,0.9998469948768616,1.0001720190048218,33546019517,27605221710,2931130333,74336970320
2021-08-11,45593.63671875,3164.2451171875,0.9999229907989502,1.000535011291504,45593.63671875,3164.2451171875,0.9999229907989502,1.000535011291504,46735.6328125,3269.20947265625,1.0004700422286987,1.001073956489563,45351.7109375,3122.91650390625,0.9993910193443298,0.9998180270195007,45599.703125,3142.830322265625,1.0000170469284058,1.0002750158309937,34319709073,26729035052,2785529004,87167321396
2021-08-12,44428.2890625,3043.414306640625,1.0000920295715332,1.0005420446395874,44428.2890625,3043.414306640625,1.0000920295715332,1.0005420446395874,46228.91015625,3236.314697265625,1.0005899667739868,1.001054048538208,43861.4453125,2984.1669921875,0.9994360208511353,0.9999359846115112,45576.87890625,3164.17578125,0.9999740123748779,1.0005149841308594,33723620826,25403699845,2994704874,82791032054
2021-08-13,47793.3203125,3322.211669921875,0.9995139837265015,1.0002599954605103,47793.3203125,3322.211669921875,0.9995139837265015,1.0002599954605103,47831.9765625,3324.671630859375,1.000538945198059,1.001047968864441,44282.41796875,3037.676025390625,0.9994999766349792,0.9998909831047058,44439.69140625,3049.001220703125,1.0001139640808105,1.0006530284881592,31744259539,23868866254,2628902158,73792175888
2021-08-14,47096.9453125,3265.443359375,0.9999539852142334,1.0005860328674316,47096.9453125,3265.443359375,0.9999539852142334,1.0005860328674316,48098.68359375,3329.281005859375,1.0002299547195435,1.0010279417037964,46177.6328125,3214.519775390625,0.9994310140609741,1.0000859498977661,47810.6875,3322.7626953125,0.9995689988136292,1.0001859664916992,31211354442,19860862133,2254426890,76879764304
2021-08-15,47047.00390625,3310.504150390625,0.9998490214347839,1.000643014907837,47047.00390625,3310.504150390625,0.9998490214347839,1.000643014907837,47357.10546875,3320.084228515625,1.0008909702301025,1.0015289783477783,45579.58984375,3117.791748046875,0.9994480013847351,1.0001319646835327,47096.66796875,3266.276123046875,0.9998840093612671,1.0006890296936035,30988958446,22166205051,2487714412,77556076133
2021-08-16,46004.484375,3156.509521484375,1.0001020431518555,1.0004379749298096,46004.484375,3156.509521484375,1.0001020431518555,1.0004379749298096,47998.09765625,3333.994873046875,1.0002620220184326,1.0010629892349243,45700.3203125,3139.778564453125,0.9992150068283081,0.9998310208320618,47019.9609375,3309.422119140625,0.9998660087585449,1.0005680322647095,32776876610,23080039949,2817667036,84438013592
2021-08-17,44695.359375,3014.845947265625,1.0003290176391602,1.0002189874649048,44695.359375,3014.845947265625,1.0003290176391602,1.0002189874649048,47139.5703125,3288.812744140625,1.0004240274429321,1.0006129741668701,44512.41796875,2996.46826171875,0.9997609853744507,1.0000460147857666,45936.45703125,3149.38037109375,1.0001039505004883,1.0003869533538818,33451362600,25509056745,3516524402,87487581579
2021-08-18,44801.1875,3020.08984375,1.000236988067627,1.000473976135254,44801.1875,3020.08984375,1.000236988067627,1.000473976135254,45952.0625,3124.97607421875,1.000527024269104,1.000730037689209,44364.02734375,2959.0283203125,0.9998180270195007,1.0000840425491333,44686.75,3011.963623046875,1.000285029411316,1.0001640319824219,32194123075,21539248425,3083898715,79562378117
2021-08-19,46717.578125,3182.7021484375,0.9996489882469177,0.9996849894523621,46717.578125,3182.7021484375,0.9996489882469177,0.9996849894523621,46970.76171875,3184.435546875,1.0006539821624756,1.0006849765777588,43998.31640625,2963.150146484375,0.9993849992752075,0.9993669986724854,44741.8828125,3019.126953125,1.000229001045227,1.000499963760376,37204312299,19546290360,2800835700,79535190853
2021-08-20,49339.17578125,3286.935302734375,1.000311017036438,1.0006680488586426,49339.17578125,3286.935302734375,1.000311017036438,1.0006680488586426,49342.15234375,3298.24658203125,1.0005650520324707,1.000730037689209,46650.70703125,3178.103759765625,0.9994590282440186,0.9996029734611511,46723.12109375,3182.16259765625,0.9996100068092346,0.9997779726982117,34706867452,20885619828,2726460511,75007653647
2021-08-21,48905.4921875,3226.083984375,0.9998660087585449,1.0007100105285645,48905.4921875,3226.083984375,0.9998660087585449,1.0007100105285645,49717.01953125,3307.3515625,1.0005099773406982,1.000918984413147,48312.19921875,3209.8662109375,0.9993529915809631,1.0001009702682495,49327.07421875,3286.931640625,1.0003939867019653,1.0005899667739868,40585205312,18113977628,2204325275,77546194009
2021-08-22,49321.65234375,3242.115478515625,1.0001670122146606,1.0008790493011475,49321.65234375,3242.115478515625,1.0001670122146606,1.0008790493011475,49471.609375,3272.733154296875,1.0012749433517456,1.001937985420227,48199.94140625,3142.007080078125,0.9991620182991028,0.9998310208320618,48869.10546875,3226.227294921875,0.999925971031189,1.000669002532959,25370975378,15983278460,2003215527,63054090156
2021-08-23,49546.1484375,3319.25732421875,1.0004600286483765,1.0008009672164917,49546.1484375,3319.25732421875,1.0004600286483765,1.0008009672164917,50482.078125,3373.38427734375,1.000535011291504,1.0011459589004517,49074.60546875,3235.851318359375,0.9994500279426575,1.0000330209732056,49291.67578125,3241.357421875,1.0002330541610718,1.000872015953064,34305053719,20511110509,2455907973,78500144394
2021-08-24,47706.1171875,3172.456298828125,1.0001970529556274,1.000262975692749,47706.1171875,3172.456298828125,1.0001970529556274,1.000262975692749,49878.76953125,3358.688232421875,1.0006120204925537,1.0011190176010132,47687.1171875,3154.121337890625,0.9998739957809448,0.9999889731407166,49562.34765625,3324.85546875,1.000525951385498,1.000764012336731,35361168834,20131028906,2963784032,82298987461
2021-08-25,48960.7890625,3224.915283203125,1.0000369548797607,1.000359058380127,48960.7890625,3224.915283203125,1.0000369548797607,1.000359058380127,49202.87890625,3248.727294921875,1.0004210472106934,1.0005300045013428,47163.61328125,3086.114990234375,0.9999359846115112,1.0000619888305664,47727.2578125,3174.269775390625,1.0001540184020996,1.0004290342330933,32646349931,18902728235,2658484333,78253794427
2021-08-26,46942.21875,3100.325439453125,1.0001649856567383,1.0004299879074097,46942.21875,3100.325439453125,1.0001649856567383,1.0004299879074097,49347.58203125,3249.6552734375,1.0006760358810425,1.0007109642028809,46405.78125,3060.228759765625,0.9999399781227112,1.0000710487365723,49002.640625,3228.747314453125,1.0001130104064941,1.0002330541610718,32666549568,17405668117,2796769690,75138574324
2021-08-27,49058.66796875,3270.600830078125,0.999891996383667,1.0003550052642822,49058.66796875,3270.600830078125,0.999891996383667,1.0003550052642822,49112.78515625,3281.840576171875,1.000728964805603,1.0011709928512573,46394.28125,3064.485107421875,0.9998490214347839,1.0001189708709717,46894.5546875,3096.406005859375,1.0001280307769775,1.0003989934921265,34511076995,18489602004,2701122162,77373122984
2021-08-28,48902.40234375,3244.4033203125,1.0000369548797607,1.000627040863037,48902.40234375,3244.4033203125,1.0000369548797607,1.000627040863037,49283.50390625,3284.845947265625,1.0007150173187256,1.0013879537582397,48499.23828125,3217.403564453125,0.9993510246276855,0.9999200105667114,49072.5859375,3275.1044921875,0.999845027923584,1.000404953956604,28568103401,13709633698,1753172363,62963190536
2021-08-29,48829.83203125,3227.002685546875,1.0004980564117432,1.0012249946594238,48829.83203125,3227.002685546875,1.0004980564117432,1.0012249946594238,49644.11328125,3283.235595703125,1.00101900100708,1.0015790462493896,47925.85546875,3158.84033203125,0.999646008014679,1.0001360177993774,48911.25,3246.77099609375,1.000080943107605,1.0005749464035034,25889650240,13296586731,1949814217,61330496817
2021-08-30,47054.984375,3224.374267578125,1.0002880096435547,1.0005079507827759,47054.984375,3224.374267578125,1.0002880096435547,1.0005079507827759,48925.60546875,3346.5810546875,1.000830054283142,1.0013689994812012,46950.2734375,3151.444580078125,0.999675989151001,1.0001929998397827,48834.8515625,3227.192626953125,1.0004949569702148,1.0010980367660522,31847007016,19306924485,2622499236,72843224247
2021-08-31,47166.6875,3433.732666015625,1.0002139806747437,1.0005290508270264,47166.6875,3433.732666015625,1.0002139806747437,1.0005290508270264,48189.55078125,3466.9921875,1.0005830526351929,1.0009020566940308,46750.09375,3195.216552734375,0.999809980392456,1.0001260042190552,47024.33984375,3227.758056640625,1.0003689527511597,1.0006179809570312,34730363427,27280502987,3343430902,86200102965
2021-09-01,48847.02734375,3834.828125,0.9998189806938171,1.0003210306167603,48847.02734375,3834.828125,0.9998189806938171,1.0003210306167603,49111.08984375,3836.867431640625,1.0004279613494873,1.000846028327942,46562.4375,3387.408447265625,0.9994879961013794,0.9999740123748779,47099.7734375,3430.762451171875,1.0002280473709106,1.0006320476531982,39139399125,30070890104,3244150267,86157816302
2021-09-02,49327.72265625,3790.989990234375,1.000020980834961,1.0002809762954712,49327.72265625,3790.989990234375,1.000020980834961,1.0002809762954712,50343.421875,3830.71142578125,1.0002620220184326,1.0006799697875977,48652.3203125,3726.75048828125,0.9994230270385742,0.9998279809951782,48807.84765625,3825.02783203125,0.9997280240058899,1.0003520250320435,39508070319,24387397330,3143686060,85187889141
2021-09-03,50025.375,3940.61474609375,0.9998400211334229,1.0002199411392212,50025.375,3940.61474609375,0.9998400211334229,1.0002199411392212,50982.2734375,4022.46923828125,1.0001399517059326,1.0005550384521484,48386.0859375,3712.67822265625,0.9995959997177124,1.0000319480895996,49288.25,3787.486572265625,0.9999470114707947,1.000380039215088,43206179619,26207765094,3401964526,94333024390
2021-09-04,49944.625,3887.828369140625,0.9999369978904724,1.000383973121643,49944.625,3887.828369140625,0.9999369978904724,1.000383973121643,50545.58203125,3969.44873046875,1.0004420280456543,1.0008280277252197,49548.78125,3837.93115234375,0.9997900128364563,1.0001219511032104,50009.32421875,3937.91015625,0.9998540282249451,1.0002950429916382,37471327794,20806963328,2628095148,84730751345
2021-09-05,51753.41015625,3952.133544921875,0.9995750188827515,1.0002609491348267,51753.41015625,3952.133544921875,0.9995750188827515,1.0002609491348267,51868.6796875,3979.1865234375,1.0002540349960327,1.0007109642028809,49538.59765625,3838.4873046875,0.9992349743843079,1.0000590085983276,49937.859375,3886.3310546875,0.9998800158500671,1.0005120038986206,30322676319,18371468576,2324755018,80204406658
2021-09-06,52633.53515625,3928.37939453125,0.9995179772377014,0.9998720288276672,52633.53515625,3928.37939453125,0.9995179772377014,0.9998720288276672,52700.94140625,3968.426513671875,1.0003279447555542,1.000859022140503,51053.6796875,3868.994384765625,0.999360978603363,0.9995980262756348,51769.00390625,3951.520751953125,0.999504029750824,1.0002880096435547,38884105426,18674691198,2592075507,95052134923
2021-09-07,46811.12890625,3426.394287109375,1.0002620220184326,1.000493049621582,46811.12890625,3426.394287109375,1.0002620220184326,1.000493049621582,52853.765625,3945.314208984375,1.000588059425354,1.0013400316238403,43285.20703125,3062.222412109375,0.9993330240249634,0.9996790289878845,52660.48046875,3926.527587890625,0.9995589852333069,1.0000239610671997,65210059683,39131346397,5947165235,163058669007
2021-09-08,46091.390625,3497.315185546875,1.0003050565719604,1.0002399682998657,46091.390625,3497.315185546875,1.0003050565719604,1.0002399682998657,47334.0546875,3559.121337890625,1.000594973564148,1.0007350444793701,44561.39453125,3224.764892578125,0.999871015548706,1.000095009803772,46827.76171875,3428.378173828125,1.0002429485321045,1.00068998336792,49007762488,31738430771,4765769583,126616185419
2021-09-09,46391.421875,3427.340087890625,1.0002100467681885,1.0001460313796997,46391.421875,3427.340087890625,1.0002100467681885,1.0001460313796997,47261.94921875,3562.99267578125,1.0006669759750366,1.0008779764175415,45669.73828125,3400.51708984375,0.9873800277709961,1.0000230073928833,45774.7421875,3452.54833984375,1.000370979309082,1.0003290176391602,38672657013,24118055831,3450210441,99828369723
2021-09-10,44883.91015625,3211.505859375,1.0002310276031494,1.0003199577331543,44883.91015625,3211.505859375,1.0002310276031494,1.0003199577331543,47031.7421875,3512.5712890625,1.0006769895553589,1.000704050064087,44344.484375,3157.05908203125,0.9997640252113342,0.9998810291290283,46396.6640625,3425.56494140625,1.000040054321289,1.0001720190048218,39154666597,22355974097,3691326992,96977805029
2021-09-11,45201.45703125,3270.278076171875,1.0009709596633911,1.000978946685791,45201.45703125,3270.278076171875,1.0009709596633911,1.000978946685791,45969.29296875,3346.5263671875,1.0009709596633911,1.0011190176010132,44818.265625,3208.9619140625,0.9996489882469177,0.99965500831604,44869.83984375,3209.030517578125,1.0001709461212158,1.000298023223877,34499835245,18627122934,2652390883,77837822625
2021-09-12,46063.26953125,3410.134521484375,0.9994900226593018,0.9996979832649231,46063.26953125,3410.134521484375,0.9994900226593018,0.9996979832649231,46364.87890625,3462.46826171875,1.0010089874267578,1.0011539459228516,44790.4609375,3235.109375,0.9993190169334412,0.9992709755897522,45206.62890625,3270.291748046875,1.00096595287323,1.001041054725647,27881980161,16810411424,2394483277,73080229538
2021-09-13,44963.07421875,3285.51171875,1.000095009803772,1.0002349615097046,44963.07421875,3285.51171875,1.000095009803772,1.0002349615097046,46598.6796875,3426.502197265625,1.0007009506225586,1.0007309913635254,43591.3203125,3121.51416015625,0.9993730187416077,0.9994540214538574,46057.21484375,3407.471923828125,0.9995710253715515,0.999625027179718,40969943253,22721552948,3628988394,97652941470
2021-09-14,47092.4921875,3429.169677734375,1.0002779960632324,1.0004810094833374,47092.4921875,3429.169677734375,1.0002779960632324,1.0004810094833374,47218.125,3429.169677734375,1.0009050369262695,1.0011459589004517,44752.33203125,3273.630859375,0.999921977519989,1.0000920295715332,44960.05078125,3286.31640625,1.0000799894332886,1.0003130435943604,38652152880,19125420848,2519296426,77354384513
2021-09-15,48176.34765625,3615.28271484375,1.000020980834961,1.0004600286483765,48176.34765625,3615.28271484375,1.000020980834961,1.0004600286483765,48450.46875,3615.28271484375,1.0004839897155762,1.000862956047058,46773.328125,3365.9130859375,0.9996640086174011,0.9999880194664001,47098.0,3431.21728515625,1.0002590417861938,1.0005160570144653,30484496466,17548551804,2470653828,67018323452
2021-09-16,47783.359375,3571.294921875,1.0000640153884888,1.0004509687423706,47783.359375,3571.294921875,1.0000640153884888,1.0004509687423706,48486.828125,3673.310791015625,1.000432014465332,1.0006870031356812,47079.55859375,3489.8056640625,0.9998760223388672,1.000115990638733,48158.90625,3613.07373046875,1.0000330209732056,1.000331997871399,31764293754,20093903064,3019567636,76304339417
2021-09-17,47267.51953125,3398.538818359375,0.9998319745063782,0.9996479749679565,47267.51953125,3398.538818359375,0.9998319745063782,0.9996479749679565,48160.921875,3589.30517578125,1.0009139776229858,1.0010379552841187,46832.5234375,3356.449951171875,0.9996730089187622,0.9995359778404236,47771.00390625,3569.568115234375,1.0000979900360107,1.0002939701080322,28727713711,17722363229,2793493277,67211526457
2021-09-18,48278.36328125,3432.018310546875,0.999405026435852,0.999472975730896,48278.36328125,3432.018310546875,0.999405026435852,0.999472975730896,48791.78125,3540.8076171875,1.0006920099258423,1.0010299682617188,47087.28515625,3371.892333984375,0.9990040063858032,0.9990919828414917,47273.52734375,3397.4228515625,0.9998170137405396,0.999625027179718,28575630451,15995220233,2210179953,60077519832
2021-09-19,47260.21875,3329.447998046875,1.0002549886703491,1.0004420280456543,47260.21875,3329.447998046875,1.0002549886703491,1.0004420280456543,48328.3671875,3448.322021484375,1.0017160177230835,1.0018370151519775,46919.8046875,3286.17236328125,0.9981380105018616,0.9981870055198669,48268.85546875,3433.287841796875,0.9993799924850464,0.9994900226593018,26967722648,14257609743,2034748121,55435472929
2021-09-20,42843.80078125,2958.993408203125,1.000383973121643,0.9999160170555115,42843.80078125,2958.993408203125,1.000383973121643,0.9999160170555115,47328.19921875,3343.325439453125,1.0005669593811035,1.0005359649658203,42598.9140625,2940.839111328125,1.0000640153884888,0.999813973903656,47261.40625,3329.670654296875,1.0003770589828491,1.0003420114517212,43909845642,27371684581,5202372291,100128036827
2021-09-21,40693.67578125,2764.43115234375,1.0003440380096436,1.0000879764556885,40693.67578125,2764.43115234375,1.0003440380096436,1.0000879764556885,43607.609375,3101.697509765625,1.0006029605865479,1.0005329847335815,39787.609375,2676.407470703125,1.000022053718567,0.9998250007629395,43012.234375,2977.310546875,1.0003540515899658,1.000048041343689,48701090088,30405062665,5165987150,97283217005
2021-09-22,43574.5078125,3077.867919921875,0.9995629787445068,1.000040054321289,43574.5078125,3077.867919921875,0.9995629787445068,1.000040054321289,43978.62109375,3089.0830078125,1.0006320476531982,1.0009770393371582,40625.6328125,2741.440673828125,0.999530017375946,0.9999529719352722,40677.953125,2763.209228515625,1.0003149509429932,1.0000499486923218,38139709246,23742102645,3905266045,80708278656
2021-09-23,44895.09765625,3155.523681640625,1.000038981437683,1.0005079507827759,44895.09765625,3155.523681640625,1.000038981437683,1.0005079507827759,44942.17578125,3173.544677734375,1.0009009838104248,1.001358985900879,43109.33984375,3038.097900390625,0.9995129704475403,0.9998739957809448,43560.296875,3077.974365234375,0.9995740056037903,1.0000430345535278,34244064430,18516291047,2989210780,71255677560
2021-09-24,42839.75,2931.669189453125,1.0001349449157715,1.0008200407028198,42839.75,2931.669189453125,1.0001349449157715,1.0008200407028198,45080.4921875,3159.64404296875,1.0008230209350586,1.0014400482177734,40936.55859375,2747.337646484375,0.9996410012245178,0.9999120235443115,44894.30078125,3154.56201171875,1.0000230073928833,1.0005940198898315,42839345714,25595422789,4132538967,93076113024
2021-09-25,42716.59375,2925.565673828125,1.0003390312194824,1.0009889602661133,42716.59375,2925.565673828125,1.0003390312194824,1.0009889602661133,42996.2578125,2968.99462890625,1.0011570453643799,1.0016779899597168,41759.921875,2818.970458984375,0.9997770190238953,1.0003730058670044,42840.890625,2930.884765625,1.0001280307769775,1.0009039640426636,31604717236,18932786754,3005798209,66583739947
2021-09-26,43208.5390625,3062.265380859375,1.0002549886703491,1.0007250308990479,43208.5390625,3062.265380859375,1.0002549886703491,1.0007250308990479,43919.30078125,3114.857421875,1.0009620189666748,1.0013519525527954,40848.4609375,2744.5830078125,1.0000380277633667,1.0004199743270874,42721.62890625,2926.343017578125,1.0004390478134155,1.0009050369262695,30661222077,21172766310,3719002400,78196884599
2021-09-27,42235.73046875,2934.138916015625,1.0003039836883545,1.000512957572937,42235.73046875,2934.138916015625,1.0003039836883545,1.000512957572937,44313.24609375,3163.6650390625,1.0009520053863525,1.0013550519943237,42190.6328125,2932.69287109375,0.9996740221977234,0.9999079704284668,43234.18359375,3065.837890625,1.0003340244293213,1.00075101852417,30980029059,19164053681,3153527155,70088186310
2021-09-28,41034.54296875,2807.296630859375,1.0003869533538818,1.000298023223877,41034.54296875,2807.296630859375,1.0003869533538818,1.000298023223877,42775.14453125,2970.7705078125,1.001052975654602,1.0008389949798584,40931.6640625,2793.360595703125,1.0001109838485718,1.0000890493392944,42200.8984375,2928.96337890625,1.0002880096435547,1.0004609823226929,30214940550,16895079070,3234280358,66373042997
2021-09-29,41564.36328125,2853.143310546875,1.000411033630371,1.0002820491790771,41564.36328125,2853.143310546875,1.000411033630371,1.0002820491790771,42545.2578125,2946.88134765625,1.000596046447754,1.0006530284881592,40829.66796875,2786.98828125,0.9997760057449341,0.9997450113296509,41064.984375,2809.297607421875,1.0003529787063599,1.0004030466079712,30602359905,15763456158,3096200242,64767185195
2021-09-30,43790.89453125,3001.678955078125,1.0001399517059326,1.000154972076416,43790.89453125,3001.678955078125,1.0001399517059326,1.000154972076416,44092.6015625,3046.51953125,1.0004990100860596,1.0005160570144653,41444.58203125,2840.28955078125,0.999576985836029,0.9995369911193848,41551.26953125,2852.558837890625,1.0004169940948486,1.0003819465637207,31141681925,17661065099,3038068264,65935536533
2021-10-01,48116.94140625,3307.51611328125,0.9995449781417847,1.0001779794692993,48116.94140625,3307.51611328125,0.9995449781417847,1.0001779794692993,48436.01171875,3329.853515625,1.0002909898757935,1.0004140138626099,43320.0234375,2978.654296875,0.9994620084762573,0.9997950196266174,43816.7421875,3001.12939453125,1.000100016593933,1.0001150369644165,42850641582,22307625573,3489367696,81411630527
2021-10-02,47711.48828125,3391.6943359375,0.9997900128364563,1.00028395652771,47711.48828125,3391.6943359375,0.9997900128364563,1.00028395652771,48282.0625,3464.83740234375,1.0001230239868164,1.0005539655685425,47465.49609375,3260.027587890625,0.9994419813156128,1.0000029802322388,48137.46875,3308.870361328125,0.999576985836029,1.0001070499420166,30614346492,19202671704,2517695174,67747297412
2021-10-03,48199.953125,3418.358642578125,0.9996809959411621,1.0002009868621826,48199.953125,3418.358642578125,0.9996809959411621,1.0002009868621826,49130.69140625,3484.605712890625,1.0001109838485718,1.0006099939346313,47157.2890625,3348.1201171875,0.9991989731788635,0.9997230172157288,47680.02734375,3390.767578125,0.9997270107269287,1.0004220008850098,26638115879,15516566862,2262697516,61784201197
2021-10-04,49112.90234375,3380.089111328125,0.9994159936904907,0.9998379945755005,49112.90234375,3380.089111328125,0.9994159936904907,0.9998379945755005,49456.77734375,3434.775390625,1.000148057937622,1.0005840063095093,47045.00390625,3283.44873046875,0.9991260170936584,0.9993910193443298,48208.90625,3418.7763671875,0.9996439814567566,1.0002590417861938,33383173002,17747154101,2886834627,74166327976
2021-10-05,51514.8125,3518.5185546875,0.9998490214347839,1.000440001487732,51514.8125,3518.5185546875,0.9998490214347839,1.000440001487732,51839.984375,3541.45166015625,1.0005149841308594,1.0010390281677246,49072.83984375,3365.817626953125,0.9992150068283081,0.9994860291481018,49174.9609375,3381.784423828125,0.9994149804115295,0.999858021736145,35873904236,16632591670,2723328431,76210707722
2021-10-06,55361.44921875,3580.56201171875,0.9999899864196777,1.0003169775009155,55361.44921875,3580.56201171875,0.9999899864196777,1.0003169775009155,55568.46484375,3622.55126953125,1.0005500316619873,1.0011980533599854,50488.19140625,3354.4697265625,0.9991300106048584,0.9993429780006409,51486.6640625,3516.5703125,0.9998239874839783,1.0004559755325317,49034730168,21855226591,3358844472,96553805180
2021-10-07,53805.984375,3587.974853515625,1.0000230073928833,1.0003750324249268,53805.984375,3587.974853515625,1.0000230073928833,1.0003750324249268,55338.625,3650.01318359375,1.0006320476531982,1.00114905834198,53525.46875,3479.9091796875,0.9992899894714355,0.9995549917221069,55338.625,3576.814453125,0.9999970197677612,1.0004769563674927,36807860413,19090322927,3128456280,91580420731
2021-10-08,53967.84765625,3563.75927734375,0.9997910261154175,1.000115990638733,53967.84765625,3563.75927734375,0.9997910261154175,1.000115990638733,55922.98046875,3667.95751953125,1.0002069473266602,1.000465989112854,53688.0546875,3547.828125,0.9994850158691406,0.9997900128364563,53802.14453125,3587.832763671875,1.0000230073928833,1.00040602684021,34800873924,16222029488,2716836270,79865522045
2021-10-09,54968.22265625,3575.716796875,0.9998959898948669,1.0000460147857666,54968.22265625,3575.716796875,0.9998959898948669,1.0000460147857666,55397.9453125,3628.2373046875,1.000270962715149,1.0004099607467651,53735.14453125,3544.640380859375,0.9997239708900452,0.9999150037765503,53929.78125,3559.997802734375,0.9998530149459839,1.0000040531158447,32491211414,12707036942,2005512526,67391135102
2021-10-10,54771.578125,3425.852783203125,1.0005979537963867,1.0010180473327637,54771.578125,3425.852783203125,1.0005979537963867,1.0010180473327637,56401.3046875,3603.244873046875,1.00081205368042,1.0011260509490967,54264.2578125,3414.970947265625,0.999081015586853,0.9994660019874573,54952.8203125,3575.0205078125,0.9998279809951782,1.0001280307769775,39527792364,16171746693,2553564243,69927661418
2021-10-11,57484.7890625,3545.35400390625,1.000391960144043,1.0006959438323975,57484.7890625,3545.35400390625,1.000391960144043,1.0006959438323975,57793.0390625,3622.28955078125,1.0007590055465698,1.0011450052261353,54519.765625,3385.76171875,0.9995189905166626,0.9998279809951782,54734.125,3419.726806640625,1.0005940198898315,1.0009520053863525,42637331698,18579189588,2971560705,75741431317
2021-10-12,56041.05859375,3492.5732421875,0.9999619722366333,1.0000959634780884,56041.05859375,3492.5732421875,0.9999619722366333,1.0000959634780884,57627.87890625,3546.477783203125,1.0006910562515259,1.0010319948196411,54477.97265625,3407.338134765625,0.9998109936714172,0.9999790191650391,57526.83203125,3546.477783203125,1.0004440546035767,1.0006190538406372,41083758949,18109578443,3375680364,73275476508
2021-10-13,57401.09765625,3606.20166015625,1.0001469850540161,1.0000970363616943,57401.09765625,3606.20166015625,1.0001469850540161,1.0000970363616943,57688.66015625,3607.74169921875,1.000730037689209,1.0007569789886475,54370.97265625,3417.60205078125,0.9995250105857849,0.9994850158691406,56038.2578125,3492.753662109375,1.0000289678573608,0.9999200105667114,41684252783,16211275589,3067360744,78117249743
2021-10-14,57321.5234375,3786.01416015625,0.9997419714927673,1.000033974647522,57321.5234375,3786.01416015625,0.9997419714927673,1.000033974647522,58478.734375,3819.258544921875,1.000175952911377,1.000298023223877,56957.07421875,3590.275146484375,0.9996629953384399,0.9996830224990845,57372.83203125,3604.958984375,1.0001670122146606,1.0000619888305664,36615791366,19443499909,3161139708,68955958208
2021-10-15,61593.94921875,3862.634765625,0.9992390275001526,0.9991520047187805,61593.94921875,3862.634765625,0.9992390275001526,0.9991520047187805,62757.12890625,3895.46630859375,1.0005910396575928,1.0005890130996704,56868.14453125,3735.363525390625,0.9992340207099915,0.9989669919013977,57345.90234375,3790.154296875,0.9997389912605286,0.9999769926071167,51780081801,20966841512,4289629016,89456766433
2021-10-16,60892.1796875,3830.382080078125,0.9999679923057556,1.000040054321289,60892.1796875,3830.382080078125,0.9999679923057556,1.000040054321289,62274.4765625,3962.453125,1.0002050399780273,1.000177025794983,60206.12109375,3805.885986328125,0.9991829991340637,0.9990260004997253,61609.52734375,3865.66650390625,0.9992460012435913,0.9991350173950195,34250964237,16578095629,2886818679,65419462010
2021-10-17,61553.6171875,3847.1044921875,1.0002989768981934,1.0002800226211548,61553.6171875,3847.1044921875,1.0002989768981934,1.0002800226211548,61645.5234375,3914.89794921875,1.0006070137023926,1.0006810426712036,59164.46875,3660.723388671875,0.9994840025901794,0.999472975730896,60887.65234375,3829.85888671875,0.9999250173568726,1.0000100135803223,29032367511,15908090346,2647518203,57600914728
2021-10-18,62026.078125,3748.76025390625,1.0000580549240112,1.0000189542770386,62026.078125,3748.76025390625,1.0000580549240112,1.0000189542770386,62614.66015625,3888.209228515625,1.0007940530776978,1.0005680322647095,60012.7578125,3686.75048828125,0.999538004398346,0.9993469715118408,61548.8046875,3847.72998046875,1.0003390312194824,1.0003299713134766,38055562075,17386204158,3349379834,66503250420
2021-10-19,64261.9921875,3877.65087890625,0.9999390244483948,1.0001169443130493,64261.9921875,3877.65087890625,0.9999390244483948,1.0001169443130493,64434.53515625,3883.9287109375,1.000599980354309,1.0006029605865479,61622.93359375,3736.7802734375,0.9995539784431458,0.9994779825210571,62043.1640625,3747.162841796875,1.0000779628753662,1.0000590085983276,40471196346,15998757133,3317029545,62387883982
2021-10-20,65992.8359375,4155.9921875,0.9995899796485901,0.9999399781227112,65992.8359375,4155.9921875,0.9995899796485901,0.9999399781227112,66930.390625,4167.47216796875,1.0005170106887817,1.0006890296936035,63610.67578125,3833.2880859375,0.9994620084762573,0.9996119737625122,64284.5859375,3877.73095703125,0.9999930262565613,1.0001369714736938,40788955582,20338319988,3641553954,70187915900
2021-10-21,62210.171875,4054.32275390625,1.0001180171966553,1.000022053718567,62210.171875,4054.32275390625,1.0001180171966553,1.000022053718567,66600.546875,4366.08837890625,1.0005970001220703,1.0004359483718872,62117.41015625,4032.48388671875,0.9993919730186462,0.9993810057640076,66002.234375,4161.71337890625,0.9996410012245178,0.9998769760131836,45908121370,28220661820,4933838154,84189482202
2021-10-22,60692.265625,3970.181884765625,1.0003340244293213,0.999879002571106,60692.265625,3970.181884765625,1.0003340244293213,0.999879002571106,63715.0234375,4162.9755859375,1.000560998916626,1.000445008277893,60122.796875,3908.34033203125,0.9994980096817017,0.9995790123939514,62237.890625,4055.6865234375,1.0000790357589722,1.0000239610671997,38434082775,19432937968,3886103505,73919161798
2021-10-23,61393.6171875,4171.66357421875,1.0011990070343018,1.0008230209350586,61393.6171875,4171.66357421875,1.0011990070343018,1.0008230209350586,61743.87890625,4171.66357421875,1.0013149976730347,1.000920057296753,59826.5234375,3944.6318359375,0.9999709725379944,0.9998030066490173,60694.62890625,3971.3564453125,1.0002989768981934,0.9999240040779114,26882546034,14781537792,2934215247,55395032239
2021-10-24,60930.8359375,4087.903076171875,1.0003080368041992,1.0002230405807495,60930.8359375,4087.903076171875,1.0003080368041992,1.0002230405807495,61505.8046875,4185.7294921875,1.0011810064315796,1.0010939836502075,59643.34375,3967.120361328125,0.9992510080337524,0.999118983745575,61368.34375,4171.85595703125,1.0011810064315796,1.0008560419082642,27316183882,14978083638,2877560293,66669467996
2021-10-25,63039.82421875,4217.876953125,0.9996500015258789,0.9993749856948853,63039.82421875,4217.876953125,0.9996500015258789,0.9993749856948853,63729.32421875,4236.6669921875,1.0009570121765137,1.0009820461273193,60691.80078125,4072.03466796875,0.9993460178375244,0.9991509914398193,60893.92578125,4084.42578125,1.000257968902588,1.0002189874649048,31064911614,15995727040,2881886893,66194185821
2021-10-26,60363.79296875,4131.10205078125,1.0001349449157715,1.0002280473709106,60363.79296875,4131.10205078125,1.0001349449157715,1.0002280473709106,63229.02734375,4289.13134765625,1.0007879734039307,1.0007599592208862,59991.16015625,4106.82373046875,0.9995120167732239,0.999347984790802,63032.76171875,4217.337890625,0.9996179938316345,0.9994509816169739,34878965587,17157714562,3626626200,77630649473
2021-10-27,58482.38671875,3930.25732421875,1.0002729892730713,1.0007909536361694,58482.38671875,3930.25732421875,1.0002729892730713,1.0007909536361694,61435.18359375,4299.15283203125,1.0007679462432861,1.0015759468078613,58208.1875,3930.25732421875,0.9993829727172852,0.9995819926261902,60352.0,4132.17333984375,1.0001089572906494,1.0002390146255493,43657076893,26219530404,5829428897,124069805053
2021-10-28,60622.13671875,4287.31884765625,0.9999210238456726,1.0004839897155762,60622.13671875,4287.31884765625,0.9999210238456726,1.0004839897155762,62128.6328125,4293.15087890625,1.0005320310592651,1.001067042350769,58206.91796875,3905.7060546875,0.9995890259742737,1.0002820491790771,58470.73046875,3924.8154296875,1.0002180337905884,1.0008009672164917,45257083247,25958154575,5988045784,121660107352
2021-10-29,62227.96484375,4414.74658203125,0.9998289942741394,1.0000489950180054,62227.96484375,4414.74658203125,0.9998289942741394,1.0000489950180054,62927.609375,4455.7353515625,1.0006500482559204,1.000967025756836,60329.96484375,4271.70751953125,0.9993680119514465,0.999472975730896,60624.87109375,4288.6865234375,0.9999020099639893,1.0004279613494873,36856881767,22967641914,4731131108,87302831458
2021-10-30,61888.83203125,4325.650390625,1.0001310110092163,1.0005179643630981,61888.83203125,4325.650390625,1.0001310110092163,1.0005179643630981,62330.14453125,4426.8486328125,1.000622034072876,1.0011019706726074,60918.38671875,4252.494140625,0.9995560050010681,0.9995790123939514,62239.36328125,4414.24365234375,0.999871015548706,1.0000720024108887,32157938616,14615490626,3902638718,86474453142
2021-10-31,61318.95703125,4288.07421875,0.9997239708900452,1.0003759860992432,61318.95703125,4288.07421875,0.9997239708900452,1.0003759860992432,62406.171875,4394.44970703125,1.0010839700698853,1.0016679763793945,60074.328125,4179.01611328125,0.9989089965820312,0.9994400143623352,61850.48828125,4322.744140625,1.0001859664916992,1.000383973121643,32241199927,17498160238,3903073032,91561112863
2021-11-01,61004.40625,4324.626953125,0.9998610019683838,1.0002909898757935,61004.40625,4324.626953125,0.9998610019683838,1.0002909898757935,62419.00390625,4377.322265625,1.0006589889526367,1.0013350248336792,59695.18359375,4160.966796875,0.9990789890289307,0.9998390078544617,61320.44921875,4288.21728515625,0.9996320009231567,1.0003819465637207,36150572843,17985288261,4358098743,87025283378
2021-11-02,63226.40234375,4584.798828125,0.9998959898948669,1.0008150339126587,63226.40234375,4584.798828125,0.9998959898948669,1.0008150339126587,64242.79296875,4599.9482421875,1.0007989406585693,1.0014100074768066,60673.0546875,4288.6865234375,0.9992820024490356,0.9999160170555115,60963.25390625,4322.5009765625,0.9997689723968506,1.0003689527511597,37746665647,20794448222,4521578460,149878312204
2021-11-03,62970.046875,4607.19384765625,1.0002249479293823,1.0006779432296753,62970.046875,4607.19384765625,1.0002249479293823,1.0006779432296753,63516.9375,4664.91015625,1.000722050666809,1.0014270544052124,61184.23828125,4462.97607421875,0.9994789958000183,1.0002570152282715,63254.3359375,4589.6845703125,0.9998980164527893,1.0008219480514526,36124731509,21220463155,4700643650,89436836448
2021-11-04,61452.23046875,4537.32421875,1.0002059936523438,1.0008569955825806,61452.23046875,4537.32421875,1.0002059936523438,1.0008569955825806,63123.2890625,4606.51611328125,1.0005370378494263,1.0012840032577515,60799.6640625,4426.62255859375,0.9999009966850281,1.0004969835281372,62941.8046875,4604.6787109375,1.0002100467681885,1.000648021697998,32615846901,18415244464,4626163402,87280485610
2021-11-05,61125.67578125,4486.2431640625,1.0005619525909424,1.0015530586242676,61125.67578125,4486.2431640625,1.0005619525909424,1.0015530586242676,62541.46875,4570.89599609375,1.0010080337524414,1.0018980503082275,60844.609375,4447.4873046875,0.9999539852142334,1.000702977180481,61460.078125,4537.42333984375,1.000257968902588,1.0009750127792358,30605102446,15086003586,3901573705,76677676369
2021-11-06,61527.48046875,4521.5810546875,1.00034499168396,1.0014539957046509,61527.48046875,4521.5810546875,1.00034499168396,1.0014539957046509,61590.68359375,4530.9970703125,1.0006779432296753,1.0016679763793945,60163.78125,4334.9736328125,0.9997220039367676,1.0006150007247925,61068.875,4482.64794921875,1.0005749464035034,1.0015449523925781,29094934221,14429076700,3805073877,65151095549
2021-11-07,63326.98828125,4620.5546875,1.0006489753723145,1.0015170574188232,63326.98828125,4620.5546875,1.0006489753723145,1.0015170574188232,63326.98828125,4640.921875,1.0010499954223633,1.001958966255188,61432.48828125,4510.984375,0.9999120235443115,1.0006309747695923,61554.921875,4523.98193359375,1.0004379749298096,1.001315951347351,24726754302,13541376033,3580619669,55905241687
2021-11-08,67566.828125,4812.08740234375,0.9998279809951782,1.0004429817199707,67566.828125,4812.08740234375,0.9998279809951782,1.0004429817199707,67673.7421875,4822.36328125,1.0007230043411255,1.0015870332717896,63344.06640625,4619.6494140625,0.999671995639801,1.0001540184020996,63344.06640625,4619.6494140625,1.0006619691848755,1.0014230012893677,41125608330,19290896267,5334534827,82548510715
2021-11-09,66971.828125,4735.06884765625,1.0000749826431274,1.000201940536499,66971.828125,4735.06884765625,1.0000749826431274,1.000201940536499,68530.3359375,4837.58935546875,1.0004719495773315,1.0012279748916626,66382.0625,4718.0390625,0.9997289776802063,1.0001219511032104,67549.734375,4810.0712890625,0.9997929930686951,1.0005220174789429,42357991721,20834172627,5510084775,93002275939
2021-11-10,64995.23046875,4636.17431640625,0.9995229840278625,1.0000970363616943,64995.23046875,4636.17431640625,0.9995229840278625,1.0000970363616943,68789.625,4859.5029296875,1.0019910335540771,1.0019869804382324,63208.11328125,4485.09326171875,0.998009979724884,0.9980289936065674,66953.3359375,4733.36279296875,1.0001300573349,1.0001009702682495,48730828378,22748160545,8390821902,113809197171
2021-11-11,64949.9609375,4730.38427734375,0.9998559951782227,1.0006439685821533,64949.9609375,4730.38427734375,0.9998559951782227,1.0006439685821533,65579.015625,4778.05908203125,1.0019880533218384,1.0019969940185547,64180.48828125,4580.990234375,0.9983459711074829,0.9980409741401672,64978.890625,4635.45361328125,0.9995899796485901,1.0003570318222046,35880633236,17933201129,5770365511,83970826408
2021-11-12,64155.94140625,4667.115234375,0.9992960095405579,1.0001139640808105,64155.94140625,4667.115234375,0.9992960095405579,1.0001139640808105,65460.81640625,4808.73876953125,1.001994013786316,1.001994013786316,62333.9140625,4510.92041015625,0.9980199933052063,0.9980890154838562,64863.98046875,4724.306640625,0.9999390244483948,1.0014480352401733,36084893887,18316060208,4901205330,82883678293
2021-11-13,64469.52734375,4651.46044921875,1.000830054283142,1.0008480548858643,64469.52734375,4651.46044921875,1.000830054283142,1.0008480548858643,64915.67578125,4702.115234375,1.001986026763916,1.00199294090271,63303.734375,4582.1806640625,0.998000979423523,0.9980289936065674,64158.12109375,4666.71923828125,0.9997770190238953,0.999110996723175,30474228777,14457436261,2806361295,65797472687
2021-11-14,65466.83984375,4626.35888671875,0.9996470212936401,1.0003670454025269,65466.83984375,4626.35888671875,0.9996470212936401,1.0003670454025269,65495.1796875,4689.8427734375,1.001911997795105,1.001952052116394,63647.80859375,4516.935546875,0.9980480074882507,0.9980909824371338,64455.37109375,4648.6328125,1.0007989406585693,1.0008419752120972,25122092191,12172962219,3318788371,54429579952
2021-11-15,63557.87109375,4557.50390625,0.9996430277824402,1.0015020370483398,63557.87109375,4557.50390625,0.9996430277824402,1.0015020370483398,66281.5703125,4764.63623046875,1.0019680261611938,1.0019880533218384,63548.14453125,4546.59912109375,0.9980810284614563,0.9981579780578613,65521.2890625,4627.0908203125,0.9996809959411621,1.0002599954605103,30558763548,16275851299,4118012760,64113625426
2021-11-16,60161.24609375,4216.365234375,1.0004249811172485,1.0006749629974365,60161.24609375,4216.365234375,1.0004249811172485,1.0006749629974365,63721.1953125,4891.70458984375,2.3495559692382812,1.033018946647644,59016.3359375,4144.3349609375,0.9980229735374451,0.9981600046157837,63721.1953125,4570.47802734375,1.0007179975509644,1.0014569759368896,46844335592,27417502801,6486127186,98954557342
2021-11-17,60368.01171875,4287.59375,0.9998499751091003,1.0000629425048828,60368.01171875,4287.59375,0.9998499751091003,1.0000629425048828,60823.609375,4300.306640625,1.1734780073165894,1.0200469493865967,58515.41015625,4107.1259765625,0.9980459809303284,0.9980159997940063,60139.62109375,4213.91064453125,1.001911997795105,1.0004889965057373,39178392930,22183461850,5185892264,84478860409
2021-11-18,56942.13671875,4000.65087890625,0.9996960163116455,0.999970018863678,56942.13671875,4000.65087890625,0.9996960163116455,0.999970018863678,60948.5,4343.55712890625,1.0019769668579102,1.0019639730453491,56550.79296875,3959.227783203125,0.9980490207672119,0.9981030225753784,60360.13671875,4287.80224609375,0.9998490214347839,1.000169038772583,41388338699,21383250893,6254410701,95287465626
2021-11-19,58119.578125,4298.306640625,0.9999909996986389,1.0008200407028198,58119.578125,4298.306640625,0.9999909996986389,1.0008200407028198,58351.11328125,4311.7138671875,1.0019010305404663,1.001999020576477,55705.1796875,3982.91748046875,0.9980170130729675,0.9980409741401672,56896.12890625,3995.7294921875,0.9996880292892456,1.0000699758529663,38702407772,20626269711,4866369149,82193745588
2021-11-20,59697.1953125,4409.93115234375,0.9996989965438843,1.0003620386123657,59697.1953125,4409.93115234375,0.9996989965438843,1.0003620386123657,59859.87890625,4434.38818359375,1.0019689798355103,1.0019999742507935,57469.7265625,4209.24267578125,0.9980530142784119,0.9984139800071716,58115.08203125,4298.3505859375,0.9997910261154175,1.0006799697875977,30624264863,15448261277,3596758987,72417177800
2021-11-21,58730.4765625,4269.73291015625,1.0002349615097046,1.0008729696273804,58730.4765625,4269.73291015625,1.0002349615097046,1.0008729696273804,60004.42578125,4422.49169921875,1.0019919872283936,1.001999020576477,58618.9296875,4255.455078125,0.9980220198631287,0.9980940222740173,59730.5078125,4412.1953125,0.9995589852333069,0.999638020992279,26123447605,14094831413,3314709429,69057268195
2021-11-22,56289.2890625,4088.457763671875,0.9999619722366333,1.0004509687423706,56289.2890625,4088.457763671875,0.9999619722366333,1.0004509687423706,59266.359375,4302.02294921875,1.0019780397415161,1.001986026763916,55679.83984375,4033.572265625,0.9980459809303284,0.9980800151824951,58706.84765625,4266.50927734375,1.0000460147857666,1.0012880563735962,35036121783,19752218877,5353790196,79375135623
2021-11-23,57569.07421875,4340.763671875,1.0001150369644165,1.0001250505447388,57569.07421875,4340.763671875,1.0001150369644165,1.0001250505447388,57875.515625,4385.4833984375,1.0019969940185547,1.0025140047073364,55632.76171875,4069.7666015625,0.9980130195617676,0.9980440139770508,56304.5546875,4089.680419921875,1.0000760555267334,1.0005069971084595,37485803899,22133497059,4805345753,84196469142
2021-11-24,56280.42578125,4239.9814453125,1.0007070302963257,1.0006970167160034,56280.42578125,4239.9814453125,1.0007070302963257,1.0006970167160034,57803.06640625,4376.8759765625,1.0019880533218384,1.0019919872283936,55964.22265625,4176.18359375,0.998058021068573,0.9980469942092896,57565.8515625,4340.0361328125,0.9997720122337341,0.9999859929084778,36635566789,21838037128,4771592674,84317323264
2021-11-25,57274.6796875,4274.7431640625,1.000331997871399,0.9996010065078735,57274.6796875,4274.7431640625,1.000331997871399,0.9996010065078735,59367.96875,4550.51806640625,1.0019910335540771,1.0019899606704712,57146.68359375,4249.7744140625,0.9981849789619446,0.9982929825782776,57165.41796875,4271.39453125,0.9993919730186462,0.9994829893112183,34284016248,18705358318,4514614915,91394294449
2021-11-26,53569.765625,4030.908935546875,0.9998430013656616,1.0003670454025269,53569.765625,4030.908935546875,0.9998430013656616,1.0003670454025269,59183.48046875,4550.84228515625,1.0019810199737549,1.0019810199737549,53569.765625,3933.506591796875,0.9981529712677002,0.9982609748840332,58960.28515625,4522.208984375,1.0006500482559204,1.0009859800338745,41810748221,26281795488,6592288363,106740129710
2021-11-27,54815.078125,4096.912109375,1.0015939474105835,1.0010989904403687,54815.078125,4096.912109375,1.0015939474105835,1.0010989904403687,55329.2578125,4187.68408203125,1.001997947692871,1.001999020576477,53668.35546875,4033.513916015625,0.9980319738388062,0.9983050227165222,53736.4296875,4042.9990234375,0.999779999256134,1.0002870559692383,30560857714,16515693874,3824221682,73666340601
2021-11-28,57248.45703125,4294.45361328125,0.999875009059906,1.0001250505447388,57248.45703125,4294.45361328125,0.999875009059906,1.0001250505447388,57393.84375,4297.91650390625,1.0019769668579102,1.001999020576477,53576.734375,3989.969970703125,0.998009979724884,0.9985389709472656,54813.0234375,4101.64892578125,1.0014309883117676,1.0012810230255127,28116886357,15953126340,4387793390,73452340871
2021-11-29,57806.56640625,4445.10498046875,1.0000779628753662,1.000525951385498,57806.56640625,4445.10498046875,1.0000779628753662,1.000525951385498,58872.87890625,4460.8486328125,1.0019580125808716,1.001966953277588,56792.52734375,4284.5048828125,0.9980829954147339,0.998104989528656,57291.90625,4296.94677734375,0.9999039769172668,0.9999290108680725,32370840356,19086475837,4339110918,73041134842
2021-11-30,57005.42578125,4631.47900390625,0.999455988407135,1.0002859830856323,57005.42578125,4631.47900390625,0.999455988407135,1.0002859830856323,59113.40234375,4753.26611328125,1.0019869804382324,1.001924991607666,56057.28125,4358.07421875,0.9980649948120117,0.9984229803085327,57830.11328125,4447.76806640625,0.9997349977493286,1.0005830526351929,36708594618,28626354111,5698220779,87396693339
2021-12-01,57229.828125,4586.990234375,0.9995930194854736,1.0002549886703491,57229.828125,4586.990234375,0.9995930194854736,1.0002549886703491,59041.68359375,4780.732421875,1.0019819736480713,1.0019760131835938,56553.08203125,4530.2724609375,0.9980310201644897,0.9984729886054993,56907.96484375,4623.6796875,1.0002059936523438,1.0004489421844482,36858195307,27634826695,4989445952,80908197091
2021-12-02,56477.81640625,4511.30224609375,0.9988390207290649,1.0001740455627441,56477.81640625,4511.30224609375,0.9988390207290649,1.0001740455627441,57349.234375,4628.919921875,1.001999020576477,1.001999020576477,55895.1328125,4441.5078125,0.9980040192604065,0.9981719851493835,57217.37109375,4586.3330078125,0.9996600151062012,1.0002340078353882,32379968686,21502671027,5089421584,77139535799
2021-12-03,53598.24609375,4220.7060546875,1.0003269910812378,1.0006170272827148,53598.24609375,4220.7060546875,1.0003269910812378,1.0006170272827148,57482.16796875,4647.2890625,1.001971960067749,1.00199294090271,52496.5859375,4100.1455078125,0.9980549812316895,0.9984409809112549,56509.1640625,4514.35595703125,0.9990320205688477,0.9999930262565613,39789134215,25879591528,5879299772,92639344690
2021-12-04,49200.703125,4119.58740234375,0.9999939799308777,1.0000070333480835,49200.703125,4119.58740234375,0.9999939799308777,1.0000070333480835,53904.6796875,4242.7255859375,1.0019609928131104,1.0019969940185547,42874.6171875,3525.494140625,0.9980090260505676,0.9987660050392151,53727.87890625,4227.76220703125,1.0003169775009155,1.000504970550537,61385677469,38478999182,9498203241,138598008408
2021-12-05,49368.84765625,4198.32275390625,0.9987149834632874,1.0006300210952759,49368.84765625,4198.32275390625,0.9987149834632874,1.0006300210952759,49768.1484375,4246.92333984375,1.001997947692871,1.0019969940185547,47857.49609375,4040.217529296875,0.9980069994926453,0.9985470175743103,49201.51953125,4119.62890625,1.0001980066299438,0.9998610019683838,37198201161,25533062707,5815739519,82054153191
2021-12-06,50582.625,4358.7373046875,0.9995260238647461,1.0013619661331177,50582.625,4358.7373046875,0.9995260238647461,1.0013619661331177,50929.51953125,4375.5205078125,1.0019500255584717,1.001952052116394,47281.03515625,3930.806640625,0.9980049729347229,0.9982720017433167,49413.48046875,4199.0,0.998769998550415,1.0006320476531982,37707308001,28229518513,7085836821,93691250219
2021-12-07,50700.0859375,4315.0615234375,1.0000629425048828,1.000972032546997,50700.0859375,4315.0615234375,1.0000629425048828,1.000972032546997,51934.78125,4428.58935546875,1.0019279718399048,1.001994013786316,50175.80859375,4264.32373046875,0.9980109930038452,0.9992679953575134,50581.828125,4358.5869140625,1.0002069473266602,1.0012400150299072,33676814852,22366213354,4621758475,76247192218
2021-12-08,50504.796875,4439.35791015625,0.9999129772186279,0.9993659853935242,50504.796875,4439.35791015625,0.9999129772186279,0.9993659853935242,51171.375,4453.1123046875,1.0018869638442993,1.00198495388031,48765.98828125,4234.53759765625,0.9980829954147339,0.9980130195617676,50667.6484375,4311.67431640625,1.0000699758529663,1.0009410381317139,28479699446,18704315119,4169038670,69621457268
2021-12-09,47672.12109375,4119.81591796875,1.000527024269104,1.0008820295333862,47672.12109375,4119.81591796875,1.000527024269104,1.0008820295333862,50797.1640625,4482.31396484375,1.0019890069961548,1.0019760131835938,47358.3515625,4078.84423828125,0.998058021068573,0.9981380105018616,50450.08203125,4433.02490234375,0.9989079833030701,0.9989699721336365,29603577251,22296131874,5294556413,69831553004
2021-12-10,47243.3046875,3908.49609375,1.0012160539627075,1.0017399787902832,47243.3046875,3908.49609375,1.0012160539627075,1.0017399787902832,50015.25390625,4227.11181640625,1.001994013786316,1.00198495388031,47023.69921875,3897.767578125,0.9980340003967285,0.9980250000953674,47642.14453125,4113.58837890625,1.000262975692749,1.0005910396575928,30966005122,28014595631,5667174420,68959994142
2021-12-11,49362.5078125,4084.452392578125,1.0001720190048218,1.0005559921264648,49362.5078125,4084.452392578125,1.0001720190048218,1.0005559921264648,49458.2109375,4095.6484375,1.0019439458847046,1.0019960403442383,46942.34765625,3846.054443359375,0.9980040192604065,0.9980459809303284,47264.6328125,3909.667724609375,1.0010730028152466,1.001641035079956,25775869261,19131502454,4131962866,57132834419
2021-12-12,50098.3359375,4134.453125,1.0002390146255493,1.0010509490966797,50098.3359375,4134.453125,1.0002390146255493,1.0010509490966797,50724.8671875,4173.60888671875,1.001979947090149,1.001939058303833,48725.8515625,3993.055908203125,0.9980120062828064,0.9980720281600952,49354.85546875,4084.811279296875,1.0001130104064941,1.000959038734436,21939223599,14057603914,3253441868,46141935617
2021-12-13,46737.48046875,3784.226806640625,0.999779999256134,1.0001310110092163,46737.48046875,3784.226806640625,0.999779999256134,1.0001310110092163,50205.0,4145.955078125,1.001999020576477,1.001994013786316,45894.84765625,3680.609130859375,0.9982579946517944,0.9980890154838562,50114.7421875,4136.35986328125,1.0001369714736938,1.0006170272827148,32166727776,23999841386,4967338939,66458705759
2021-12-14,46612.6328125,3745.4404296875,1.000195026397705,1.000648021697998,46612.6328125,3745.4404296875,1.000195026397705,1.000648021697998,48431.3984375,3866.6337890625,1.00199294090271,1.001999020576477,46424.49609375,3700.104736328125,0.9981150031089783,0.9981809854507446,46709.82421875,3782.82275390625,1.0000189542770386,1.000380039215088,34638619079,23836759957,4929898732,72787499023
2021-12-15,48896.72265625,4018.388671875,1.0002440214157104,1.0004019737243652,48896.72265625,4018.388671875,1.0002440214157104,1.0004019737243652,49473.95703125,4086.372802734375,1.0019609928131104,1.0012060403823853,46671.96484375,3664.719970703125,0.9981439709663391,0.9980959892272949,48379.75390625,3862.25146484375,0.999625027179718,1.0004630088806152,36541828520,26411188833,5885434505,77440719349
2021-12-16,47665.42578125,3962.4697265625,0.9989519715309143,1.0002599954605103,47665.42578125,3962.4697265625,0.9989519715309143,1.0002599954605103,49425.57421875,4110.36865234375,1.001994013786316,1.001999020576477,47529.87890625,3956.05712890625,0.9980059862136841,0.9985160231590271,48900.46484375,4020.4150390625,1.0004960298538208,1.0002299547195435,27268150947,19825531254,4261770587,60612599459
2021-12-17,46202.14453125,3879.486572265625,0.9998059868812561,1.000838041305542,46202.14453125,3879.486572265625,0.9998059868812561,1.000838041305542,48004.89453125,3992.79248046875,1.001816987991333,1.0019960403442383,45618.21484375,3711.424560546875,0.9980760216712952,0.9981510043144226,47653.73046875,3959.012451171875,1.0000109672546387,1.0000929832458496,32902725329,23143541098,4989557925,69599166416
2021-12-18,46848.77734375,3960.860107421875,0.9999300241470337,1.0001829862594604,46848.77734375,3960.860107421875,0.9999300241470337,1.0001829862594604,47313.828125,3993.829833984375,1.001844048500061,1.0019689798355103,45598.44140625,3774.614990234375,0.9980829954147339,0.9981989860534668,46219.25390625,3880.29150390625,0.9980980157852173,1.0003559589385986,26098292690,19530895889,3839132525,55813387710
2021-12-19,46707.015625,3922.592529296875,0.9998829960823059,0.9999880194664001,46707.015625,3922.592529296875,0.9998829960823059,0.9999880194664001,48089.6640625,4018.658447265625,1.0019919872283936,1.0019580125808716,46502.953125,3894.398681640625,0.9980360269546509,0.9982619881629944,46853.8671875,3960.872314453125,1.0000159740447998,1.000040054321289,25154053861,16167785597,3413716404,49752180810
2021-12-20,46880.27734375,3933.844482421875,0.999642014503479,0.9989709854125977,46880.27734375,3933.844482421875,0.999642014503479,0.9989709854125977,47401.71875,3980.0986328125,1.0019479990005493,1.0019969940185547,45579.80859375,3759.4033203125,0.998009979724884,0.9980729818344116,46707.0625,3923.69580078125,1.0000560283660889,1.0000790357589722,30961902129,21589690675,4314880732,66647887174
2021-12-21,48936.61328125,4020.260009765625,1.0000660419464111,1.000396966934204,48936.61328125,4020.260009765625,1.0000660419464111,1.000396966934204,49300.91796875,4058.8212890625,1.001994013786316,1.0019570589065552,46698.7734375,3918.837890625,0.9980239868164062,0.9980199933052063,46886.078125,3938.4638671875,0.999189019203186,0.9988800287246704,27055803928,16388555198,3742498924,55687834682
2021-12-22,48628.51171875,3982.099609375,0.9981629848480225,1.000331997871399,48628.51171875,3982.099609375,0.9981629848480225,1.000331997871399,49544.796875,4073.79150390625,1.0017720460891724,1.0019880533218384,48450.94140625,3947.690185546875,0.9980199933052063,0.9980289936065674,48937.09765625,4018.69580078125,1.0001469850540161,1.0005439519882202,24447979559,13921756199,3384263782,57931430463
2021-12-23,50784.5390625,4108.015625,1.0002189874649048,1.0003880262374878,50784.5390625,4108.015625,1.0002189874649048,1.0003880262374878,51332.33984375,4149.02685546875,1.0019910335540771,1.0019869804382324,48065.8359375,3897.234375,0.9980350136756897,0.9982140064239502,48626.34375,3981.961669921875,0.9982659816741943,1.0004700422286987,28223878108,18007273742,4090339477,69151777565
2021-12-24,50822.1953125,4047.98291015625,1.0006649494171143,1.0012019872665405,50822.1953125,4047.98291015625,1.0006649494171143,1.0012019872665405,51814.02734375,4134.1064453125,1.0019700527191162,1.001997947692871,50514.49609375,4029.064453125,0.9983170032501221,0.9981229901313782,50806.05078125,4111.34521484375,1.0003999471664429,1.0002800226211548,24367912228,12769090623,3426361439,60467261268
2021-12-25,50429.859375,4093.281005859375,0.9998559951782227,0.9999229907989502,50429.859375,4093.281005859375,0.9998559951782227,0.9999229907989502,51176.59765625,4138.56494140625,1.0019819736480713,1.001997947692871,50236.70703125,4027.927001953125,0.9980180263519287,0.9980260133743286,50854.91796875,4049.781982421875,1.0005120038986206,1.0010279417037964,19030650914,10894785525,2505867410,48124514320
2021-12-26,50809.515625,4067.328125,0.9991080164909363,1.0004489421844482,50809.515625,4067.328125,0.9991080164909363,1.0004489421844482,51196.37890625,4105.02392578125,1.001999020576477,1.0019659996032715,49623.10546875,4013.0263671875,0.9980149865150452,0.9981359839439392,50428.69140625,4094.151611328125,0.9998440146446228,0.9999899864196777,20964372926,11197244172,2674907883,50593058831
2021-12-27,50640.41796875,4037.547607421875,0.9995819926261902,0.9999439716339111,50640.41796875,4037.547607421875,0.9995819926261902,0.9999439716339111,51956.328125,4126.00146484375,1.001973032951355,1.0019969940185547,50499.46875,4033.492431640625,0.9980409741401672,0.9980090260505676,50802.609375,4064.746337890625,0.9992169737815857,1.0003290176391602,24324345758,11424360002,2793491169,54788742594
2021-12-28,47588.85546875,3800.89306640625,1.0008410215377808,1.0011680126190186,47588.85546875,3800.89306640625,1.0008410215377808,1.0011680126190186,50679.859375,4037.5380859375,1.0019969940185547,1.0019969940185547,47414.2109375,3769.280029296875,0.9981650114059448,0.9984930157661438,50679.859375,4037.5380859375,0.9996330142021179,0.9995710253715515,33430376883,17299472803,4171719361,74531099414
2021-12-29,46444.7109375,3628.53173828125,0.9994630217552185,1.0002939701080322,46444.7109375,3628.53173828125,0.9994630217552185,1.0002939701080322,48119.7421875,3827.98193359375,1.0019350051879883,1.0019810199737549,46201.49609375,3612.7958984375,0.9982290267944336,0.9980440139770508,47623.87109375,3797.436279296875,1.0007580518722534,1.0012530088424683,30049226299,15722555672,3506506629,63544101067
2021-12-30,47178.125,3713.85205078125,1.0003459453582764,1.0010360479354858,47178.125,3713.85205078125,1.0003459453582764,1.0010360479354858,47879.96484375,3767.559814453125,1.0018069744110107,1.0019559860229492,46060.3125,3595.204833984375,0.9981039762496948,0.9983000159263611,46490.60546875,3632.2197265625,0.9996219873428345,1.0001989603042603,26686491018,12925377999,3137476099,54862404131
2021-12-31,46306.4453125,3682.6328125,1.000038981437683,1.000188946723938,46306.4453125,3682.6328125,1.000038981437683,1.000188946723938,48472.52734375,3807.288818359375,1.000933051109314,1.0009549856185913,45819.953125,3636.869873046875,0.9991840124130249,0.9995599985122681,47169.37109375,3713.43017578125,1.0003830194473267,1.0009549856185913,36974172400,14157285268,3283686715,57299598140
2022-01-01,47686.8125,3769.697021484375,1.0000849962234497,1.000499963760376,47686.8125,3769.697021484375,1.0000849962234497,1.000499963760376,47827.3125,3769.91796875,1.0008610486984253,1.0007469654083252,46288.484375,3682.28662109375,0.9992169737815857,1.0000300407409668,46311.74609375,3683.047119140625,1.0000829696655273,1.0000929832458496,24582667004,9776191466,2655459065,43336209524
2022-01-02,47345.21875,3829.56494140625,0.9997649788856506,1.0004600286483765,47345.21875,3829.56494140625,0.9997649788856506,1.0004600286483765,47881.40625,3836.161865234375,1.00096595287323,1.000849962234497,46856.9375,3727.357421875,0.9992650151252747,1.0001599788665771,47680.92578125,3769.29833984375,1.000080943107605,1.0004910230636597,27951569547,9881471548,2491554185,43202922802
2022-01-03,46458.1171875,3761.38037109375,0.9997079968452454,1.0001649856567383,46458.1171875,3761.38037109375,0.9997079968452454,1.0001649856567383,47510.7265625,3836.19873046875,1.0009139776229858,1.0007270574569702,45835.96484375,3698.047607421875,0.999396026134491,1.000040054321289,47343.54296875,3829.53564453125,0.9997760057449341,1.000452995300293,33071628362,12080777893,2979943098,54125933259
2022-01-04,45897.57421875,3794.056640625,1.0005849599838257,1.0002080202102661,45897.57421875,3794.056640625,1.0005849599838257,1.0002080202102661,47406.546875,3876.78515625,1.0013560056686401,1.0005379915237427,45752.46484375,3723.349853515625,0.9991340041160583,0.9999780058860779,46458.8515625,3761.361572265625,0.9998180270195007,1.000161051750183,42494677905,14030925983,3450318436,60765931554
2022-01-05,43569.00390625,3550.386962890625,0.9997569918632507,1.0001219511032104,43569.00390625,3550.386962890625,0.9997569918632507,1.0001219511032104,46929.046875,3842.059814453125,1.0009020566940308,1.0006259679794312,42798.22265625,3456.745361328125,0.9992870092391968,0.9999520182609558,45899.359375,3794.26904296875,1.0006040334701538,1.0002050399780273,36851084859,18061338502,4834405737,77225535519
2022-01-06,43160.9296875,3418.408203125,0.9995599985122681,1.000195026397705,43160.9296875,3418.408203125,0.9995599985122681,1.000195026397705,43748.71875,3549.708984375,1.0011719465255737,1.0005979537963867,42645.5390625,3335.376708984375,0.9992709755897522,0.9999809861183167,43565.51171875,3549.708984375,0.9997519850730896,1.0001230239868164,30208048289,24293791313,4569272674,71751236899
2022-01-07,41557.90234375,3193.21044921875,1.0004769563674927,1.0002520084381104,41557.90234375,3193.21044921875,1.0004769563674927,1.0002520084381104,43153.5703125,3420.4619140625,1.0008699893951416,1.0006279945373535,41077.4453125,3117.38134765625,0.9994019865989685,0.999845027923584,43153.5703125,3417.837890625,0.9995250105857849,1.0002080202102661,84196607520,24494179209,4710183601,82344370614
2022-01-08,41733.94140625,3091.97265625,0.9995120167732239,1.0000970363616943,41733.94140625,3091.97265625,0.9995120167732239,1.0000970363616943,42228.94140625,3240.304443359375,1.0009969472885132,1.0004440546035767,40672.27734375,3020.880859375,0.9994500279426575,0.999879002571106,41561.46484375,3193.50244140625,1.000473976135254,1.0002599954605103,28066355845,16037732700,4278836552,62394894090
2022-01-09,41911.6015625,3157.75146484375,0.9998360276222229,1.0002570152282715,41911.6015625,3157.75146484375,0.9998360276222229,1.0002570152282715,42663.94921875,3206.790771484375,1.0011199712753296,1.0003139972686768,41338.16015625,3075.911376953125,0.9994760155677795,1.0000079870224,41734.7265625,3091.6962890625,0.9995059967041016,1.0000970363616943,21294384372,12334683863,2921877299,49109221960
2022-01-10,41821.26171875,3083.097900390625,1.0003809928894043,1.000180959701538,41821.26171875,3083.097900390625,1.0003809928894043,1.000180959701538,42199.484375,3177.21337890625,1.001127004623413,1.0003039836883545,39796.5703125,2947.68359375,0.9993039965629578,1.0000200271606445,41910.23046875,3157.570556640625,0.9998300075531006,1.0002559423446655,32104232331,19535744145,4659945891,68455690767
2022-01-11,42735.85546875,3238.111572265625,1.000216007232666,1.0003620386123657,42735.85546875,3238.111572265625,1.000216007232666,1.0003620386123657,43001.15625,3247.511962890625,1.001160979270935,1.0005199909210205,41407.75390625,3061.140625,0.9990749955177307,1.0000189542770386,41819.5078125,3082.990966796875,1.0003540515899658,1.0001790523529053,26327648900,15211447193,3645526457,59061400900
2022-01-12,43949.1015625,3372.25830078125,0.9997990131378174,1.000290036201477,43949.1015625,3372.25830078125,0.9997990131378174,1.000290036201477,44135.3671875,3401.219970703125,1.0008209943771362,1.0007129907608032,42528.98828125,3216.718017578125,0.9991549849510193,1.0002100467681885,42742.1796875,3238.449951171875,1.0002249479293823,1.0003689527511597,33499938689,16662871689,3486307844,62300703831
2022-01-13,42591.5703125,3248.28857421875,0.9990249872207642,1.000404953956604,42591.5703125,3248.28857421875,0.9990249872207642,1.000404953956604,44278.421875,3396.9697265625,1.0009779930114746,1.0007630586624146,42447.04296875,3247.91748046875,0.9989969730377197,1.0002620220184326,43946.7421875,3372.10498046875,0.9997860193252563,1.0002870559692383,47691135082,15294466275,3601566982,63231903910
2022-01-14,43099.69921875,3310.00146484375,1.000033974647522,1.0002830028533936,43099.69921875,3310.00146484375,1.000033974647522,1.0002830028533936,43346.6875,3330.76611328125,1.000754952430725,1.0007569789886475,41982.6171875,3203.82373046875,0.9990950226783752,1.0001620054244995,42598.87109375,3248.648681640625,0.9990950226783752,1.000411033630371,23577403399,13562957230,4005995393,60503324000
2022-01-15,43177.3984375,3330.53076171875,0.9994819760322571,1.000641942024231,43177.3984375,3330.53076171875,0.9994819760322571,1.000641942024231,43724.671875,3364.537841796875,1.0006229877471924,1.000939965248108,42669.03515625,3278.6708984375,0.9991329908370972,1.0002219676971436,43101.8984375,3309.84423828125,1.0000540018081665,1.0003010034561157,18371348298,9619999078,2837817560,41922988280
2022-01-16,43113.87890625,3350.921875,0.9996920228004456,1.0004169940948486,43113.87890625,3350.921875,0.9996920228004456,1.0004169940948486,43436.80859375,3376.401123046875,1.000754952430725,1.0008180141448975,42691.0234375,3291.563720703125,0.9990720152854919,1.0002429485321045,43172.0390625,3330.38720703125,0.9994940161705017,1.0007270574569702,17902097845,9505934874,2296999988,41551382127
2022-01-17,42250.55078125,3212.304931640625,0.9996790289878845,1.0003679990768433,42250.55078125,3212.304931640625,0.9996790289878845,1.0003679990768433,43179.390625,3355.8193359375,1.0009000301361084,1.0006489753723145,41680.3203125,3157.22412109375,0.9992049932479858,1.0002180337905884,43118.12109375,3350.947265625,0.999750018119812,1.0004340410232544,21690904261,12344309617,3025152126,51430977642
2022-01-18,42375.6328125,3164.025146484375,1.0001050233840942,1.0004199743270874,42375.6328125,3164.025146484375,1.0001050233840942,1.0004199743270874,42534.40234375,3236.01611328125,1.000952959060669,1.0009969472885132,41392.21484375,3096.12353515625,0.9991599917411804,1.0001740455627441,42250.07421875,3212.28759765625,0.9996690154075623,1.0003509521484375,22417209227,13024154091,3223501722,52799723207
2022-01-19,41744.328125,3095.825927734375,1.0003310441970825,1.0004899501800537,41744.328125,3095.825927734375,1.0003310441970825,1.0004899501800537,42478.3046875,3171.158447265625,1.0007580518722534,1.001041054725647,41242.9140625,3055.21240234375,0.9991379976272583,1.000190019607544,42374.0390625,3163.850341796875,1.0000979900360107,1.000412940979004,23091543258,13187424144,3239858099,50127231375
2022-01-20,40680.41796875,3001.1201171875,1.0004119873046875,1.0002570152282715,40680.41796875,3001.1201171875,1.0004119873046875,1.0002570152282715,43413.0234375,3265.3369140625,1.0013020038604736,1.0008900165557861,40672.82421875,3000.908203125,0.9989259839057922,1.0000710487365723,41744.02734375,3095.271728515625,1.0003360509872437,1.000480055809021,20382033940,10645922764,3125580294,38591713522
2022-01-21,36457.31640625,2557.931640625,1.0004409551620483,1.000177025794983,36457.31640625,2557.931640625,1.0004409551620483,1.000177025794983,41060.52734375,3029.0810546875,1.0012140274047852,1.0007200241088867,35791.42578125,2496.81298828125,0.9989960193634033,1.000012993812561,40699.60546875,3002.956787109375,1.000488042831421,1.000249981880188,43011992031,26796291874,7940219543,86570105642
2022-01-22,35030.25,2405.18115234375,1.0000319480895996,1.0001579523086548,35030.25,2405.18115234375,1.0000319480895996,1.0001579523086548,36688.8125,2615.247314453125,1.000754952430725,1.0009410381317139,34349.25,2330.247314453125,0.9989849925041199,1.000072956085205,36471.58984375,2561.145263671875,1.0004390478134155,1.000182032585144,39714385405,27369692036,6945199430,90441827607
2022-01-23,36276.8046875,2535.0390625,1.0001449584960938,1.0004910230636597,36276.8046875,2535.0390625,1.0001449584960938,1.0004910230636597,36433.3125,2542.144775390625,1.0011320114135742,1.0010080337524414,34784.96875,2381.51513671875,0.9990890026092529,1.0001070499420166,35047.359375,2406.92431640625,1.0000900030136108,1.000154972076416,26017975951,16481489511,4572234577,57296666670
2022-01-24,36654.328125,2440.352294921875,1.0003050565719604,1.0004390478134155,36654.328125,2440.352294921875,1.0003050565719604,1.0004390478134155,37247.51953125,2537.20849609375,1.0009900331497192,1.001062035560608,33184.05859375,2172.30126953125,0.9991310238838196,1.000108003616333,36275.734375,2535.89111328125,1.0001699924468994,1.0004980564117432,41856658597,28220804648,7468827146,88845381041
2022-01-25,36954.00390625,2455.93505859375,1.0004290342330933,1.0006040334701538,36954.00390625,2455.93505859375,1.0004290342330933,1.0006040334701538,37444.5703125,2498.507080078125,1.0010900497436523,1.0009020566940308,35779.4296875,2359.384765625,0.9990310072898865,1.000169038772583,36654.8046875,2440.3935546875,1.0003180503845215,1.0004420280456543,26428189594,16179776932,4146328235,58560287216
2022-01-26,36852.12109375,2468.0302734375,0.99993497133255,1.0006300210952759,36852.12109375,2468.0302734375,0.99993497133255,1.0006300210952759,38825.41015625,2705.7841796875,1.0008859634399414,1.0011169910430908,36374.90625,2417.68310546875,0.9988530278205872,1.000290036201477,36950.515625,2455.5791015625,1.0004199743270874,1.000594973564148,31324598034,21229909340,83252070566791,70750980627
2022-01-27,37138.234375,2423.001220703125,0.9997760057449341,1.0003440380096436,37138.234375,2423.001220703125,0.9997760057449341,1.0003440380096436,37148.32421875,2510.45166015625,1.001183032989502,1.000859022140503,35629.28125,2328.4521484375,0.9989230036735535,1.0002069473266602,36841.87890625,2467.1884765625,0.9998499751091003,1.0006320476531982,25041426629,16126522783,5023632111,53950927548
2022-01-28,37784.33203125,2547.092041015625,0.9996510148048401,1.00034499168396,37784.33203125,2547.092041015625,0.9996510148048401,1.00034499168396,37952.87890625,2548.778564453125,1.0012760162353516,1.0007230043411255,36211.109375,2367.833740234375,0.9989690184593201,1.0001510381698608,37128.4453125,2421.64697265625,0.9997490048408508,1.0003429651260376,22238830523,14666227351,4809047239,50688257403
2022-01-29,38138.1796875,2597.084716796875,1.0003950595855713,1.0003620386123657,38138.1796875,2597.084716796875,1.0003950595855713,1.0003620386123657,38576.26171875,2627.609375,1.0008039474487305,1.0006330013275146,37406.47265625,2526.98974609375,0.9989579916000366,1.0001939535140991,37780.71484375,2546.590576171875,0.9996629953384399,1.0003399848937988,17194183075,11172062661,77941755281506,39357192812
2022-01-30,37917.6015625,2603.466552734375,1.0000649690628052,1.0003410577774048,37917.6015625,2603.466552734375,1.0000649690628052,1.0003410577774048,38266.33984375,2631.408447265625,1.00075101852417,1.0006070137023926,37437.7109375,2550.4609375,0.9991959929466248,1.0002340078353882,38151.91796875,2598.56494140625,1.000404953956604,1.0004550218582153,14643548444,9501221177,2333906963,35043713256
2022-01-31,38483.125,2688.27880859375,0.9995390176773071,1.0004849433898926,38483.125,2688.27880859375,0.9995390176773071,1.0004849433898926,38647.26171875,2697.7353515625,1.001075029373169,1.0006769895553589,36733.57421875,2489.072265625,0.9990839958190918,1.0002650022506714,37920.28125,2603.263427734375,1.0000849962234497,1.0003440380096436,20734730465,13778234614,2977541960,45082693892
2022-02-01,38743.2734375,2792.1171875,0.9996830224990845,1.0004260540008545,38743.2734375,2792.1171875,0.9996830224990845,1.0004260540008545,39115.1328125,2802.3154296875,1.0004669427871704,1.0007410049438477,38113.6640625,2682.621826171875,0.9990890026092529,1.0003540515899658,38481.765625,2687.89892578125,0.9995200037956238,1.000504970550537,20288500328,13194846235,3093316095,43193864245
2022-02-02,36952.984375,2682.85400390625,0.9999669790267944,1.000380039215088,36952.984375,2682.85400390625,0.9999669790267944,1.000380039215088,38834.6171875,2802.212158203125,1.0007259845733643,1.0006639957427979,36832.73046875,2630.120361328125,0.9991750121116638,1.0003080368041992,38743.71484375,2791.958984375,0.999705970287323,1.000427007675171,19155189416,13876301217,2735917325,44198324772
2022-02-03,37154.6015625,2679.16259765625,1.0002310276031494,1.0003859996795654,37154.6015625,2679.16259765625,1.0002310276031494,1.0003859996795654,37154.6015625,2712.482666015625,1.000627040863037,1.0007619857788086,36375.5390625,2587.783447265625,0.9990599751472473,1.0002880096435547,36944.8046875,2682.22607421875,0.9999009966850281,1.000380039215088,18591534769,12755505065,2639131315,41979444063
2022-02-04,41500.875,2983.5869140625,0.9995329976081848,1.0005630254745483,41500.875,2983.5869140625,0.9995329976081848,1.0005630254745483,41527.78515625,2983.5869140625,1.0006760358810425,1.0009939670562744,37093.62890625,2675.44384765625,0.9992319941520691,1.0002779960632324,37149.265625,2681.0576171875,1.0001870393753052,1.0003869533538818,29412210792,18987223729,5446795900,59154422463
2022-02-05,41441.1640625,3014.648193359375,1.0001169443130493,1.000594973564148,41441.1640625,3014.648193359375,1.0001169443130493,1.000594973564148,41847.1640625,3054.130126953125,1.000478982925415,1.0008070468902588,41038.09765625,2966.781005859375,0.998865008354187,1.0003780126571655,41501.48046875,2984.446044921875,0.999584972858429,1.0005639791488647,19652846215,13102093957,5767688766,50686325002
2022-02-06,42412.43359375,3057.47607421875,1.0003570318222046,1.0006790161132812,42412.43359375,3057.47607421875,1.0003570318222046,1.0006790161132812,42500.78515625,3061.26123046875,1.0004940032958984,1.0008289813995361,41244.90625,2965.429931640625,0.9990410208702087,1.0003629922866821,41441.12109375,3014.959716796875,1.0000909566879272,1.000586986541748,16142097334,9466018022,2185135025,40572292703
2022-02-07,43840.28515625,3142.470703125,0.9990220069885254,1.0005550384521484,43840.28515625,3142.470703125,0.9990220069885254,1.0005550384521484,44401.86328125,3182.5283203125,1.0011529922485352,1.0008529424667358,41748.15625,3002.927001953125,0.9989979863166809,1.000396966934204,42406.78125,3057.422119140625,1.0003119707107544,1.0006769895553589,28641855926,15197063785,3534437072,64635714287
2022-02-08,44118.4453125,3122.608642578125,0.9991710186004639,1.0006190538406372,44118.4453125,3122.608642578125,0.9991710186004639,1.0006190538406372,45293.8671875,3219.47265625,1.0005680322647095,1.0009909868240356,42807.8359375,3038.3779296875,0.9979910254478455,1.000491976737976,43854.65234375,3143.008544921875,0.9990770220756531,1.0005539655685425,33079398868,17136080906,3736950599,72230569455
2022-02-09,44338.796875,3239.45703125,0.9995869994163513,1.0007439851760864,44338.796875,3239.45703125,0.9995869994163513,1.0007439851760864,44727.80078125,3263.15576171875,1.0005639791488647,1.0009989738464355,43232.96875,3063.16015625,0.9990090131759644,1.0005450248718262,44096.703125,3121.1826171875,0.9991130232810974,1.0006049871444702,23245887300,13951308490,2902479207,53386706331
2022-02-10,43565.11328125,3077.482177734375,1.0001029968261719,1.0007259845733643,43565.11328125,3077.482177734375,1.0001029968261719,1.0007259845733643,45661.171875,3271.316162109375,1.0008209943771362,1.001054048538208,43402.80859375,3070.378173828125,0.9988830089569092,1.0005069971084595,44347.80078125,3240.113037109375,0.9995920062065125,1.000730037689209,32142048537,18629485080,4195499895,77334791717
2022-02-11,42407.9375,2927.383544921875,0.9993680119514465,1.000722050666809,42407.9375,2927.383544921875,0.9993680119514465,1.000722050666809,43810.83203125,3127.45068359375,1.0005320310592651,1.0026830434799194,42114.5390625,2888.707763671875,0.9986839890480042,1.0005040168762207,43571.12890625,3077.4130859375,1.0001440048217773,1.000730037689209,26954925781,16043881065,4014217487,66753002645
2022-02-12,42244.46875,2917.36279296875,1.000177025794983,1.000601053237915,42244.46875,2917.36279296875,1.000177025794983,1.000601053237915,42992.55078125,2980.079345703125,1.0006779432296753,1.0010730028152466,41852.57421875,2870.177001953125,0.9988260269165039,1.0004719495773315,42412.30078125,2927.386474609375,0.9993829727172852,1.0007200241088867,18152390304,11254355757,2817156195,49138854287
2022-02-13,42197.515625,2883.46337890625,0.999983012676239,1.0004559755325317,42197.515625,2883.46337890625,0.999983012676239,1.0004559755325317,42693.0546875,2947.776611328125,1.000622034072876,1.000864028930664,41950.94140625,2845.397705078125,0.9987679719924927,1.0004169940948486,42236.56640625,2916.78955078125,1.000154972076416,1.0005970001220703,14741589015,9054963563,2123450728,41277090178
2022-02-14,42586.91796875,2933.47900390625,0.999364972114563,1.000512957572937,42586.91796875,2933.47900390625,0.999364972114563,1.000512957572937,42775.77734375,2957.963623046875,1.0006910562515259,1.0008649826049805,41681.95703125,2840.257568359375,0.9989780187606812,1.0003260374069214,42157.3984375,2880.187744140625,0.9999849796295166,1.0004440546035767,20827783012,12164552172,2963505590,48318327792
2022-02-15,44575.203125,3179.877197265625,0.9995710253715515,1.0005849599838257,44575.203125,3179.877197265625,0.9995710253715515,1.0005849599838257,44667.21875,3185.520751953125,1.0004149675369263,1.0007400512695312,42491.03515625,2917.857177734375,0.9988610148429871,1.0003639459609985,42586.46484375,2933.72900390625,0.9993299841880798,1.000512957572937,22721659051,13921257873,3303759191,53542330209
2022-02-16,43961.859375,3127.830078125,0.9997760057449341,1.000396966934204,43961.859375,3127.830078125,0.9997760057449341,1.000396966934204,44578.27734375,3181.616943359375,1.0006660223007202,1.0006990432739258,43456.69140625,3055.168212890625,0.9989219903945923,1.0003399848937988,44578.27734375,3180.44677734375,0.9996089935302734,1.000599980354309,19792547657,12352406833,3231224663,48729582312
2022-02-17,40538.01171875,2881.48193359375,0.9994019865989685,1.0005149841308594,40538.01171875,2881.48193359375,0.9994019865989685,1.0005149841308594,44132.97265625,3154.615234375,1.0004550218582153,1.000601053237915,40249.37109375,2861.85205078125,0.9988840222358704,1.0003249645233154,43937.0703125,3126.8583984375,0.9996970295906067,1.0004030466079712,26246662813,15860206214,3964363431,59426477844
2022-02-18,40030.9765625,2785.7275390625,0.999770998954773,1.0005589723587036,40030.9765625,2785.7275390625,0.999770998954773,1.0005589723587036,40929.15234375,2937.30859375,1.0005730390548706,1.0007070302963257,39637.6171875,2761.643310546875,0.998898983001709,1.0004019737243652,40552.1328125,2884.340576171875,0.9994040131568909,1.0005040168762207,23310007704,15748173433,3506445548,52679060916
2022-02-19,40122.15625,2763.701171875,0.9998700022697449,1.0005760192871094,40122.15625,2763.701171875,0.9998700022697449,1.0005760192871094,40418.87890625,2826.347900390625,1.0005069971084595,1.0007699728012085,39713.05859375,2707.37841796875,0.9990180134773254,1.0004069805145264,40026.0234375,2784.872802734375,0.9997339844703674,1.0005459785461426,13736557863,9774183169,2094832701,37278604791
2022-02-20,38431.37890625,2628.6484375,1.0000029802322388,1.0004080533981323,38431.37890625,2628.6484375,1.0000029802322388,1.0004080533981323,40119.890625,2763.756591796875,1.0007109642028809,1.000789999961853,38112.8125,2585.9462890625,0.998878002166748,1.0003180503845215,40118.1015625,2763.756591796875,0.9998639822006226,1.0005849599838257,18340576452,11641437834,2869319070,45611091002
2022-02-21,37075.28125,2573.816162109375,0.999334990978241,1.0005019903182983,37075.28125,2573.816162109375,0.999334990978241,1.0005019903182983,39394.4375,2752.45849609375,1.0008560419082642,1.0008740425109863,36950.4765625,2568.25439453125,0.998835027217865,1.000319004058838,38423.2109375,2627.66552734375,1.0000009536743164,1.0004019737243652,29280402798,18646392740,5035066514,72043746349
2022-02-22,38286.02734375,2639.29931640625,1.0000449419021606,1.000704050064087,38286.02734375,2639.29931640625,1.0000449419021606,1.000704050064087,38359.85546875,2648.916748046875,1.0010629892349243,1.0008440017700195,36488.93359375,2510.6787109375,0.9988240003585815,1.0003470182418823,37068.76953125,2572.898681640625,0.9993590116500854,1.0004589557647705,25493150450,16360200507,4311028906,60539262856
2022-02-23,37296.5703125,2590.359619140625,0.9995129704475403,1.0004980564117432,37296.5703125,2590.359619140625,0.9995129704475403,1.0004980564117432,39122.39453125,2741.368408203125,1.0006979703903198,1.0009609460830688,37201.81640625,2587.412841796875,0.9988809823989868,1.000452995300293,38285.28125,2639.447021484375,1.0000460147857666,1.0007120370864868,21849073843,13382637240,4088593001,54845607157
2022-02-24,38332.609375,2598.067138671875,0.9999629855155945,1.0006359815597534,38332.609375,2598.067138671875,0.9999629855155945,1.0006359815597534,38968.83984375,2689.047607421875,1.000717043876648,1.0010249614715576,34459.21875,2308.914794921875,0.9988399744033813,1.0002989768981934,37278.56640625,2588.166259765625,0.999521017074585,1.0005810260772705,46383802093,29312342666,9044960990,107952010250
2022-02-25,39214.21875,2764.53564453125,0.9999430179595947,1.000473976135254,39214.21875,2764.53564453125,0.9999430179595947,1.000473976135254,39630.32421875,2821.972412109375,1.0009119510650635,1.0011069774627686,38111.34375,2579.2080078125,0.9992820024490356,1.0003399848937988,38333.74609375,2598.436279296875,0.9999439716339111,1.0006409883499146,26545599159,17208902048,5563465156,66025345539
2022-02-26,39105.1484375,2781.11181640625,0.9999920129776001,1.000396966934204,39105.1484375,2781.11181640625,0.9999920129776001,1.000396966934204,40005.34765625,2849.424072265625,1.000396966934204,1.000722050666809,38702.53515625,2745.009033203125,0.9991350173950195,1.0002909898757935,39213.08203125,2764.989501953125,0.9999039769172668,1.0004860162734985,17467554129,11724648351,3262045031,46708690534
2022-02-27,37709.78515625,2621.8017578125,0.9997220039367676,1.0004910230636597,37709.78515625,2621.8017578125,0.9997220039367676,1.0004910230636597,39778.94140625,2831.12548828125,1.0004199743270874,1.000789999961853,37268.9765625,2581.61572265625,0.9985449910163879,1.0002659559249878,39098.69921875,2780.50439453125,0.99993497133255,1.000393033027649,23450127612,16150857254,4352100239,57257598779
2022-02-28,43193.234375,2919.201171875,0.9998530149459839,1.0003509521484375,43193.234375,2919.201171875,0.9998530149459839,1.0003509521484375,43760.45703125,2929.180419921875,1.0005710124969482,1.001013994216919,37518.21484375,2586.38818359375,0.9988750219345093,1.0002230405807495,37706.0,2621.172119140625,0.9996880292892456,1.0005069971084595,35690014104,19266124733,5502186592,72330789600
2022-03-01,44354.63671875,2972.485107421875,0.999813973903656,1.0004520416259766,44354.63671875,2972.485107421875,0.999813973903656,1.0004520416259766,44793.6015625,3029.651611328125,1.0005229711532593,1.0006059408187866,42952.5859375,2868.93896484375,0.9985049962997437,1.0001800060272217,43194.50390625,2919.77587890625,0.9998400211334229,1.000359058380127,32479047645,18757425786,5617261430,75388694286
2022-03-02,43924.1171875,2950.118408203125,0.9995689988136292,1.0004669427871704,43924.1171875,2950.118408203125,0.9995689988136292,1.0004669427871704,45077.578125,3026.8681640625,1.0005849599838257,1.0006669759750366,43432.8515625,2919.943115234375,0.998769998550415,1.0002429485321045,44357.6171875,2972.471923828125,0.9998030066490173,1.0004520416259766,29183112630,16636517503,5351706956,68076385283
2022-03-03,42451.7890625,2834.468994140625,0.9999340176582336,1.0000170469284058,42451.7890625,2834.468994140625,0.9999340176582336,1.0000170469284058,44021.578125,2964.67333984375,1.0005029439926147,1.0005650520324707,41914.75,2797.3193359375,0.9990410208702087,0.9999579787254333,43925.1953125,2950.15673828125,0.999563992023468,1.0004730224609375,24967782593,13091199728,3923999317,57033279685
2022-03-04,39137.60546875,2617.156005859375,0.9998409748077393,1.0001970529556274,39137.60546875,2617.156005859375,0.9998409748077393,1.0001970529556274,42479.61328125,2835.17626953125,1.0006849765777588,1.0007259845733643,38805.84765625,2587.748291015625,0.9990720152854919,1.0,42458.140625,2834.9873046875,0.9999589920043945,1.0000150203704834,28516271427,14496939024,4810312635,61900652306
2022-03-05,39400.5859375,2664.8310546875,0.9993709921836853,1.0002750158309937,39400.5859375,2664.8310546875,0.9993709921836853,1.0002750158309937,39566.3359375,2679.1025390625,1.0008879899978638,1.0003809928894043,38777.03515625,2596.989990234375,0.9977449774742126,1.000087022781372,39148.44921875,2618.4736328125,0.999921977519989,1.0001970529556274,16975917450,8072368396,2645372913,39306054797
2022-03-06,38419.984375,2555.037353515625,0.9998509883880615,1.0002440214157104,38419.984375,2555.037353515625,0.9998509883880615,1.0002440214157104,39640.17578125,2673.63720703125,1.000412940979004,1.0005450248718262,38211.6484375,2555.037353515625,0.9987679719924927,1.0000569820404053,39404.19921875,2664.943603515625,0.9993799924850464,1.0002720355987549,19745229902,8872976607,3162813903,43914369258
2022-03-07,38062.0390625,2497.771240234375,0.9991340041160583,1.0001230239868164,38062.0390625,2497.771240234375,0.9991340041160583,1.0001230239868164,39430.2265625,2639.943115234375,1.0006870031356812,1.0005700588226318,37260.203125,2455.59375,0.9986310005187988,1.000059962272644,38429.3046875,2555.297607421875,0.999875009059906,1.000251054763794,28546143503,14594098731,4227523780,61333826920
2022-03-08,38737.26953125,2576.74755859375,1.0002599954605103,1.0002820491790771,38737.26953125,2576.74755859375,1.0002599954605103,1.0002820491790771,39304.44140625,2618.166015625,1.0012249946594238,1.0005910396575928,37957.38671875,2489.755126953125,0.9990689754486084,1.000046968460083,38059.90234375,2497.721435546875,0.9991009831428528,1.0000900030136108,25776583476,13922922903,4167069281,55667916973
2022-03-09,41982.92578125,2729.783447265625,1.0004500150680542,1.0002939701080322,41982.92578125,2729.783447265625,1.0004500150680542,1.0002939701080322,42465.671875,2761.79638671875,1.0015209913253784,1.0004969835281372,38706.09375,2573.6552734375,0.9992210268974304,1.0001050233840942,38742.81640625,2577.165283203125,1.0002690553665161,1.000285029411316,32284121034,14173665398,4206640635,67017876859
2022-03-10,39437.4609375,2608.048583984375,0.999800980091095,1.0005650520324707,39437.4609375,2608.048583984375,0.999800980091095,1.0005650520324707,42004.7265625,2729.116455078125,1.0007050037384033,1.0006660223007202,38832.94140625,2566.193115234375,0.998993992805481,1.0001879930496216,41974.0703125,2729.116455078125,1.000440001487732,1.000285029411316,31078064711,13292477213,3932910648,65784999972
2022-03-11,38794.97265625,2559.56298828125,0.9993410110473633,1.0002000331878662,38794.97265625,2559.56298828125,0.9993410110473633,1.0002000331878662,40081.6796875,2664.55859375,1.000177025794983,1.0006370544433594,38347.43359375,2534.688232421875,0.9991679787635803,1.000067949295044,39439.96875,2608.271240234375,0.9998080134391785,1.0005799531936646,26364890465,12382419582,3885937976,58051333936
2022-03-12,38904.01171875,2574.754150390625,0.999538004398346,1.000080943107605,38904.01171875,2574.754150390625,0.999538004398346,1.000080943107605,39308.59765625,2606.438720703125,1.0002379417419434,1.000372052192688,38772.53515625,2559.126953125,0.9992430210113525,1.0000170469284058,38794.46484375,2559.66064453125,0.9993469715118408,1.0002139806747437,14616450657,6532996574,2442312633,38101124958
2022-03-13,37849.6640625,2518.944580078125,0.9999650120735168,1.0001989603042603,37849.6640625,2518.944580078125,0.9999650120735168,1.0001989603042603,39209.3515625,2594.5498046875,1.000180959701538,1.0003670454025269,37728.14453125,2503.88525390625,0.9990280270576477,1.0000619888305664,38884.7265625,2573.488037109375,0.9996989965438843,1.0000619888305664,17300745310,8632000379,2802399958,42268710956
2022-03-14,39666.75390625,2590.696044921875,1.0002880096435547,1.0002189874649048,39666.75390625,2590.696044921875,1.0002880096435547,1.0002189874649048,39742.5,2604.034423828125,1.000643014907837,1.0003809928894043,37680.734375,2505.29931640625,0.9983969926834106,1.0001120567321777,37846.31640625,2518.486328125,0.9999470114707947,1.000190019607544,24322159070,11244398839,3579010932,52613345077
2022-03-15,39338.78515625,2620.149658203125,0.9993669986724854,1.0003340244293213,39338.78515625,2620.149658203125,0.9993669986724854,1.0003340244293213,39794.62890625,2662.32958984375,1.000797986984253,1.0005029439926147,38310.2109375,2515.765869140625,0.9987019896507263,1.0001039505004883,39664.25,2590.6689453125,1.0002690553665161,1.000216007232666,23934000868,12861105614,3439991060,52961395870
2022-03-16,41143.9296875,2772.0556640625,0.9998959898948669,1.0004349946975708,41143.9296875,2772.0556640625,0.9998959898948669,1.0004349946975708,41465.453125,2781.30712890625,1.0005550384521484,1.000501036643982,39022.34765625,2610.764404296875,0.9991679787635803,1.0001740455627441,39335.5703125,2620.028564453125,0.9993619918823242,1.000331997871399,39616916192,17915109769,5396067900,74673285342
2022-03-17,40951.37890625,2814.8544921875,0.999783992767334,1.000499963760376,40951.37890625,2814.8544921875,0.999783992767334,1.000499963760376,41287.53515625,2826.16064453125,1.0002460479736328,1.0006179809570312,40662.87109375,2751.560791015625,0.9994980096817017,1.0002429485321045,41140.84375,2771.964111328125,0.999904990196228,1.0004279613494873,22009601093,12685265194,3742857761,52913216462
2022-03-18,41801.15625,2945.343017578125,0.9998480081558228,1.0004830360412598,41801.15625,2945.343017578125,0.9998480081558228,1.0004830360412598,42195.74609375,2973.6162109375,1.0001029968261719,1.0008970499038696,40302.3984375,2774.855712890625,0.9993230104446411,1.0003290176391602,40944.83984375,2814.4345703125,0.9997529983520508,1.000480055809021,34421564942,15830879093,4336717258,64969319781
2022-03-19,42190.65234375,2946.257080078125,0.9997479915618896,1.0005099773406982,42190.65234375,2946.257080078125,0.9997479915618896,1.0005099773406982,42316.5546875,2979.987060546875,1.000169038772583,1.000769019126892,41602.66796875,2910.80224609375,0.9993370175361633,1.0003830194473267,41794.6484375,2944.7216796875,0.9998059868812561,1.000486969947815,19664853187,11576463120,2958600262,58881848497
2022-03-20,41247.82421875,2860.459228515625,0.9999319911003113,1.000427007675171,41247.82421875,2860.459228515625,0.9999319911003113,1.000427007675171,42241.1640625,2956.965576171875,1.0002460479736328,1.0007380247116089,41004.7578125,2826.107421875,0.9991570115089417,1.0003750324249268,42191.40625,2946.547607421875,0.9997550249099731,1.000504970550537,20127946682,12684727326,2943598190,57837125338
2022-03-21,41077.99609375,2897.9765625,0.9998279809951782,1.0003470182418823,41077.99609375,2897.9765625,0.9998279809951782,1.0003470182418823,41454.41015625,2954.556640625,1.0003770589828491,1.0005409717559814,40668.04296875,2838.25048828125,0.9993990063667297,1.000296950340271,41246.1328125,2860.103271484375,0.9999269843101501,1.0004169940948486,24615543271,15206116098,3371335656,64828148834
2022-03-22,42358.80859375,2973.131103515625,0.9999039769172668,1.00033700466156,42358.80859375,2973.131103515625,0.9999039769172668,1.00033700466156,43124.70703125,3040.3828125,1.0002679824829102,1.0007070302963257,40948.28125,2892.54443359375,0.9994770288467407,1.0003039836883545,41074.10546875,2897.774169921875,0.9998199939727783,1.000349998474121,32004652376,16830539230,4026123791,71455738693
2022-03-23,42892.95703125,3031.067138671875,0.9999529719352722,1.0004090070724487,42892.95703125,3031.067138671875,0.9999529719352722,1.0004090070724487,42893.5078125,3036.752197265625,1.000378966331482,1.0007009506225586,41877.5078125,2933.306640625,0.9991769790649414,1.0002609491348267,42364.37890625,2973.14501953125,0.9998900294303894,1.000349998474121,25242943069,16008767658,3777569857,68181581345
2022-03-24,43960.93359375,3108.06201171875,0.9997050166130066,1.000599980354309,43960.93359375,3108.06201171875,0.9997050166130066,1.000599980354309,44131.85546875,3118.3876953125,1.000378966331482,1.0006669759750366,42726.1640625,3012.32666015625,0.9990730285644531,1.0002820491790771,42886.65234375,3031.060791015625,0.9999769926071167,1.000452995300293,31042992291,18070503166,4794381206,77842904360
2022-03-25,44348.73046875,3106.67138671875,0.9991530179977417,1.00040602684021,44348.73046875,3106.67138671875,0.9991530179977417,1.00040602684021,44999.4921875,3183.9580078125,1.0002490282058716,1.0006300210952759,43706.28515625,3087.49072265625,0.9987829923629761,1.0003509521484375,43964.546875,3108.448974609375,0.9997029900550842,1.0006040334701538,30574413034,17030503831,3995768300,64320675570
2022-03-26,44500.828125,3143.178955078125,0.999891996383667,1.0003609657287598,44500.828125,3143.178955078125,0.999891996383667,1.0003609657287598,44735.99609375,3146.825439453125,1.0005450248718262,1.000540018081665,44166.2734375,3091.825439453125,0.9990659952163696,1.0003299713134766,44349.859375,3106.4052734375,0.9992030262947083,1.0004229545593262,16950455995,8876420740,2351508897,39871932342
2022-03-27,46820.4921875,3291.57763671875,1.000038981437683,1.0003759860992432,46820.4921875,3291.57763671875,1.000038981437683,1.0003759860992432,46827.546875,3291.57763671875,1.0004349946975708,1.0006059408187866,44437.29296875,3129.997802734375,0.9994950294494629,1.0002679824829102,44505.35546875,3143.795654296875,0.9999200105667114,1.0003609657287598,28160889722,13431866834,3193250085,59103680528
2022-03-28,47128.00390625,3336.634521484375,1.0001260042190552,1.0004119873046875,47128.00390625,3336.634521484375,1.0001260042190552,1.0004119873046875,48086.8359375,3424.019287109375,1.0005110502243042,1.0006510019302368,46690.203125,3279.027099609375,0.9992309808731079,1.0002260208129883,46821.8515625,3292.322509765625,1.0000449419021606,1.0003650188446045,36362175703,20620450770,4736107595,86217871591
2022-03-29,47465.73046875,3401.98779296875,0.9999960064888,1.0004500150680542,47465.73046875,3401.98779296875,0.9999960064888,1.0004500150680542,48022.2890625,3470.186279296875,1.000331997871399,1.0006619691848755,47100.4375,3335.021240234375,0.9993450045585632,1.0002800226211548,47100.4375,3335.021240234375,1.0000640153884888,1.00040602684021,31397059069,19533323636,4605087735,80447404974
2022-03-30,47062.6640625,3385.157958984375,0.9994310140609741,1.0002779960632324,47062.6640625,3385.157958984375,0.9994310140609741,1.0002779960632324,47655.1484375,3435.2861328125,1.0004780292510986,1.000573992729187,46746.2109375,3349.237060546875,0.9991649985313416,1.0002189874649048,47456.8984375,3401.526123046875,0.9999960064888,1.0004279613494873,29333883962,15302506131,4294916739,79713341087
2022-03-31,45538.67578125,3281.642822265625,0.9994469881057739,1.0003039836883545,45538.67578125,3281.642822265625,0.9994469881057739,1.0003039836883545,47512.02734375,3435.12841796875,1.0002939701080322,1.0007339715957642,45390.5390625,3272.9345703125,0.9989410042762756,1.0002000331878662,47062.1484375,3385.289306640625,0.9994480013847351,1.0002720355987549,33327427106,17685495686,4965559497,90489848043
2022-04-01,46281.64453125,3449.55224609375,0.9999939799308777,1.000357985496521,46281.64453125,3449.55224609375,0.9999939799308777,1.000357985496521,46616.2421875,3467.555908203125,1.000417947769165,1.0006389617919922,44403.140625,3223.891357421875,0.999023973941803,1.0002280473709106,45554.1640625,3282.576171875,0.9995160102844238,1.0003060102462769,38162644287,20982988937,4910693133,92250507858
2022-04-02,45868.94921875,3445.059326171875,0.999343991279602,1.0003440380096436,45868.94921875,3445.059326171875,0.999343991279602,1.0003440380096436,47028.28125,3521.28466796875,1.0003089904785156,1.0005229711532593,45782.51171875,3442.000244140625,0.9990649819374084,1.00027596950531,46285.5,3449.78857421875,1.0000070333480835,1.0003689527511597,29336594194,23571556215,4174919496,79916606735
2022-04-03,46453.56640625,3522.83349609375,1.0000940561294556,1.0002729892730713,46453.56640625,3522.83349609375,1.0000940561294556,1.0002729892730713,47313.4765625,3573.960205078125,1.0004379749298096,1.0006810426712036,45634.10546875,3421.259765625,0.9985049962997437,1.000195026397705,45859.12890625,3444.810546875,0.9993039965629578,1.0003479719161987,25414397610,15333808649,3383196459,67183096448
2022-04-04,46622.67578125,3521.2412109375,1.0001219511032104,1.0002280473709106,46622.67578125,3521.2412109375,1.0001219511032104,1.0002280473709106,46791.08984375,3535.148193359375,1.0003160238265991,1.0004509687423706,45235.81640625,3422.0009765625,0.9989100098609924,1.0001519918441772,46445.2734375,3522.364990234375,1.0000879764556885,1.00027596950531,32499785455,18209969743,4217884092,79820905659
2022-04-05,45555.9921875,3411.79248046875,0.9996960163116455,1.0001939535140991,45555.9921875,3411.79248046875,0.9996960163116455,1.0001939535140991,47106.140625,3546.706787109375,1.0003600120544434,1.0004370212554932,45544.80859375,3410.547607421875,0.9990339875221252,1.0001219511032104,46624.5078125,3521.23974609375,1.0001380443572998,1.0002219676971436,29640604055,16681503199,3993328112,71594982811
2022-04-06,43206.73828125,3171.69189453125,0.999584972858429,1.000154972076416,43206.73828125,3171.69189453125,0.999584972858429,1.000154972076416,45544.35546875,3411.672119140625,1.0006020069122314,1.0004650354385376,43193.953125,3171.205078125,0.9986230134963989,1.0000859498977661,45544.35546875,3411.672119140625,0.99965900182724,1.0001989603042603,39393395788,25632563639,5849605363,92098510461
2022-04-07,43503.84765625,3233.274658203125,1.0000369548797607,1.0002620220184326,43503.84765625,3233.274658203125,1.0000369548797607,1.0002620220184326,43860.69921875,3263.474609375,1.0011110305786133,1.000491976737976,42899.90625,3155.5810546875,0.9990659952163696,1.0000929832458496,43207.5,3172.197265625,0.9996119737625122,1.0001490116119385,26101973106,16745496605,3809231231,61906251582
2022-04-08,42287.6640625,3192.073974609375,0.9997410178184509,1.0002880096435547,42287.6640625,3192.073974609375,0.9997410178184509,1.0002880096435547,43903.01953125,3301.607421875,1.0010149478912354,1.0005470514297485,42183.2890625,3179.142333984375,0.9973160028457642,1.0001729726791382,43505.13671875,3233.2724609375,1.0001100301742554,1.0002609491348267,27215995394,17557050669,3965817036,64297486911
2022-04-09,42782.13671875,3261.916259765625,1.0000840425491333,1.000372052192688,42782.13671875,3261.916259765625,1.0000840425491333,1.000372052192688,42786.81640625,3261.963134765625,1.0005329847335815,1.0005810260772705,42183.25390625,3187.46923828125,0.9990670084953308,1.0001519918441772,42282.078125,3191.97607421875,0.9997460246086121,1.00028395652771,16050772496,9908112156,2269317026,40069848333
2022-04-10,42207.671875,3211.866943359375,0.9996259808540344,1.0002919435501099,42207.671875,3211.866943359375,0.9996259808540344,1.0002919435501099,43376.37890625,3303.003173828125,1.0005029439926147,1.0005680322647095,42021.20703125,3211.866943359375,0.9991440176963806,1.0002399682998657,42781.08984375,3261.29150390625,1.0000840425491333,1.0003540515899658,17654475582,10427054790,2315716300,43341611560
2022-04-11,39521.90234375,2981.05224609375,0.9997320175170898,1.0003479719161987,39521.90234375,2981.05224609375,0.9997320175170898,1.0003479719161987,42424.58984375,3214.4619140625,1.0003039836883545,1.0006070137023926,39373.05859375,2962.756591796875,0.9990090131759644,1.0001939535140991,42201.0390625,3209.576904296875,0.9996960163116455,1.0002989768981934,33949912166,21891804831,5102389285,73914574528
2022-04-12,40127.18359375,3030.37646484375,0.9998649954795837,1.0004349946975708,40127.18359375,3030.37646484375,0.9998649954795837,1.0004349946975708,40617.5859375,3077.45263671875,1.0006239414215088,1.0005520582199097,39388.328125,2957.872314453125,0.9992319941520691,1.0001779794692993,39533.71484375,2981.420654296875,0.999813973903656,1.0003509521484375,30991500854,20235707410,4605505010,68489224153
2022-04-13,41166.73046875,3118.34423828125,0.9997450113296509,1.0002750158309937,41166.73046875,3118.34423828125,0.9997450113296509,1.0002750158309937,41430.0546875,3123.575439453125,1.0003900527954102,1.0004420280456543,39712.74609375,3006.481689453125,0.9991530179977417,1.0001280307769775,40123.5703125,3029.8779296875,0.9998289942741394,1.0004420280456543,27691105228,16088473629,3725782044,57894656914
2022-04-14,39935.515625,3019.909423828125,0.9998390078544617,1.0001269578933716,39935.515625,3019.909423828125,0.9998390078544617,1.0001269578933716,41451.48046875,3139.9287109375,1.0003329515457153,1.0004160404205322,39695.74609375,2988.435302734375,0.999081015586853,1.0000540018081665,41160.21875,3117.82177734375,0.9997249841690063,1.00027596950531,24342001973,15821419931,3957318706,52908937427
2022-04-15,40553.46484375,3040.91650390625,0.9997529983520508,1.0002390146255493,40553.46484375,3040.91650390625,0.9997529983520508,1.0002390146255493,40617.72265625,3044.287353515625,1.0005619525909424,1.000440001487732,39866.83203125,3001.123291015625,0.9993860125541687,1.0000699758529663,39939.40234375,3020.134521484375,0.9998310208320618,1.0001200437545776,21756855753,11256651536,3220618832,42988969647
2022-04-16,40424.484375,3062.310302734375,1.0002260208129883,1.0002959966659546,40424.484375,3062.310302734375,1.0002260208129883,1.0002959966659546,40633.6796875,3074.886962890625,1.000432014465332,1.000391960144043,40078.42578125,3016.421142578125,0.9992700219154358,1.0001300573349,40552.31640625,3041.123291015625,0.9997339844703674,1.000236988067627,16833150693,8766710365,2152278186,35315439111
2022-04-17,39716.953125,2993.4033203125,0.9992589950561523,1.0003139972686768,39716.953125,2993.4033203125,0.9992589950561523,1.0003139972686768,40570.7265625,3075.77587890625,1.0003210306167603,1.0004359483718872,39620.89453125,2989.0439453125,0.9989050030708313,1.0001440048217773,40417.77734375,3061.8818359375,1.000201940536499,1.0002909898757935,19087633042,10463091281,2678573075,40964576376
2022-04-18,40826.21484375,3057.606689453125,0.9998729825019836,1.0002180337905884,40826.21484375,3057.606689453125,0.9998729825019836,1.0002180337905884,40986.3203125,3062.52099609375,1.0005500316619873,1.0005040168762207,38696.19140625,2893.912841796875,0.9988290071487427,1.0001529455184937,39721.203125,2993.48388671875,0.9992730021476746,1.0003210306167603,33705182072,18629381299,4013104508,68691204704
2022-04-19,41502.75,3104.1064453125,0.9998970031738281,1.0003429651260376,41502.75,3104.1064453125,0.9998970031738281,1.0003429651260376,41672.9609375,3125.084228515625,1.0006049871444702,1.000419020652771,40618.6328125,3035.53515625,0.9993199706077576,1.000154972076416,40828.17578125,3057.5703125,0.9998829960823059,1.0002139806747437,25303206547,14156035096,3629844066,57975539645
2022-04-20,41374.37890625,3077.745849609375,0.9998469948768616,1.000201940536499,41374.37890625,3077.745849609375,0.9998469948768616,1.000201940536499,42126.30078125,3157.8857421875,1.0006330013275146,1.000596046447754,40961.09765625,3045.288330078125,0.9993129968643188,1.0001529455184937,41501.74609375,3103.93505859375,0.9999079704284668,1.0003509521484375,27819532341,15547362265,4170091755,66021482830
2022-04-21,40527.36328125,2987.480712890625,1.0002820491790771,1.0001569986343384,40527.36328125,2987.480712890625,1.0002820491790771,1.0001569986343384,42893.58203125,3173.451416015625,1.0017590522766113,1.0004899501800537,40063.828125,2962.410400390625,0.999439001083374,1.0001189708709717,41371.515625,3077.829345703125,0.9998390078544617,1.000203013420105,35372786395,20783591093,4474827385,77014328066
2022-04-22,39740.3203125,2964.835693359375,1.0001989603042603,1.0002340078353882,39740.3203125,2964.835693359375,1.0001989603042603,1.0002340078353882,40777.7578125,3024.8544921875,1.0006769895553589,1.000365972518921,39315.41796875,2942.358642578125,0.9994630217552185,1.0000779628753662,40525.86328125,2986.938720703125,1.0002470016479492,1.000141978263855,28011716745,16782795477,3882678798,60728483573
2022-04-23,39486.73046875,2938.114013671875,1.0000040531158447,1.0002280473709106,39486.73046875,2938.114013671875,1.0000040531158447,1.0002280473709106,39935.859375,2975.32275390625,1.0006279945373535,1.0003819465637207,39352.203125,2926.740234375,0.9994950294494629,1.0001039505004883,39738.72265625,2964.80224609375,1.000236988067627,1.0002210140228271,16138021249,9116955609,2324060694,38357597167
2022-04-24,39469.29296875,2922.732666015625,0.9999629855155945,1.0003440380096436,39469.29296875,2922.732666015625,0.9999629855155945,1.0003440380096436,39845.92578125,2961.882080078125,1.001844048500061,1.0004459619522095,39233.5390625,2922.128662109375,0.9994779825210571,1.0001649856567383,39478.375,2937.34716796875,0.9997910261154175,1.0002180337905884,17964398167,9696829579,2649077080,39519383045
2022-04-25,40458.30859375,3009.3935546875,1.0002180337905884,1.0001449584960938,40458.30859375,3009.3935546875,1.0002180337905884,1.0001449584960938,40491.75390625,3018.41552734375,1.002027988433838,1.000393033027649,38338.37890625,2804.507080078125,0.9994000196456909,1.0001029968261719,39472.60546875,2922.990234375,0.9999600052833557,1.0003459453582764,35445730570,22332690614,4720363070,73256647805
2022-04-26,38117.4609375,2808.29833984375,1.0001269578933716,1.000072956085205,38117.4609375,2808.29833984375,1.0001269578933716,1.000072956085205,40713.890625,3026.4150390625,1.0018260478973389,1.0002650022506714,37884.984375,2786.253173828125,0.9993630051612854,1.000040054321289,40448.421875,3008.9462890625,1.0001920461654663,1.0001310110092163,34569088416,19052045399,4221564998,69068297656
2022-04-27,39241.12109375,2888.9296875,1.0003210306167603,1.0001529455184937,39241.12109375,2888.9296875,1.0003210306167603,1.0001529455184937,39397.91796875,2911.87744140625,1.0008389949798584,1.00028395652771,37997.3125,2802.2734375,0.9995350241661072,1.000012993812561,38120.30078125,2808.64599609375,1.000128984451294,1.0000590085983276,30981015184,17419284041,3849488651,61043327313
2022-04-28,39773.828125,2936.94091796875,1.0000289678573608,1.0001909732818604,39773.828125,2936.94091796875,1.0000289678573608,1.0001909732818604,40269.46484375,2973.135009765625,1.000504970550537,1.0002919435501099,38941.421875,2861.821533203125,0.9995070099830627,1.0000280141830444,39241.4296875,2888.849853515625,1.000309944152832,1.000154972076416,33903704907,18443524633,4611631886,68392086439
2022-04-29,38609.82421875,2815.601806640625,1.0000230073928833,1.0000200271606445,38609.82421875,2815.601806640625,1.0000230073928833,1.0000200271606445,39887.26953125,2943.44580078125,1.0004169940948486,1.0002379417419434,38235.53515625,2782.435302734375,0.9995419979095459,0.9999859929084778,39768.6171875,2936.776611328125,1.0000070333480835,1.0002000331878662,30882994649,18771041399,4076411418,67899674445
2022-04-30,37714.875,2730.186767578125,1.0002950429916382,1.000154972076416,37714.875,2730.186767578125,1.0002950429916382,1.000154972076416,38771.2109375,2836.82763671875,1.0004949569702148,1.000251054763794,37697.94140625,2727.40625,0.9992799758911133,0.999970018863678,38605.859375,2815.533447265625,1.0000079870224,1.0000009536743164,23895713731,13520941867,3824993132,57266339850
2022-05-01,38469.09375,2827.756103515625,1.0003809928894043,1.0001130104064941,38469.09375,2827.756103515625,1.0003809928894043,1.0001130104064941,38627.859375,2838.704345703125,1.000849962234497,1.0003739595413208,37585.7890625,2728.078857421875,0.9994869828224182,1.0000989437103271,37713.265625,2729.994140625,1.0002789497375488,1.0001519918441772,27002760110,15332730152,3757508036,61420362842
2022-05-02,38529.328125,2857.410400390625,1.000059962272644,0.9999549984931946,38529.328125,2857.410400390625,1.000059962272644,0.9999549984931946,39074.97265625,2874.14599609375,1.0005639791488647,1.0002809762954712,38156.5625,2785.52294921875,0.9994999766349792,0.999925971031189,38472.1875,2827.614013671875,1.0003609657287598,1.000100016593933,32922642426,18609741545,3902762410,63751566652
2022-05-03,37750.453125,2783.476318359375,1.0001189708709717,1.0000449419021606,37750.453125,2783.476318359375,1.0001189708709717,1.0000449419021606,38629.99609375,2859.193359375,1.0003809928894043,1.0002330541610718,37585.62109375,2762.11865234375,0.9994760155677795,0.9999020099639893,38528.109375,2857.15234375,1.0000560283660889,0.9999520182609558,27326943244,13026093219,3691702287,52924035065
2022-05-04,39698.37109375,2940.644775390625,1.0000770092010498,1.0000380277633667,39698.37109375,2940.644775390625,1.0000770092010498,1.0000380277633667,39902.94921875,2956.686767578125,1.000648021697998,1.000141978263855,37732.05859375,2779.273681640625,0.9996190071105957,0.9999399781227112,37748.01171875,2783.131103515625,1.0001180171966553,1.000020980834961,36754404490,18186749944,4446134900,72222517203
2022-05-05,36575.140625,2749.213134765625,0.9999579787254333,0.9999880194664001,36575.140625,2749.213134765625,0.9999579787254333,0.9999880194664001,39789.28125,2948.960693359375,1.0006049871444702,1.0001970529556274,35856.515625,2704.916259765625,0.9993810057640076,0.9999200105667114,39695.74609375,2940.2265625,1.0000660419464111,1.000038981437683,43106256317,22642925048,5202645491,85679638685
2022-05-06,36040.921875,2694.979736328125,1.0000720024108887,0.9999819993972778,36040.921875,2694.979736328125,1.0000720024108887,0.9999819993972778,36624.359375,2754.837646484375,1.000607967376709,1.0002150535583496,35482.1328125,2645.335205078125,0.9995229840278625,0.9999160170555115,36573.18359375,2748.931640625,0.9999470114707947,0.9999899864196777,37795577489,21027599270,5376284197,81327879764
2022-05-07,35501.953125,2636.093017578125,0.9999060034751892,0.9999210238456726,35501.953125,2636.093017578125,0.9999060034751892,0.9999210238456726,36129.92578125,2696.65283203125,1.000427007675171,1.0000489950180054,34940.82421875,2599.5234375,0.9996169805526733,0.9997739791870117,36042.50390625,2694.991943359375,1.0000649690628052,0.9999709725379944,24375896406,13369276367,3623126811,57202594793
2022-05-08,34059.265625,2517.4599609375,1.000087022781372,0.9998540282249451,34059.265625,2517.4599609375,1.000087022781372,0.9998540282249451,35502.94140625,2638.83056640625,1.0006309747695923,1.0000629425048828,33878.96484375,2498.43017578125,0.9995480179786682,0.9997400045394897,35502.94140625,2636.121826171875,0.9999179840087891,0.9999189972877502,36763041910,20802269935,5432001418,77900163502
2022-05-09,30296.953125,2245.430419921875,0.9995949864387512,0.999908983707428,30296.953125,2245.430419921875,0.9995949864387512,0.999908983707428,34222.07421875,2528.258056640625,1.00068199634552,1.000133991241455,30296.953125,2238.062744140625,0.9993759989738464,0.9997699856758118,34060.015625,2518.50830078125,0.9999939799308777,0.9998700022697449,63355494961,36333567678,8493986111,120710294040
2022-05-10,31022.90625,2343.510986328125,0.9998279809951782,0.9997910261154175,31022.90625,2343.510986328125,0.9998279809951782,0.9997910261154175,32596.30859375,2450.76025390625,1.0006849765777588,1.000133991241455,29944.802734375,2206.7568359375,0.9992780089378357,0.9997090101242065,30273.654296875,2242.650390625,0.9995759725570679,0.9999449849128723,59811038817,38202099639,8611992228,128692083965
2022-05-11,28936.35546875,2072.108642578125,1.0007660388946533,0.9958720207214355,28936.35546875,2072.108642578125,1.0007660388946533,0.9958720207214355,32013.40234375,2441.079345703125,1.0013500452041626,0.9999960064888,28170.4140625,2018.8555908203125,0.99925297498703,0.9934589862823486,31016.18359375,2342.754150390625,0.9997850060462952,0.9997900128364563,70388855818,45743399154,15143285239,159700404396
2022-05-12,29047.751953125,1961.7015380859375,1.0006589889526367,0.99760901927948,29047.751953125,1961.7015380859375,1.0006589889526367,0.99760901927948,30032.439453125,2170.4580078125,1.0114339590072632,0.9977359771728516,26350.490234375,1748.3031005859375,0.9995309710502625,0.9484859704971313,28936.734375,2072.504638671875,1.000777006149292,0.9958789944648743,66989173272,42463486402,18612052637,141052751792
2022-05-13,29283.103515625,2014.418212890625,1.0003470182418823,0.9982389807701111,29283.103515625,2014.418212890625,1.0003470182418823,0.9982389807701111,30924.802734375,2139.71337890625,1.0019010305404663,0.999193012714386,28782.330078125,1941.9759521484375,0.9996370077133179,0.9969450235366821,29030.91015625,1960.12255859375,1.000601053237915,0.997527003288269,42841124537,24816096567,8025797259,87009885196
2022-05-14,30101.265625,2056.27392578125,1.0003809928894043,0.9987800121307373,30101.265625,2056.27392578125,1.0003809928894043,0.9987800121307373,30192.802734375,2063.429931640625,1.0009770393371582,0.9989709854125977,28702.91015625,1956.572998046875,0.9996950030326843,0.9977909922599792,29285.642578125,2014.2806396484375,1.000417947769165,0.9982420206069946,28579868620,15457044616,5734214071,60781876668
2022-05-15,31305.11328125,2145.706787109375,1.0001829862594604,0.9990689754486084,31305.11328125,2145.706787109375,1.0001829862594604,0.9990689754486084,31308.19140625,2147.1943359375,1.0010260343551636,0.9990770220756531,29527.740234375,2008.1627197265625,0.9998630285263062,0.9984920024871826,30098.5859375,2056.18310546875,1.0003679990768433,0.9987800121307373,25835372065,14846088335,4610661832,53979914930
2022-05-16,29862.91796875,2022.7259521484375,1.0005810260772705,0.9987789988517761,29862.91796875,2022.7259521484375,1.0005810260772705,0.9987789988517761,31305.341796875,2145.8369140625,1.000815987586975,0.9991530179977417,29251.884765625,1988.811767578125,0.9997400045394897,0.9986590147018433,31304.375,2145.8369140625,1.000195026397705,0.9990839958190918,32613897286,21459552191,6650512579,62504490441
2022-05-17,30425.857421875,2090.4091796875,1.0002189874649048,0.9989089965820312,30425.857421875,2090.4091796875,1.0002189874649048,0.9989089965820312,30694.490234375,2113.059814453125,1.0010449886322021,0.9991070032119751,29570.302734375,2015.9715576171875,0.9999399781227112,0.9986500144004822,29862.408203125,2022.88232421875,1.0006229877471924,0.9987720251083374,29101473475,18509929297,5271575140,55745978864
2022-05-18,28720.271484375,1916.6561279296875,0.999770998954773,0.9988020062446594,28720.271484375,1916.6561279296875,0.999770998954773,0.9988020062446594,30618.716796875,2102.32666015625,1.0007989406585693,0.9991499781608582,28720.271484375,1916.6561279296875,0.999770998954773,0.9985420107841492,30424.478515625,2090.4599609375,1.0002189874649048,0.9989020228385925,31285268319,17740965589,5791540700,56067250693
2022-05-19,30314.333984375,2018.336181640625,1.0002690553665161,0.9989709854125977,30314.333984375,2018.336181640625,1.0002690553665161,0.9989709854125977,30430.751953125,2028.38818359375,1.0008219480514526,0.9991220235824585,28708.955078125,1907.0205078125,0.999809980392456,0.9985499978065491,28720.359375,1916.1495361328125,0.999809980392456,0.9987859725952148,33773447707,18734247914,6580258237,59651836770
2022-05-20,29200.740234375,1961.315673828125,0.9999070167541504,0.9988179802894592,29200.740234375,1961.315673828125,0.9999070167541504,0.9988179802894592,30664.9765625,2054.7958984375,1.0008870363235474,0.9993699789047241,28793.60546875,1926.6767578125,0.9997869729995728,0.9987000226974487,30311.119140625,2018.0001220703125,1.0002779960632324,0.998956024646759,30749382605,15892482289,5519038708,54960961209
2022-05-21,29432.2265625,1974.518310546875,1.0002659559249878,0.9987930059432983,29432.2265625,1974.518310546875,1.0002659559249878,0.9987930059432983,29588.869140625,1985.39599609375,1.0008620023727417,0.9990379810333252,29027.39453125,1944.26513671875,0.9998660087585449,0.9985989928245544,29199.859375,1961.0179443359375,0.9999439716339111,0.9988939762115479,17274840442,8546822406,3085866979,34924240134
2022-05-22,30323.72265625,2043.170166015625,1.0000920295715332,0.9990659952163696,30323.72265625,2043.170166015625,1.0000920295715332,0.9990659952163696,30425.861328125,2047.19140625,1.0008339881896973,0.9991210103034973,29275.18359375,1966.038818359375,0.9999369978904724,0.9985899925231934,29432.47265625,1974.670654296875,1.0002549886703491,0.998786985874176,21631532270,10941123403,3493584223,40965864100
2022-05-23,29098.91015625,1972.181884765625,1.0001410245895386,0.9990879893302917,29098.91015625,1972.181884765625,1.0001410245895386,0.9990879893302917,30590.5859375,2080.33349609375,1.000905990600586,0.9992939829826355,28975.560546875,1964.3865966796875,0.9997280240058899,0.9988290071487427,30309.396484375,2042.3447265625,1.0001150369644165,0.9990649819374084,31483454557,16434529708,5594245864,58585612765
2022-05-24,29655.5859375,1978.9827880859375,1.0001790523529053,0.9991070032119751,29655.5859375,1978.9827880859375,1.0001790523529053,0.9991070032119751,29774.35546875,1991.5355224609375,1.0009069442749023,0.9992039799690247,28786.58984375,1920.6881103515625,0.9997379779815674,0.9988470077514648,29101.125,1972.390869140625,1.0001490116119385,0.9990479946136475,26616506245,13057109007,4616931095,51053417289
2022-05-25,29562.361328125,1944.827880859375,0.9998210072517395,0.9989759922027588,29562.361328125,1944.827880859375,0.9998210072517395,0.9989759922027588,30157.78515625,2014.3695068359375,1.0010069608688354,0.9991850256919861,29384.94921875,1943.9385986328125,0.9997779726982117,0.9988170266151428,29653.134765625,1978.677001953125,1.000177025794983,0.9990929961204529,27525063551,13364545730,4580073336,50311844127
2022-05-26,29267.224609375,1803.913330078125,0.9999300241470337,0.9989070296287537,29267.224609375,1803.913330078125,0.9999300241470337,0.9989070296287537,29834.16015625,1962.171142578125,1.0011719465255737,0.9992120265960693,28261.90625,1759.1995849609375,0.9997400045394897,0.9987829923629761,29564.77734375,1945.0333251953125,0.9998379945755005,0.9989669919013977,36774325352,23458681818,6850921932,67771285444
2022-05-27,28627.57421875,1724.9228515625,1.0004030466079712,0.9988629817962646,28627.57421875,1724.9228515625,1.0004030466079712,0.9988629817962646,29346.943359375,1814.656494140625,1.0012279748916626,0.9991840124130249,28326.61328125,1721.2647705078125,0.9997050166130066,0.998786985874176,29251.140625,1802.5438232421875,0.9999639987945557,0.9989020228385925,36582005748,25470760032,6832701659,67961870830
2022-05-28,28814.900390625,1757.9417724609375,1.0001499652862549,0.9990019798278809,28814.900390625,1757.9417724609375,1.0001499652862549,0.9990019798278809,28814.900390625,1757.9417724609375,1.0008469820022583,0.999189019203186,28554.56640625,1724.635986328125,0.9998379945755005,0.9987789988517761,28622.625,1724.635986328125,1.000251054763794,0.9990109801292419,35519577634,23214777872,4367920911,37159842905
2022-05-29,29445.95703125,1812.031005859375,1.0005860328674316,0.9991779923439026,29445.95703125,1812.031005859375,1.0005860328674316,0.9991779923439026,29498.009765625,1818.776611328125,1.0008260011672974,0.9992460012435913,28841.107421875,1765.9373779296875,0.9998279809951782,0.9989089965820312,29019.8671875,1792.1844482421875,1.0001490116119385,0.9990079998970032,18093886409,10642556101,3972282488,34572061153
2022-05-30,31726.390625,1996.4412841796875,1.0000989437103271,0.9993759989738464,31726.390625,1996.4412841796875,1.0000989437103271,0.9993759989738464,31949.630859375,2005.2108154296875,1.000870943069458,0.9994969964027405,29303.572265625,1804.4560546875,0.9995819926261902,0.9989579916000366,29443.365234375,1811.885986328125,1.0005680322647095,0.9991869926452637,39277993274,19580808705,6484139842,65155466235
2022-05-31,31792.310546875,1942.3280029296875,1.0002100467681885,0.9993879795074463,31792.310546875,1942.3280029296875,1.0002100467681885,0.9993879795074463,32249.86328125,2005.490966796875,1.0007760524749756,0.9994930028915405,31286.154296875,1932.35205078125,0.9997739791870117,0.9992849826812744,31723.865234375,1996.4080810546875,1.0000799894332886,0.9993780255317688,33538210634,18363115560,5896228360,62841794272
2022-06-01,29799.080078125,1823.5693359375,1.0001300573349,0.9992600083351135,29799.080078125,1823.5693359375,1.0001300573349,0.9992600083351135,31957.28515625,1965.1666259765625,1.0007179975509644,0.9995020031929016,29501.587890625,1776.05322265625,0.9997119903564453,0.998869001865387,31792.5546875,1942.0506591796875,1.000216007232666,0.9993810057640076,41135817341,21037797760,6158677984,68866735590
2022-06-02,30467.48828125,1834.1505126953125,1.000223994255066,0.9993169903755188,30467.48828125,1834.1505126953125,1.000223994255066,0.9993169903755188,30604.734375,1845.31396484375,1.0008080005645752,0.9994909763336182,29652.705078125,1789.6641845703125,0.9998239874839783,0.9991040229797363,29794.890625,1822.412109375,1.0001399517059326,0.9992319941520691,29083562061,17065041354,4994899697,50520845556
2022-06-03,29704.390625,1775.07861328125,1.000143051147461,0.9991700053215027,29704.390625,1775.07861328125,1.000143051147461,0.9991700053215027,30633.03515625,1840.058837890625,1.0007610321044922,0.9994909763336182,29375.689453125,1746.509765625,0.9997649788856506,0.9990220069885254,30467.806640625,1834.135009765625,1.0002720355987549,0.9992949962615967,26175547452,14878001811,4266590882,43789145735
2022-06-04,29832.9140625,1801.6094970703125,1.0002429485321045,0.9993129968643188,29832.9140625,1801.6094970703125,1.0002429485321045,0.9993129968643188,29930.564453125,1810.2996826171875,1.0007259845733643,0.9993569850921631,29500.005859375,1751.5333251953125,0.9998279809951782,0.9990320205688477,29706.138671875,1775.2208251953125,1.0001749992370605,0.9991739988327026,16588370958,8677951273,3190396150,30834183068
2022-06-05,29906.662109375,1805.2049560546875,1.0001440048217773,0.9992960095405579,29906.662109375,1805.2049560546875,1.0001440048217773,0.9992960095405579,30117.744140625,1825.859619140625,1.0009599924087524,0.9993579983711243,29574.44921875,1777.13330078125,0.9998819828033447,0.9991940259933472,29835.1171875,1801.8189697265625,1.0002050399780273,0.9993090033531189,17264085441,8850385937,3227635578,30872185296
2022-06-06,31370.671875,1859.2896728515625,1.000082015991211,0.9993109703063965,31370.671875,1859.2896728515625,1.000082015991211,0.9993109703063965,31693.291015625,1915.030517578125,1.0008339881896973,0.9995369911193848,29894.1875,1804.990234375,0.9996640086174011,0.9992210268974304,29910.283203125,1805.635986328125,1.0001399517059326,0.9992859959602356,31947336829,16518471852,4623471415,51540243030
2022-06-07,31155.478515625,1814.04833984375,1.0001029968261719,0.9994140267372131,31155.478515625,1814.04833984375,1.0001029968261719,0.9994140267372131,31489.68359375,1862.9149169921875,1.0008469820022583,0.9995710253715515,29311.68359375,1729.41357421875,0.9997419714927673,0.9991469979286194,31371.7421875,1859.333740234375,1.0000890493392944,0.9992979764938354,40770974039,24020076750,5926284249,67008901675
2022-06-08,30214.35546875,1793.572265625,1.0002180337905884,0.9992619752883911,30214.35546875,1793.572265625,1.0002180337905884,0.9992619752883911,31253.69140625,1830.676025390625,1.000830054283142,0.999563992023468,29944.404296875,1770.231201171875,0.9997940063476562,0.9991989731788635,31151.48046875,1814.1007080078125,1.0000439882278442,0.9994149804115295,30242059107,18041476023,4466105669,52176620958
2022-06-09,30111.998046875,1789.8260498046875,1.0002440214157104,0.99931401014328,30111.998046875,1789.8260498046875,1.0002440214157104,0.99931401014328,30609.310546875,1827.2930908203125,1.0006320476531982,0.9994990229606628,30020.265625,1779.8675537109375,0.9997469782829285,0.9991589784622192,30215.279296875,1793.5128173828125,1.0002119541168213,0.9992730021476746,21692004719,12013083393,3391661643,42359067750
2022-06-10,29083.8046875,1665.042236328125,1.0000629425048828,0.999180018901825,29083.8046875,1665.042236328125,1.0000629425048828,0.999180018901825,30245.80859375,1797.6077880859375,1.0004769563674927,0.9994450211524963,28978.146484375,1663.4339599609375,0.9996979832649231,0.9991090297698975,30110.330078125,1789.68994140625,1.0002080202102661,0.999351978302002,29867476527,18504740451,4483108536,49685289881
2022-06-11,28360.810546875,1529.6634521484375,1.0000900030136108,0.9990249872207642,28360.810546875,1529.6634521484375,1.0000900030136108,0.9990249872207642,29401.916015625,1679.314208984375,1.00108802318573,0.9993079900741577,28236.212890625,1507.0389404296875,0.9997379779815674,0.9990090131759644,29084.666015625,1665.2178955078125,1.0000879764556885,0.9991819858551025,27246574439,21127089064,4801662884,48736816876
2022-06-12,26762.6484375,1445.216552734375,1.0000489950180054,0.9990800023078918,26762.6484375,1445.216552734375,1.0000489950180054,0.9990800023078918,28502.685546875,1539.705078125,1.0009150505065918,0.9991490244865417,26762.6484375,1436.1839599609375,0.9995269775390625,0.9988420009613037,28373.513671875,1530.189697265625,1.000195026397705,0.9990140199661255,34163220274,23465074882,6008997676,59051274983
2022-06-13,22487.388671875,1204.582763671875,1.0004340410232544,0.9985939860343933,22487.388671875,1204.582763671875,1.0004340410232544,0.9985939860343933,26795.58984375,1448.738037109375,1.0011169910430908,0.9991260170936584,22141.2578125,1181.9482421875,0.9995009899139404,0.9975469708442688,26737.578125,1443.83544921875,0.9999740123748779,0.9990689754486084,68204556440,45162788786,13815639937,107410569162
2022-06-14,22206.79296875,1211.662841796875,1.0007280111312866,0.9989539980888367,22206.79296875,1211.662841796875,1.0007280111312866,0.9989539980888367,23018.951171875,1252.4718017578125,1.0012259483337402,0.9991080164909363,20950.818359375,1094.701904296875,0.9995920062065125,0.9985550045967102,22487.986328125,1204.5552978515625,1.0005029439926147,0.9986019730567932,50913575242,33327826525,9261666900,81024425505
2022-06-15,22572.83984375,1233.2064208984375,1.000704050064087,0.9989420175552368,22572.83984375,1233.2064208984375,1.000704050064087,0.9989420175552368,22642.671875,1236.6275634765625,1.0013400316238403,0.9990230202674866,20178.376953125,1025.6842041015625,0.9997770190238953,0.998183012008667,22196.73046875,1211.365966796875,1.000643014907837,0.9989339709281921,54912007015,37539999450,10865090032,89017006423
2022-06-16,20381.650390625,1067.730712890625,1.0003679990768433,0.9989299774169922,20381.650390625,1067.730712890625,1.0003679990768433,0.9989299774169922,22868.921875,1246.140625,1.0009089708328247,0.9991340041160583,20265.2265625,1058.7845458984375,0.9997889995574951,0.9986420273780823,22576.3046875,1233.603515625,1.0007109642028809,0.9989200234413147,31183975654,18907671369,6216714654,52400892767
2022-06-17,20471.482421875,1086.519287109375,1.0002080202102661,0.9990360140800476,20471.482421875,1086.519287109375,1.0002080202102661,0.9990360140800476,21243.3125,1112.4715576171875,1.0010639429092407,0.9990739822387695,20326.51953125,1060.86767578125,0.999921977519989,0.9986810088157654,20385.71875,1067.9876708984375,1.0004489421844482,0.9989510178565979,27132421514,14591486540,5283451774,43836219287
2022-06-18,19017.642578125,993.6367797851562,1.0003149509429932,0.9986670017242432,19017.642578125,993.6367797851562,1.0003149509429932,0.9986670017242432,20736.041015625,1095.1668701171875,1.0013240575790405,0.9990450143814087,17708.623046875,896.1090087890625,0.9995869994163513,0.9984539747238159,20473.42578125,1086.3779296875,1.0001510381698608,0.9990180134773254,42009436760,21655406608,7168140282,61973128141
2022-06-19,20553.271484375,1127.656494140625,1.0004040002822876,0.9989690184593201,20553.271484375,1127.656494140625,1.0004040002822876,0.9989690184593201,20683.822265625,1142.3408203125,1.0010960102081299,0.9990119934082031,18067.15234375,943.1163330078125,0.9998959898948669,0.9984700083732605,19010.90234375,993.400634765625,1.000257968902588,0.9986559748649597,35329942625,21795481981,6073489273,55603476684
2022-06-20,20599.537109375,1127.6424560546875,1.0001519918441772,0.9989569783210754,20599.537109375,1127.6424560546875,1.0001519918441772,0.9989569783210754,20913.322265625,1159.9853515625,1.0009829998016357,0.999110996723175,19689.169921875,1066.1131591796875,0.9998440146446228,0.9986289739608765,20553.37109375,1127.65625,1.0004090070724487,0.998947024345398,30818458597,19739691429,5394231917,52157987688
2022-06-21,20710.59765625,1124.8245849609375,0.9999430179595947,0.9990940093994141,20710.59765625,1124.8245849609375,0.9999430179595947,0.9990940093994141,21620.62890625,1185.4324951171875,1.001109004020691,0.999206006526947,20415.0625,1112.5726318359375,0.9998390078544617,0.9988980293273926,20594.294921875,1127.5118408203125,1.0001800060272217,0.9989709854125977,28970212744,15632089439,4898540814,50165859626
2022-06-22,19987.029296875,1051.421875,1.000108003616333,0.9990950226783752,19987.029296875,1051.421875,1.000108003616333,0.9990950226783752,20835.75,1126.26171875,1.0007909536361694,0.9991260170936584,19848.078125,1049.7633056640625,0.9996280074119568,0.9988719820976257,20719.4140625,1125.3729248046875,0.9999639987945557,0.9990929961204529,28574793478,15010593493,4567777097,46130025676
2022-06-23,21085.876953125,1143.38671875,1.000538945198059,0.9992799758911133,21085.876953125,1143.38671875,1.000538945198059,0.9992799758911133,21135.76171875,1146.4942626953125,1.0007790327072144,0.9993280172348022,19950.1171875,1050.2196044921875,0.9998189806938171,0.9988980293273926,19986.607421875,1051.329345703125,1.0000929832458496,0.9990959763526917,26188097173,14657862919,4598601365,43198538082
2022-06-24,21231.65625,1226.8447265625,0.9998639822006226,0.9993249773979187,21231.65625,1226.8447265625,0.9998639822006226,0.9993249773979187,21472.91796875,1238.616943359375,1.0006200075149536,0.999504029750824,20777.51171875,1134.5140380859375,0.9998070001602173,0.9991369843482971,21084.6484375,1143.2047119140625,1.0005600452423096,0.9992589950561523,24957784918,16981552654,5032854948,46919267632
2022-06-25,21502.337890625,1243.4468994140625,1.0001039505004883,0.9995480179786682,21502.337890625,1243.4468994140625,1.0001039505004883,0.9995480179786682,21520.9140625,1246.394287109375,1.0006599426269531,0.9996110200881958,20964.5859375,1184.56201171875,0.9996619820594788,0.9992730021476746,21233.609375,1226.7247314453125,0.9999200105667114,0.9993360042572021,18372538715,12481946184,3411506544,36390241725
2022-06-26,21027.294921875,1199.8316650390625,0.9998130202293396,0.9993979930877686,21027.294921875,1199.8316650390625,0.9998130202293396,0.9993979930877686,21783.724609375,1272.1312255859375,1.0007359981536865,0.9995949864387512,21016.26953125,1199.4063720703125,0.9998120069503784,0.9993739724159241,21496.494140625,1242.987548828125,1.0000829696655273,0.999550998210907,18027170497,12096607824,3243270528,37228683270
2022-06-27,20735.478515625,1193.6806640625,1.0001660585403442,0.9990919828414917,20735.478515625,1193.6806640625,1.0001660585403442,0.9990919828414917,21478.08984375,1234.1807861328125,1.0006370544433594,0.9995989799499512,20620.19921875,1179.79248046875,0.9997730255126953,0.9989839792251587,21028.23828125,1199.713134765625,1.0000089406967163,0.9994580149650574,20965695707,12492225250,3977297459,39296953700
2022-06-28,20280.634765625,1144.5792236328125,1.0001399517059326,0.9988319873809814,20280.634765625,1144.5792236328125,1.0001399517059326,0.9988319873809814,21164.423828125,1229.739013671875,1.0006870031356812,0.9991340041160583,20228.8125,1141.15966796875,0.9998149871826172,0.9987819790840149,20731.544921875,1193.2540283203125,1.0001230239868164,0.9991040229797363,21381535161,14023205651,4237935225,40773930242
2022-06-29,20104.0234375,1098.94384765625,1.0003650188446045,0.9988840222358704,20104.0234375,1098.94384765625,1.0003650188446045,0.9988840222358704,20364.15625,1152.684814453125,1.00068199634552,0.9990580081939697,19937.791015625,1092.09912109375,0.9998369812965393,0.9985190033912659,20281.169921875,1144.5244140625,1.000120997428894,0.9988440275192261,23552740328,15386286815,5094612628,44380636377
2022-06-30,19784.7265625,1067.298828125,0.9999139904975891,0.9988189935684204,19784.7265625,1067.298828125,0.9999139904975891,0.9988189935684204,20141.16015625,1103.6904296875,1.0007929801940918,0.9990929961204529,18729.65625,1009.0948486328125,0.9997439980506897,0.9987620115280151,20108.3125,1099.3531494140625,1.000393033027649,0.9988880157470703,26267239923,16350755497,5219514116,45578518327
2022-07-01,19269.3671875,1059.767333984375,1.000177025794983,0.9988669753074646,19269.3671875,1059.767333984375,1.000177025794983,0.9988669753074646,20632.671875,1100.223876953125,1.0006589889526367,0.9991369843482971,19073.708984375,1040.1507568359375,0.9998120069503784,0.9987050294876099,19820.470703125,1068.3167724609375,1.0000900030136108,0.9988600015640259,30767551159,17499453625,5311122206,49683415220
2022-07-02,19242.255859375,1066.5128173828125,0.9999709725379944,0.998960018157959,19242.255859375,1066.5128173828125,0.9999709725379944,0.998960018157959,19371.748046875,1073.0526123046875,1.0006769895553589,0.999118983745575,19027.08203125,1033.962158203125,0.9996780157089233,0.9988269805908203,19274.8359375,1060.1212158203125,1.000216007232666,0.9988549947738647,18100418740,9935603640,3973778503,31666712588
2022-07-03,19297.076171875,1073.7669677734375,1.000372052192688,0.9990779757499695,19297.076171875,1073.7669677734375,1.000372052192688,0.9990779757499695,19558.26953125,1083.4189453125,1.0006550550460815,0.999127984046936,18966.951171875,1044.005615234375,0.9997730255126953,0.9988909959793091,19242.095703125,1066.4674072265625,0.9999600052833557,0.9989529848098755,16390821947,8557248150,3614447154,27890770459
2022-07-04,20231.26171875,1151.05908203125,1.0003060102462769,0.9991090297698975,20231.26171875,1151.05908203125,1.0003060102462769,0.9991090297698975,20258.748046875,1152.94384765625,1.000730037689209,0.999222993850708,19063.06640625,1048.3963623046875,0.9998120069503784,0.9989910125732422,19297.314453125,1073.7943115234375,1.0003570318222046,0.9990710020065308,21594638208,13670889311,5032411793,37816157114
2022-07-05,20190.115234375,1134.541015625,1.00005304813385,0.9990919828414917,20190.115234375,1134.541015625,1.00005304813385,0.9990919828414917,20635.466796875,1165.6827392578125,1.000581979751587,0.9992480278015137,19341.232421875,1086.8299560546875,0.9998090267181396,0.9989359974861145,20225.353515625,1150.509765625,1.0003360509872437,0.9991179704666138,26715546990,16195518291,6243487902,46794873591
2022-07-06,20548.24609375,1186.9739990234375,0.999879002571106,0.999098002910614,20548.24609375,1186.9739990234375,0.999879002571106,0.999098002910614,20595.529296875,1193.63671875,1.0007810592651367,0.9992210268974304,19823.51171875,1116.24755859375,0.9997349977493286,0.998960018157959,20194.619140625,1134.822265625,1.0001120567321777,0.9990950226783752,24598943708,15373536703,5406302050,41932894214
2022-07-07,21637.587890625,1237.5933837890625,1.0000920295715332,0.9994459748268127,21637.587890625,1237.5933837890625,1.0000920295715332,0.9994459748268127,21771.81640625,1246.8948974609375,1.0006190538406372,0.9995059967041016,20296.103515625,1165.6231689453125,0.9997590184211731,0.9990190267562866,20547.814453125,1186.9609375,0.9998930096626282,0.9990890026092529,25814972520,14230795894,5521739581,41395542117
2022-07-08,21731.1171875,1222.5062255859375,0.9997779726982117,0.9994180202484131,21731.1171875,1222.5062255859375,0.9997779726982117,0.9994180202484131,22314.94140625,1262.8857421875,1.0007109642028809,0.9995759725570679,21257.453125,1200.6322021484375,0.9996349811553955,0.9992849826812744,21637.154296875,1237.580322265625,1.0001050233840942,0.9994109869003296,49899834488,16315929082,6142274118,64720676603
2022-07-09,21592.20703125,1216.978271484375,1.0000460147857666,0.999538004398346,21592.20703125,1216.978271484375,1.0000460147857666,0.999538004398346,21877.138671875,1228.7679443359375,1.0005249977111816,0.9995719790458679,21445.95703125,1209.3775634765625,0.9998120069503784,0.9993330240249634,21716.828125,1222.306884765625,0.9999150037765503,0.999422013759613,29641127858,8821353104,4905270940,38957001478
2022-07-10,20860.44921875,1168.401611328125,1.0000289678573608,0.9994649887084961,20860.44921875,1168.401611328125,1.0000289678573608,0.9994649887084961,21591.080078125,1216.9044189453125,1.0003869533538818,0.999629020690918,20727.123046875,1157.175537109375,0.999701976776123,0.999396026134491,21591.080078125,1216.9044189453125,1.000059962272644,0.9995390176773071,28688807249,10984558039,4439375698,40170710077
2022-07-11,19970.556640625,1097.236572265625,1.000169038772583,0.9992250204086304,19970.556640625,1097.236572265625,1.000169038772583,0.9992250204086304,20856.353515625,1169.19384765625,1.0006519556045532,0.9995759725570679,19924.5390625,1095.0028076171875,0.9997259974479675,0.999127984046936,20856.353515625,1168.1390380859375,1.0000460147857666,0.999455988407135,24150249025,12064180410,4843512117,38726869251
2022-07-12,19323.9140625,1038.191650390625,0.9998530149459839,0.9993429780006409,19323.9140625,1038.191650390625,0.9998530149459839,0.9993429780006409,20043.4453125,1097.2591552734375,1.000573992729187,0.9993799924850464,19308.53125,1038.1356201171875,0.9996860027313232,0.9991179704666138,19970.474609375,1097.2591552734375,1.0001709461212158,0.9992250204086304,25810220018,12583282453,4780296209,40368791506
2022-07-13,20212.07421875,1113.587158203125,1.000046968460083,0.9993839859962463,20212.07421875,1113.587158203125,1.000046968460083,0.9993839859962463,20223.052734375,1113.587158203125,1.0007879734039307,0.9994289875030518,18999.953125,1019.2203369140625,0.9995350241661072,0.9991570115089417,19325.97265625,1038.1866455078125,0.9999099969863892,0.9993420243263245,33042430345,18302588147,5445116047,51757860849
2022-07-14,20569.919921875,1191.5262451171875,0.9999970197677612,0.9994069933891296,20569.919921875,1191.5262451171875,0.9999970197677612,0.9994069933891296,20789.89453125,1202.953369140625,1.0004750490188599,0.9995399713516235,19689.2578125,1077.40576171875,0.9997079968452454,0.9993020296096802,20211.466796875,1113.5157470703125,1.0001640319824219,0.9993939995765686,31158743333,16688640823,5345559224,49222660233
2022-07-15,20836.328125,1233.129150390625,0.9999629855155945,0.999705970287323,20836.328125,1233.129150390625,0.9999629855155945,0.999705970287323,21138.244140625,1275.7781982421875,1.0004650354385376,0.9997439980506897,20397.0,1182.9031982421875,0.9995999932289124,0.9993469715118408,20573.15625,1191.6748046875,1.0000089406967163,0.9993849992752075,25905575359,17411448225,5646216485,45982487607
2022-07-16,21190.31640625,1352.62646484375,1.0001510381698608,0.9997739791870117,21190.31640625,1352.62646484375,1.0001510381698608,0.9997739791870117,21514.404296875,1377.944580078125,1.0008649826049805,0.9998800158500671,20518.8984375,1195.60595703125,0.9995890259742737,0.9996830224990845,20834.103515625,1232.7916259765625,0.9999459981918335,0.9997010231018066,24302954056,18364013796,5382938984,44126749597
2022-07-17,20779.34375,1338.6357421875,1.0002490282058716,0.9997339844703674,20779.34375,1338.6357421875,1.0002490282058716,0.9997339844703674,21600.640625,1378.41748046875,1.000440001487732,0.9998630285263062,20778.1796875,1329.7633056640625,0.9994519948959351,0.9996770024299622,21195.041015625,1353.205078125,1.0001720190048218,0.9997789859771729,22927802083,16079711737,5540927850,42189248625
2022-07-18,22485.689453125,1578.7178955078125,1.0000779628753662,0.9997770190238953,22485.689453125,1578.7178955078125,1.0000779628753662,0.9997770190238953,22633.033203125,1578.7178955078125,1.0007699728012085,0.999970018863678,20781.912109375,1338.8060302734375,0.9995189905166626,0.999692976474762,20781.912109375,1338.8060302734375,1.000241994857788,0.9997259974479675,39974475562,27440420623,8456901936,70390606911
2022-07-19,23389.43359375,1542.9752197265625,0.9998930096626282,1.0000920295715332,23389.43359375,1542.9752197265625,0.9998930096626282,1.0000920295715332,23666.962890625,1607.0330810546875,1.000501036643982,1.0001239776611328,21683.40625,1501.7974853515625,0.9993540048599243,0.9997640252113342,22467.849609375,1578.3839111328125,0.9998720288276672,0.9997850060462952,48765202697,27753529276,9504899153,77160548741
2022-07-20,23231.732421875,1520.20068359375,0.9999129772186279,1.000067949295044,23231.732421875,1520.20068359375,0.9999129772186279,1.000067949295044,24196.818359375,1612.645751953125,1.0005789995193481,1.0002490282058716,23009.94921875,1500.80322265625,0.9994500279426575,1.0000020265579224,23393.19140625,1542.954345703125,0.9998729825019836,1.0000959634780884,42932549127,22942708340,8806753436,68306872702
2022-07-21,23164.62890625,1576.74951171875,1.000082015991211,1.0000799894332886,23164.62890625,1576.74951171875,1.000082015991211,1.0000799894332886,23388.322265625,1595.761962890625,1.0005489587783813,1.0001380443572998,22431.1484375,1472.1854248046875,0.9994580149650574,0.9999489784240723,23233.201171875,1520.37451171875,0.9998869895935059,1.00005304813385,33631012204,20009556587,7372587537,55292189306
2022-07-22,22714.978515625,1537.4051513671875,1.0000170469284058,1.0000519752502441,22714.978515625,1537.4051513671875,1.0000170469284058,1.0000519752502441,23671.927734375,1641.209228515625,1.0004470348358154,1.000177025794983,22603.416015625,1523.6417236328125,0.9992190003395081,1.0000269412994385,23163.751953125,1576.745361328125,1.0000790357589722,1.000082015991211,31421555646,18926100582,6285903773,51645071119
2022-07-23,22465.478515625,1549.2974853515625,1.0000139474868774,1.0000360012054443,22465.478515625,1549.2974853515625,1.0000139474868774,1.0000360012054443,22977.2109375,1591.632568359375,1.0004080533981323,1.0001460313796997,22002.91015625,1495.6781005859375,0.9994969964027405,0.9999840259552002,22706.984375,1536.4573974609375,0.9999520182609558,1.0000519752502441,24021799169,14998811383,5287167945,43014917183
2022-07-24,22609.1640625,1599.4766845703125,1.0000840425491333,1.000035047531128,22609.1640625,1599.4766845703125,1.0000840425491333,1.000035047531128,22974.001953125,1654.4287109375,1.0004750490188599,1.0001180171966553,22306.83984375,1548.671142578125,0.9995980262756348,0.9999300241470337,22465.509765625,1549.2225341796875,1.0000070333480835,1.000033974647522,23565495303,17217849557,4866184511,41955275140
2022-07-25,21361.701171875,1445.3834228515625,0.9997419714927673,1.0000619888305664,21361.701171875,1445.3834228515625,0.9997419714927673,1.0000619888305664,22649.12109375,1605.3369140625,1.0004849433898926,1.0001219511032104,21361.642578125,1445.3834228515625,0.9993630051612854,1.0000059604644775,22607.15625,1599.1572265625,1.0000640153884888,1.0000380277633667,35574561406,20585056021,6431520471,56307512994
2022-07-26,21239.75390625,1441.8067626953125,1.000141978263855,1.000046968460083,21239.75390625,1441.8067626953125,1.000141978263855,1.000046968460083,21361.12109375,1445.151123046875,1.000669002532959,1.0001280307769775,20776.81640625,1362.95166015625,0.999584972858429,0.9999960064888,21361.12109375,1445.151123046875,0.9997770190238953,1.0000669956207275,28624673855,18238563509,6871887569,48266723630
2022-07-27,22930.548828125,1636.232666015625,1.0001150369644165,1.0002739429473877,22930.548828125,1636.232666015625,1.0001150369644165,1.0002739429473877,22986.529296875,1636.7994384765625,1.000694990158081,1.0003279447555542,21070.806640625,1423.618896484375,0.9996349811553955,0.9999799728393555,21244.169921875,1443.726806640625,1.000161051750183,1.000048041343689,31758955233,23007524016,8262809031,60104591185
2022-07-28,23843.88671875,1725.4681396484375,1.000022053718567,1.0002000331878662,23843.88671875,1725.4681396484375,1.000022053718567,1.0002000331878662,24110.470703125,1774.576416015625,1.000491976737976,1.0003600120544434,22722.265625,1604.8909912109375,0.9994189739227295,1.0001230239868164,22933.640625,1636.23193359375,1.0001410245895386,1.0002880096435547,40212386158,27231399966,9419521160,75754591120
2022-07-29,23804.6328125,1727.406982421875,0.9996780157089233,1.000311017036438,23804.6328125,1727.406982421875,0.9996780157089233,1.000311017036438,24294.787109375,1759.884033203125,1.000506043434143,1.0003459453582764,23481.173828125,1662.7911376953125,0.999210000038147,1.000169038772583,23845.212890625,1725.6239013671875,1.0000239610671997,1.0002050399780273,35887249746,23249531113,8773001546,72013108986
2022-07-30,23656.20703125,1695.969482421875,0.9998660087585449,1.000288963317871,23656.20703125,1695.969482421875,0.9998660087585449,1.000288963317871,24572.580078125,1738.016845703125,1.000419020652771,1.0003520250320435,23580.5078125,1678.1080322265625,0.9993759989738464,1.0002169609069824,23796.818359375,1727.0618896484375,0.9997199773788452,1.000309944152832,28148218301,15576977870,6342886733,57489826931
2022-07-31,23336.896484375,1681.517333984375,0.999796986579895,1.0003279447555542,23336.896484375,1681.517333984375,0.999796986579895,1.0003279447555542,24121.642578125,1745.8831787109375,1.0003010034561157,1.0003379583358765,23275.703125,1672.61279296875,0.9993159770965576,1.0002000331878662,23652.0703125,1695.884765625,0.9997479915618896,1.0002800226211548,23553591896,14200735370,7124030237,52267348020
2022-08-01,23314.19921875,1635.19580078125,0.9998369812965393,1.0002039670944214,23314.19921875,1635.19580078125,0.9998369812965393,1.0002039670944214,23464.787109375,1700.1708984375,1.0004689693450928,1.0003679990768433,22890.796875,1613.416015625,0.9995229840278625,1.0001250505447388,23336.71875,1681.445556640625,0.9997580051422119,1.0003219842910767,25849159141,16191371176,8090652736,50882756969
2022-08-02,22978.1171875,1632.9454345703125,0.9999340176582336,1.0001590251922607,22978.1171875,1632.9454345703125,0.9999340176582336,1.0001590251922607,23415.041015625,1672.6297607421875,1.0005830526351929,1.000319004058838,22710.083984375,1567.85107421875,0.999347984790802,1.0001330375671387,23308.43359375,1634.6458740234375,0.9998559951782227,1.0002100467681885,28389250717,20426082309,8333966555,54793315279
2022-08-03,22846.5078125,1618.87451171875,1.0000319480895996,1.0002039670944214,22846.5078125,1618.87451171875,1.0000319480895996,1.0002039670944214,23578.650390625,1678.0982666015625,1.0005120038986206,1.0002720355987549,22747.8359375,1595.634521484375,0.9995650053024292,1.0001169443130493,22981.302734375,1633.05126953125,0.9999669790267944,1.000148057937622,26288169966,16786218830,7123782220,47717439471
2022-08-04,22630.95703125,1608.205810546875,1.0000360012054443,1.0001330375671387,22630.95703125,1608.205810546875,1.0000360012054443,1.0001330375671387,23198.009765625,1658.5115966796875,1.0006860494613647,1.000285029411316,22485.701171875,1585.3265380859375,0.9996119737625122,1.00005304813385,22848.21484375,1618.88671875,1.000033974647522,1.0002069473266602,25120229769,14467440626,6265705595,44526180493
2022-08-05,23289.314453125,1732.254638671875,1.0000879764556885,1.0000419616699219,23289.314453125,1732.254638671875,1.0000879764556885,1.0000419616699219,23422.828125,1732.254638671875,1.000417947769165,1.0001590251922607,22612.177734375,1606.4970703125,0.9994239807128906,1.0000319480895996,22626.833984375,1607.52392578125,1.0000369548797607,1.0001120567321777,28881249043,18546491876,6033672422,49723473321
2022-08-06,22961.279296875,1691.6580810546875,0.999705970287323,1.0001250505447388,22961.279296875,1691.6580810546875,0.999705970287323,1.0001250505447388,23326.5625,1744.326416015625,1.0002880096435547,1.0001649856567383,22961.279296875,1691.6580810546875,0.9995660185813904,1.0000380277633667,23291.423828125,1732.6611328125,1.000120997428894,1.0000380277633667,15978259885,11757911705,4013049170,32961917502
2022-08-07,23175.890625,1699.350830078125,0.9999189972877502,1.0001440048217773,23175.890625,1699.350830078125,0.9999189972877502,1.0001440048217773,23359.009765625,1724.7891845703125,1.0003540515899658,1.000180959701538,22894.556640625,1672.908447265625,0.9994909763336182,1.000067949295044,22963.505859375,1691.7779541015625,0.9998480081558228,1.0001280307769775,15886817043,10252090340,3504912367,29901528651
2022-08-08,23809.486328125,1775.51611328125,1.0000660419464111,1.000177025794983,23809.486328125,1775.51611328125,1.0000660419464111,1.000177025794983,24203.689453125,1806.886474609375,1.0004539489746094,1.0002269744873047,23176.546875,1697.407958984375,0.9994419813156128,1.0000970363616943,23179.52734375,1699.6934814453125,0.9999380111694336,1.0001590251922607,28575544847,16841424404,6960679226,50243147547
2022-08-09,23164.318359375,1703.0250244140625,0.9997979998588562,1.0002089738845825,23164.318359375,1703.0250244140625,0.9997979998588562,1.0002089738845825,23898.615234375,1786.12255859375,1.0002989768981934,1.0002440214157104,22982.0,1675.849853515625,0.999144971370697,1.0001180171966553,23811.484375,1776.0712890625,1.0000799894332886,1.000169038772583,23555719219,16368619692,6736005317,46070684571
2022-08-10,23947.642578125,1851.74267578125,1.0001349449157715,1.0002529621124268,23947.642578125,1851.74267578125,1.0001349449157715,1.0002529621124268,24127.4140625,1869.400634765625,1.0003260374069214,1.0005619525909424,22771.51953125,1665.0904541015625,0.9995319843292236,1.0001510381698608,23162.8984375,1702.906494140625,0.9997720122337341,1.0002050399780273,32837431722,23512477984,7908008277,60085173824
2022-08-11,23957.529296875,1881.22412109375,0.9999139904975891,1.00040602684021,23957.529296875,1881.22412109375,0.9999139904975891,1.00040602684021,24822.62890625,1927.939208984375,1.000257968902588,1.0005040168762207,23900.99609375,1851.828369140625,0.999642014503479,1.0002429485321045,23948.345703125,1851.828369140625,1.0001360177993774,1.000251054763794,37127036580,23826986482,8324806426,64445391375
2022-08-12,24402.818359375,1957.2464599609375,1.0000669956207275,1.0003360509872437,24402.818359375,1957.2464599609375,1.0000669956207275,1.0003360509872437,24412.56640625,1957.552978515625,1.0002789497375488,1.0004730224609375,23657.265625,1860.08349609375,0.9996510148048401,1.0002449750900269,23957.203125,1880.899169921875,0.9998840093612671,1.0004010200500488,27265804688,17168141904,6575377525,46783370955
2022-08-13,24424.068359375,1981.3365478515625,0.9999520182609558,1.0003759860992432,24424.068359375,1981.3365478515625,0.9999520182609558,1.0003759860992432,24860.05078125,2013.7557373046875,1.0001599788665771,1.000573992729187,24346.115234375,1948.59521484375,0.9996709823608398,1.000249981880188,24402.1875,1957.333984375,1.0000410079956055,1.0003420114517212,22987346289,16038975216,5445129024,41593883061
2022-08-14,24319.333984375,1936.802001953125,0.9998480081558228,1.000270962715149,24319.333984375,1936.802001953125,0.9998480081558228,1.000270962715149,24974.9140625,2022.79150390625,1.0001709461212158,1.0004010200500488,24206.259765625,1919.0101318359375,0.9995579719543457,1.0002260208129883,24429.056640625,1981.782470703125,0.9999520182609558,1.0003670454025269,22994133555,14062754456,4448890165,43866838979
2022-08-15,24136.97265625,1904.2281494140625,0.9999489784240723,1.0001740455627441,24136.97265625,1904.2281494140625,0.9999489784240723,1.0001740455627441,25135.58984375,2007.2103271484375,1.0002609491348267,1.0003540515899658,23839.775390625,1881.8568115234375,0.9994590282440186,1.0001250505447388,24318.31640625,1936.760498046875,0.9998819828033447,1.0002599954605103,35123501685,20349931313,7302904711,57703388667
2022-08-16,23883.291015625,1878.139404296875,1.00006103515625,1.0001150369644165,23883.291015625,1878.139404296875,1.00006103515625,1.0001150369644165,24228.416015625,1910.745361328125,1.0002319812774658,1.0003249645233154,23733.5,1862.2734375,0.9996209740638733,1.0000449419021606,24126.13671875,1902.8331298828125,0.9999150037765503,1.000169038772583,27753685646,15637578930,6162980451,46945222159
2022-08-17,23335.998046875,1832.9996337890625,0.9999549984931946,1.000072956085205,23335.998046875,1832.9996337890625,0.9999549984931946,1.000072956085205,24407.05859375,1951.6756591796875,1.0002609491348267,1.0001319646835327,23243.353515625,1823.5322265625,0.9994210004806519,0.9999970197677612,23881.31640625,1877.934326171875,1.0000640153884888,1.0001250505447388,30931623076,20308508124,6429626031,53355167557
2022-08-18,23212.73828125,1847.0078125,0.9999070167541504,0.9999989867210388,23212.73828125,1847.0078125,0.9999070167541504,0.9999989867210388,23563.83203125,1876.376953125,1.0001920461654663,1.0001189708709717,23177.6015625,1826.957763671875,0.999625027179718,0.99993497133255,23341.0390625,1833.715576171875,0.9999750256538391,1.0000720024108887,23747613147,14999352229,5259309739,43149679443
2022-08-19,20877.552734375,1612.9873046875,1.0000280141830444,1.000059962272644,20877.552734375,1612.9873046875,1.0000280141830444,1.000059962272644,23213.3125,1847.0953369140625,1.0003999471664429,1.0001749992370605,20868.84765625,1611.3388671875,0.9994779825210571,0.9999459981918335,23213.3125,1847.0953369140625,0.9999369978904724,0.9999909996986389,40509610260,25906358731,7104084896,64302127382
2022-08-20,21166.060546875,1577.0037841796875,1.0002110004425049,0.9999740123748779,21166.060546875,1577.0037841796875,1.0002110004425049,0.9999740123748779,21350.806640625,1652.21875,1.0004609823226929,1.0001330375671387,20856.73046875,1534.298828125,0.999737024307251,0.9999729990959167,20872.841796875,1612.650634765625,0.9999539852142334,1.00005304813385,27595671000,18334580263,7104084896,64302127382
2022-08-21,21534.12109375,1619.3189697265625,1.0001410245895386,0.9999939799308777,21534.12109375,1619.3189697265625,1.0001410245895386,0.9999939799308777,21668.845703125,1640.9365234375,1.000396966934204,1.000161051750183,21103.197265625,1569.0465087890625,0.9997590184211731,0.9999420046806335,21160.392578125,1576.5435791015625,1.0001879930496216,0.9999740123748779,23102307723,15849221752,5446317941,45699064002
2022-08-22,21398.908203125,1622.505859375,1.0001380443572998,0.9999840259552002,21398.908203125,1622.505859375,1.0001380443572998,0.9999840259552002,21531.462890625,1622.77880859375,1.0003639459609985,1.0001139640808105,20939.18359375,1535.0147705078125,0.9997640252113342,0.9998909831047058,21531.462890625,1619.1668701171875,1.0001139640808105,0.9999989867210388,31666498758,18557078599,5446317941,51710064329
2022-08-23,21528.087890625,1662.7698974609375,0.9999819993972778,0.9999920129776001,21528.087890625,1662.7698974609375,0.9999819993972778,0.9999920129776001,21646.203125,1666.676513671875,1.0003950595855713,1.0000499486923218,20955.138671875,1569.4285888671875,0.9997050166130066,0.9998859763145447,21401.044921875,1622.9393310546875,1.0001360177993774,0.999983012676239,31878280659,18322041914,5446317941,52978066914
2022-08-24,21395.01953125,1657.0592041015625,0.9998610019683838,1.000038981437683,21395.01953125,1657.0592041015625,0.9998610019683838,1.000038981437683,21783.076171875,1686.5577392578125,1.0002390146255493,1.0001050233840942,21195.005859375,1610.0992431640625,0.9996470212936401,0.9999549984931946,21526.455078125,1662.6954345703125,0.9999989867210388,0.9999920129776001,31962253368,16780932907,7342467396,48708536003
2022-08-25,21600.904296875,1696.45703125,0.9999600052833557,1.0000799894332886,21600.904296875,1696.45703125,0.9999600052833557,1.0000799894332886,21789.63671875,1718.1832275390625,1.000195026397705,1.0001300573349,21362.44140625,1656.8560791015625,0.9996709823608398,0.9999589920043945,21395.458984375,1657.3365478515625,0.9999210238456726,1.000033974647522,31028679593,14818795695,7247298408,45854093190
2022-08-26,20260.01953125,1507.7828369140625,0.9999740123748779,1.0000430345535278,20260.01953125,1507.7828369140625,0.9999740123748779,1.0000430345535278,21804.908203125,1698.56103515625,1.0003180503845215,1.0001389980316162,20199.482421875,1498.771240234375,0.9995489716529846,0.9999729990959167,21596.0859375,1696.3245849609375,0.9999790191650391,1.0000779628753662,42326789564,26713710143,9023777773,62406193046
2022-08-27,20041.73828125,1491.39501953125,1.0000089406967163,1.0000189542770386,20041.73828125,1491.39501953125,1.0000089406967163,1.0000189542770386,20340.775390625,1517.1500244140625,1.000349998474121,1.0001399517059326,19890.5234375,1454.282958984375,0.9997010231018066,0.9999709725379944,20262.48046875,1508.156982421875,0.9999210238456726,1.0000560283660889,30116729776,18120831899,12367955268,43316381517
2022-08-28,19616.814453125,1430.54736328125,1.0000309944152832,1.0000280141830444,19616.814453125,1430.54736328125,1.0000309944152832,1.0000280141830444,20139.0546875,1505.7919921875,1.0002399682998657,1.000087022781372,19616.814453125,1430.54736328125,0.9997270107269287,0.9999650120735168,20041.03515625,1491.206787109375,1.0000139474868774,1.0000150203704834,24366810591,12823572918,6479740107,34337927087
2022-08-29,20297.994140625,1553.037353515625,0.9999669790267944,1.0000319480895996,20297.994140625,1553.037353515625,0.9999669790267944,1.0000319480895996,20357.462890625,1556.3095703125,1.000365972518921,1.0000909566879272,19600.78515625,1427.7283935546875,0.999800980091095,0.9999679923057556,19615.154296875,1430.439453125,0.99993497133255,1.0000510215759277,32637854078,17965837488,8146241733,45837060552
2022-08-30,19796.80859375,1523.8388671875,1.0000059604644775,1.000080943107605,19796.80859375,1523.8388671875,1.0000059604644775,1.000080943107605,20542.64453125,1600.461181640625,1.0005019903182983,1.0002340078353882,19617.640625,1480.831787109375,0.9996870160102844,0.9999769926071167,20298.611328125,1553.18896484375,0.9999799728393555,1.000038981437683,34483360283,21835784470,6564730413,50170084207
2022-08-31,20049.763671875,1553.6849365234375,1.0000280141830444,1.0000159740447998,20049.763671875,1553.6849365234375,1.0000280141830444,1.0000159740447998,20420.990234375,1612.35888671875,1.0003910064697266,1.000162959098816,19799.58203125,1524.2864990234375,0.9996820092201233,0.9999740123748779,19799.58203125,1524.2864990234375,0.9999790191650391,1.0000900030136108,33225232872,20591680941,5586800452,48405934722
2022-09-01,20127.140625,1586.1767578125,0.9999759793281555,1.0000100135803223,20127.140625,1586.1767578125,0.9999759793281555,1.0000100135803223,20198.390625,1593.082763671875,1.000396966934204,1.0001169443130493,19653.96875,1520.1883544921875,0.9996600151062012,0.9999679923057556,20050.498046875,1553.75634765625,1.000054955482483,1.0000139474868774,30182031010,16434276817,5070758690,44702355872
2022-09-02,19969.771484375,1577.220458984375,1.0001009702682495,1.0000890493392944,19969.771484375,1577.220458984375,1.0001009702682495,1.0000890493392944,20401.568359375,1643.1832275390625,1.0002779960632324,1.0001200437545776,19814.765625,1551.8779296875,0.9997320175170898,0.9999480247497559,20126.072265625,1586.0179443359375,0.999970018863678,0.9999960064888,29123998928,17708478709,4800544392,44468235183
2022-09-03,19832.087890625,1556.8726806640625,1.0001260042190552,1.000074028968811,19832.087890625,1556.8726806640625,1.0001260042190552,1.000074028968811,20037.009765625,1579.454345703125,1.0002939701080322,1.0001200437545776,19698.35546875,1541.672119140625,0.9996399879455566,1.000033974647522,19969.71875,1577.2137451171875,1.0001330375671387,1.0000890493392944,23613051457,9516825994,5057166378,30873646175
2022-09-04,19986.712890625,1577.6416015625,1.0001070499420166,1.00006103515625,19986.712890625,1577.6416015625,1.0001070499420166,1.00006103515625,19999.689453125,1578.00927734375,1.0002549886703491,1.0001009702682495,19636.81640625,1543.6988525390625,0.9997959733009338,0.9999750256538391,19832.470703125,1556.8958740234375,1.000115990638733,1.0000760555267334,25245861652,8884144998,6332291606,31495577330
2022-09-05,19812.37109375,1617.1832275390625,0.9998819828033447,1.0000380277633667,19812.37109375,1617.1832275390625,0.9998819828033447,1.0000380277633667,20031.16015625,1621.661376953125,1.000290036201477,1.0000920295715332,19673.046875,1559.7818603515625,0.9995920062065125,0.999966025352478,19988.7890625,1577.884033203125,1.000120997428894,1.0000619888305664,28813460025,13060541168,6182567826,39598045837
2022-09-06,18837.66796875,1561.74853515625,0.9998779892921448,1.0000489950180054,18837.66796875,1561.74853515625,0.9998779892921448,1.0000489950180054,20155.26953125,1680.5953369140625,1.0003180503845215,1.0000929832458496,18800.171875,1561.74853515625,0.9994570016860962,0.9999669790267944,19817.724609375,1617.240234375,0.9998999834060669,1.0000269412994385,43403978910,22946059125,7323352432,64015343588
2022-09-07,19290.32421875,1629.9063720703125,0.9999930262565613,1.0001089572906494,19290.32421875,1629.9063720703125,0.9999930262565613,1.0001089572906494,19427.171875,1651.0511474609375,1.0003160238265991,1.0001779794692993,18644.466796875,1500.013671875,0.9997100234031677,0.999987006187439,18837.68359375,1560.90673828125,0.9998049736022949,1.0000109672546387,35239757134,19560363854,5925798240,52755357561
2022-09-08,19329.833984375,1635.34765625,0.9999139904975891,1.0001020431518555,19329.833984375,1635.34765625,0.9999139904975891,1.0001020431518555,19417.3515625,1655.0640869140625,1.0002590417861938,1.0001729726791382,19076.71484375,1603.0638427734375,0.9997000098228455,1.0000139474868774,19289.94140625,1629.80517578125,0.9999669790267944,1.0000970363616943,32194477850,17621046717,5599051311,49640976411
2022-09-09,21381.15234375,1719.08544921875,0.9999449849128723,1.0002349615097046,21381.15234375,1719.08544921875,0.9999449849128723,1.0002349615097046,21439.41015625,1735.809814453125,1.0002199411392212,1.000303030014038,19310.962890625,1632.8365478515625,0.9996330142021179,1.000054955482483,19328.140625,1635.187744140625,0.9999070167541504,1.0000959634780884,48469528171,20242323690,7486756055,70683518131
2022-09-10,21680.5390625,1776.2037353515625,0.9998630285263062,1.0002809762954712,21680.5390625,1776.2037353515625,0.9998630285263062,1.0002809762954712,21760.275390625,1784.497802734375,1.000223994255066,1.0004199743270874,21168.72265625,1710.2969970703125,0.9996860027313232,1.0001670122146606,21376.912109375,1718.9613037109375,0.9999449849128723,1.0002349615097046,36913738894,13130928217,6034410916,53524443076
2022-09-11,21769.255859375,1761.800048828125,0.9999510049819946,1.00027596950531,21769.255859375,1761.800048828125,0.9999510049819946,1.00027596950531,21770.552734375,1782.7298583984375,1.0002529621124268,1.0003429651260376,21406.9453125,1730.164794921875,0.9996299743652344,1.0002219676971436,21678.54296875,1775.97607421875,0.9998610019683838,1.0002789497375488,34493951963,12464301922,5285353049,47160062304
2022-09-12,22370.44921875,1713.7652587890625,1.0000109672546387,1.0002039670944214,22370.44921875,1713.7652587890625,1.0000109672546387,1.0002039670944214,22439.181640625,1778.1634521484375,1.0002000331878662,1.0003230571746826,21603.896484375,1698.29345703125,0.9995160102844238,1.0000979900360107,21770.1484375,1762.0848388671875,0.9999600052833557,1.0002809762954712,50212088965,17688391310,6603561164,66834639114
2022-09-13,20296.70703125,1580.7879638671875,1.0001139640808105,1.0000250339508057,20296.70703125,1580.7879638671875,1.0001139640808105,1.0000250339508057,22673.8203125,1745.779052734375,1.0002249479293823,1.0003399848937988,20062.669921875,1564.0318603515625,0.9993640184402466,0.9999920129776001,22371.48046875,1713.9625244140625,1.000022053718567,1.000161051750183,51091116622,23066821734,7447771857,71413926112
2022-09-14,20241.08984375,1634.7550048828125,1.000040054321289,1.000141978263855,20241.08984375,1634.7550048828125,1.000040054321289,1.000141978263855,20467.201171875,1642.1572265625,1.0002679824829102,1.0002130270004272,19793.396484375,1564.0318603515625,0.9997699856758118,0.9999740123748779,20184.5546875,1574.858154296875,0.9999650120735168,1.0000380277633667,37872380889,17897150206,5785823308,55170613417
2022-09-15,19701.2109375,1471.6934814453125,1.0001620054244995,1.0000029802322388,19701.2109375,1471.6934814453125,1.0001620054244995,1.0000029802322388,20318.166015625,1648.9456787109375,1.0004299879074097,1.0002750158309937,19636.734375,1466.139404296875,0.9997439980506897,0.9999390244483948,20242.2890625,1635.0830078125,1.0000380277633667,1.0001380443572998,36389011503,26946275878,7140693834,60606622307
2022-09-16,19772.583984375,1432.44775390625,1.0001180171966553,0.9999809861183167,19772.583984375,1432.44775390625,1.0001180171966553,0.9999809861183167,19870.62890625,1480.564208984375,1.0003360509872437,1.000095009803772,19400.076171875,1415.581298828125,0.9997469782829285,0.9998909831047058,19704.005859375,1471.9283447265625,1.0001699924468994,1.0000020265579224,30123362273,16764804299,5765020468,46290851147
2022-09-17,20127.576171875,1469.74169921875,1.0000319480895996,1.0000979900360107,20127.576171875,1469.74169921875,1.0000319480895996,1.0000979900360107,20162.53125,1473.0604248046875,1.0002830028533936,1.0001369714736938,19777.033203125,1415.0423583984375,0.9998559951782227,0.9999449849128723,19777.033203125,1432.87646484375,1.0000770092010498,0.9999819993972778,24957448100,10798098671,3630797018,34904822689
2022-09-18,19419.505859375,1335.3291015625,1.0000770092010498,1.0000230073928833,19419.505859375,1335.3291015625,1.0000770092010498,1.0000230073928833,20127.234375,1469.7054443359375,1.0002390146255493,1.0001449584960938,19387.4921875,1331.4947509765625,0.9996510148048401,0.9999489784240723,20127.234375,1469.7054443359375,1.000080943107605,1.0000959634780884,31254779144,15762284723,4028540366,46056427438
2022-09-19,19544.12890625,1377.5413818359375,0.9998729825019836,1.0001059770584106,19544.12890625,1377.5413818359375,0.9998729825019836,1.0001059770584106,19639.48046875,1388.272216796875,1.0004500150680542,1.0001749992370605,18390.318359375,1287.4208984375,0.9996680021286011,0.9999449849128723,19418.572265625,1335.270751953125,0.9999939799308777,1.0000079870224,40177002624,18712714223,5448220572,56769197831
2022-09-20,18890.7890625,1324.38818359375,0.9999480247497559,1.000059962272644,18890.7890625,1324.38818359375,0.9999480247497559,1.000059962272644,19602.45703125,1381.9656982421875,1.0003080368041992,1.0001939535140991,18813.455078125,1319.201416015625,0.9995999932289124,1.0000369548797607,19545.591796875,1377.6190185546875,0.9999020099639893,1.0001039505004883,36791346508,14722317220,4922676526,50515394641
2022-09-21,18547.400390625,1252.6077880859375,1.0001130104064941,1.0000859498977661,18547.400390625,1252.6077880859375,1.0001130104064941,1.0000859498977661,19674.630859375,1384.4769287109375,1.0006929636001587,1.0001939535140991,18290.314453125,1229.4267578125,0.9993489980697632,1.0000330209732056,18891.283203125,1324.215576171875,0.9999150037765503,1.000054955482483,46363793975,20643507800,5956755763,63560607050
2022-09-22,19413.55078125,1327.68017578125,0.9999200105667114,0.9999840259552002,19413.55078125,1327.68017578125,0.9999200105667114,0.9999840259552002,19456.91015625,1336.1578369140625,1.000488042831421,1.0001720190048218,18415.591796875,1240.96826171875,0.9996129870414734,0.9999709725379944,18534.650390625,1251.5673828125,1.000133991241455,1.0001059770584106,41135767926,18461527259,5233558179,54330130153
2022-09-23,19297.638671875,1328.259521484375,0.9999930262565613,0.9999809861183167,19297.638671875,1328.259521484375,0.9999930262565613,0.9999809861183167,19464.671875,1353.288330078125,1.0003859996795654,1.000048041343689,18617.552734375,1270.1983642578125,0.9997199773788452,0.9999459981918335,19412.400390625,1327.481201171875,0.9999459981918335,0.9999939799308777,38896078052,18771106339,5282910708,58265731392
2022-09-24,18937.01171875,1317.9932861328125,0.9999729990959167,1.0000499486923218,18937.01171875,1317.9932861328125,0.9999729990959167,1.0000499486923218,19310.197265625,1346.2552490234375,1.0002429485321045,1.0001020431518555,18861.974609375,1312.6402587890625,0.9996470212936401,0.9999549984931946,19296.990234375,1328.24462890625,1.0000100135803223,0.9999819993972778,26149643168,12098209717,3875334932,39015165939
2022-09-25,18802.09765625,1294.216796875,0.9999679923057556,1.000054955482483,18802.09765625,1294.216796875,0.9999679923057556,1.000054955482483,19134.732421875,1333.371337890625,1.0003010034561157,1.0001369714736938,18696.46875,1275.627685546875,0.9998170137405396,1.0000239610671997,18936.310546875,1317.9384765625,0.9999679923057556,1.00005304813385,23359966112,11802651633,3878358168,35041309688
2022-09-26,19222.671875,1335.3201904296875,1.0001649856567383,0.9999899864196777,19222.671875,1335.3201904296875,1.0001649856567383,0.9999899864196777,19274.873046875,1335.5263671875,1.0004210472106934,1.0001569986343384,18721.28515625,1282.04931640625,0.9997410178184509,0.9999499917030334,18803.900390625,1294.3861083984375,1.0000489950180054,1.000046968460083,44148798321,16034549271,3999499289,57810071895
2022-09-27,19110.546875,1330.127685546875,1.0001230239868164,0.9999799728393555,19110.546875,1330.127685546875,1.0001230239868164,0.9999799728393555,20338.455078125,1396.8914794921875,1.0004119873046875,1.0000959634780884,18915.66796875,1308.991455078125,0.9997050166130066,0.9999510049819946,19221.83984375,1335.3370361328125,1.0002139806747437,0.9999840259552002,58571439619,17870598937,4795683665,71681603882
2022-09-28,19426.720703125,1337.410888671875,1.0000109672546387,0.9999759793281555,19426.720703125,1337.410888671875,1.0000109672546387,0.9999759793281555,19688.34375,1351.9644775390625,1.0003440380096436,1.0000519752502441,18553.296875,1267.8692626953125,0.999767005443573,0.9999110102653503,19104.62109375,1329.5413818359375,1.0000540018081665,0.9999780058860779,53071298734,18994979566,4650658918,65738293663
2022-09-29,19573.05078125,1335.65234375,1.0001239776611328,1.0000790357589722,19573.05078125,1335.65234375,1.0001239776611328,1.0000790357589722,19589.265625,1348.107666015625,1.000319004058838,1.0000970363616943,18924.353515625,1293.193359375,0.9996520280838013,0.9999279975891113,19427.779296875,1337.554443359375,1.0000540018081665,0.9999970197677612,41037843771,13796915736,4102135594,52649004466
2022-09-30,19431.7890625,1327.9786376953125,1.0000660419464111,1.0000489950180054,19431.7890625,1327.9786376953125,1.0000660419464111,1.0000489950180054,20109.849609375,1368.743408203125,1.0003950595855713,1.0001649856567383,19265.662109375,1320.3831787109375,0.999800980091095,1.0000089406967163,19573.431640625,1335.646484375,0.9999719858169556,1.0000760555267334,43975248085,14250100093,4870470845,55223655589
2022-10-01,19312.095703125,1311.6444091796875,0.9999840259552002,1.0000430345535278,19312.095703125,1311.6444091796875,0.9999840259552002,1.0000430345535278,19471.154296875,1332.5164794921875,1.0001709461212158,1.0001070499420166,19231.08203125,1306.1025390625,0.9997979998588562,0.9999560117721558,19431.10546875,1328.1937255859375,1.0000419616699219,1.0000619888305664,18719537670,6227961237,3108134491,27312920843
2022-10-02,19044.107421875,1276.093505859375,0.9999909996986389,1.000059962272644,19044.107421875,1276.093505859375,0.9999909996986389,1.000059962272644,19370.30859375,1316.330078125,1.000311017036438,1.0001059770584106,18970.62109375,1275.3360595703125,0.9994419813156128,0.9999480247497559,19311.849609375,1311.75341796875,1.000012993812561,1.0000449419021606,20765955327,7578351650,2933405193,30109417396
2022-10-03,19623.580078125,1323.439208984375,0.9999269843101501,1.0000890493392944,19623.580078125,1323.439208984375,0.9999269843101501,1.0000890493392944,19653.54296875,1326.554443359375,1.0002150535583496,1.0001579523086548,19025.2265625,1271.15087890625,0.9998160004615784,0.9999840259552002,19044.068359375,1276.1634521484375,1.0000319480895996,1.0000560283660889,30484729489,10153070907,4449830981,40191505534
2022-10-04,20336.84375,1362.1265869140625,0.9999319911003113,1.000251054763794,20336.84375,1362.1265869140625,0.9999319911003113,1.000251054763794,20380.34375,1364.970947265625,1.0002000331878662,1.0002559423446655,19523.83984375,1320.07666015625,0.9997879862785339,1.0000649690628052,19623.583984375,1323.2783203125,0.9999160170555115,1.0000909566879272,35887278685,10139774963,3702781171,44505643606
2022-10-05,20160.716796875,1352.837158203125,0.9999380111694336,1.0001089572906494,20160.716796875,1352.837158203125,0.9999380111694336,1.0001089572906494,20343.748046875,1362.4517822265625,1.0002529621124268,1.0003050565719604,19801.80078125,1320.8551025390625,0.9997100234031677,1.0000519752502441,20335.900390625,1361.972900390625,0.9999430179595947,1.000249981880188,33223790572,9774451820,3648372214,41883470473
2022-10-06,19955.443359375,1351.70947265625,0.9999690055847168,1.000143051147461,19955.443359375,1351.70947265625,0.9999690055847168,1.000143051147461,20408.392578125,1380.4049072265625,1.0002720355987549,1.000223994255066,19900.087890625,1349.449951171875,0.9997130036354065,1.0000879764556885,20161.0390625,1352.806640625,1.0000059604644775,1.0001050233840942,34711412966,12033514861,4064924187,43958843047
2022-10-07,19546.849609375,1332.5169677734375,1.000022053718567,1.0001219511032104,19546.849609375,1332.5169677734375,1.000022053718567,1.0001219511032104,20041.0859375,1359.328125,1.000249981880188,1.0002119541168213,19395.79296875,1321.74609375,0.9997310042381287,1.0000580549240112,19957.55859375,1351.83642578125,0.9999880194664001,1.0001269578933716,29227315390,10061619355,3663387742,38019451874
2022-10-08,19416.568359375,1315.50048828125,1.0001469850540161,1.0000829696655273,19416.568359375,1315.50048828125,1.0001469850540161,1.0000829696655273,19601.6953125,1335.954833984375,1.000188946723938,1.000190019607544,19299.4140625,1307.072998046875,0.9997659921646118,1.0000439882278442,19546.328125,1332.371337890625,0.9999930262565613,1.0001250505447388,16437423167,5804676208,2735745388,23441883205
2022-10-09,19446.42578125,1322.604248046875,0.9999930262565613,1.0001579523086548,19446.42578125,1322.604248046875,0.9999930262565613,1.0001579523086548,19542.5390625,1327.6688232421875,1.0002169609069824,1.000182032585144,19349.259765625,1309.3446044921875,0.9998540282249451,1.0000640153884888,19417.478515625,1315.460205078125,1.0001510381698608,1.0000779628753662,16837262532,5486230123,2260430910,22977760897
2022-10-10,19141.484375,1291.337646484375,0.9999409914016724,1.0000180006027222,19141.484375,1291.337646484375,0.9999409914016724,1.0000180006027222,19515.466796875,1335.6627197265625,1.0002429485321045,1.000188946723938,19102.978515625,1291.337646484375,0.9997379779815674,0.9999399781227112,19446.416015625,1322.61865234375,0.9999809861183167,1.0001590251922607,27425022774,8794491050,3234465931,37843287016
2022-10-11,19051.41796875,1279.57568359375,1.0000250339508057,0.9999009966850281,19051.41796875,1279.57568359375,1.0000250339508057,0.9999009966850281,19241.9609375,1296.27392578125,1.0002729892730713,1.0000649690628052,18925.603515625,1272.7376708984375,0.9997100234031677,0.9998890161514282,19139.0,1291.109619140625,0.9999340176582336,1.0000089406967163,28711532910,9274845260,3635935332,38468219592
2022-10-12,19157.4453125,1294.9063720703125,0.9999619722366333,0.9999920129776001,19157.4453125,1294.9063720703125,0.9999619722366333,0.9999920129776001,19203.19921875,1303.0751953125,1.0002549886703491,1.0000439882278442,19029.7578125,1277.5274658203125,0.9998599886894226,0.999862015247345,19052.646484375,1279.7322998046875,1.0000239610671997,0.9999210238456726,24950173846,8355638578,2920458912,33048616462
2022-10-13,19382.904296875,1288.1239013671875,1.0000159740447998,1.0000790357589722,19382.904296875,1288.1239013671875,1.0000159740447998,1.0000790357589722,19453.328125,1297.564208984375,1.0003509521484375,1.0001360177993774,18319.822265625,1209.2781982421875,0.9995459914207458,0.9999319911003113,19156.966796875,1294.9173583984375,0.999970018863678,0.999983012676239,44219840004,17499038202,4863475901,60450860335
2022-10-14,19185.65625,1297.422119140625,0.9999949932098389,1.000074028968811,19185.65625,1297.422119140625,0.9999949932098389,1.000074028968811,19889.146484375,1339.7447509765625,1.000324010848999,1.0001529455184937,19115.408203125,1285.3782958984375,0.9997010231018066,1.0000159740447998,19382.533203125,1288.0487060546875,1.0000089406967163,1.0000829696655273,38452356727,13113767755,4058420604,48926387475
2022-10-15,19067.634765625,1274.8717041015625,0.9999300241470337,1.000087022781372,19067.634765625,1274.8717041015625,0.9999300241470337,1.000087022781372,19212.541015625,1300.7459716796875,1.0002349615097046,1.0001590251922607,19019.25,1268.468505859375,0.9998379945755005,1.0000170469284058,19185.4375,1297.305908203125,0.9999960064888,1.000072956085205,16192235532,6798512624,2551998130,25527432092
2022-10-16,19268.09375,1306.296630859375,0.9999529719352722,1.0000569820404053,19268.09375,1306.296630859375,0.9999529719352722,1.0000569820404053,19389.603515625,1312.634521484375,1.0002859830856323,1.0001490116119385,19068.9140625,1275.0054931640625,0.9998319745063782,1.0000289678573608,19068.9140625,1275.0054931640625,0.9999060034751892,1.0000840425491333,17988916650,7491625206,2511992440,27428821905
2022-10-17,19550.7578125,1331.713623046875,0.9999849796295166,1.00006902217865,19550.7578125,1331.713623046875,0.9999849796295166,1.00006902217865,19635.802734375,1335.6478271484375,1.0002180337905884,1.000148057937622,19173.333984375,1297.447265625,0.9998540282249451,1.0000120401382446,19268.5625,1306.3095703125,0.9999610185623169,1.000059962272644,27472552998,9401189650,2980936199,36706571573
2022-10-18,19334.416015625,1310.447021484375,0.9999979734420776,1.0001059770584106,19334.416015625,1310.447021484375,0.9999979734420776,1.0001059770584106,19666.994140625,1339.0859375,1.0003019571304321,1.0001980066299438,19144.76953125,1291.66064453125,0.9998480081558228,1.0000369548797607,19550.466796875,1331.669921875,0.9999909996986389,1.000067949295044,30580012344,10416747806,2885568216,39012357142
2022-10-19,19139.53515625,1285.7442626953125,1.000054955482483,1.000059962272644,19139.53515625,1285.7442626953125,1.000054955482483,1.000059962272644,19348.416015625,1312.4423828125,1.0004030466079712,1.0002100467681885,19127.6875,1283.96533203125,0.9997609853744507,1.0000360012054443,19335.02734375,1310.5631103515625,0.9999819993972778,1.0001050233840942,22425387184,8350692785,2645576295,32767030077
2022-10-20,19053.740234375,1283.200927734375,1.0,0.9999939799308777,19053.740234375,1283.200927734375,1.0,0.9999939799308777,19315.19921875,1307.8551025390625,1.0004019737243652,1.0001590251922607,18971.458984375,1275.323974609375,0.9997509717941284,0.9999639987945557,19138.0859375,1285.6602783203125,1.000038981437683,1.000067949295044,24493974420,9009111996,2679829482,32981854458
2022-10-21,19172.46875,1299.9464111328125,1.0000139474868774,1.0001230239868164,19172.46875,1299.9464111328125,1.0000139474868774,1.0001230239868164,19237.384765625,1305.081298828125,1.0004019737243652,1.0001410245895386,18770.970703125,1260.666748046875,0.9998390078544617,0.9999279975891113,19053.203125,1283.1881103515625,0.9999859929084778,1.0,32459287866,10412565245,3250082894,41430999058
2022-10-22,19208.189453125,1314.2991943359375,1.0000289678573608,1.0000849962234497,19208.189453125,1314.2991943359375,1.0000289678573608,1.0000849962234497,19248.068359375,1317.10107421875,1.0001909732818604,1.0001959800720215,19132.244140625,1295.9468994140625,0.999809980392456,1.0000170469284058,19172.380859375,1299.90234375,1.0000189542770386,1.0001239776611328,16104440957,7175324564,1929650726,24133042918
2022-10-23,19567.0078125,1363.447021484375,1.0000300407409668,1.0000770092010498,19567.0078125,1363.447021484375,1.0000300407409668,1.0000770092010498,19646.65234375,1367.7607421875,1.0003160238265991,1.000203013420105,19124.197265625,1302.9088134765625,0.9997820258140564,1.0000239610671997,19207.734375,1314.24951171875,1.0000230073928833,1.00006103515625,22128794335,9909510925,2276952462,31629519444
2022-10-24,19345.572265625,1344.99853515625,0.9999799728393555,1.0000569820404053,19345.572265625,1344.99853515625,0.9999799728393555,1.0000569820404053,19589.125,1368.425537109375,1.0002599954605103,1.0001749992370605,19206.32421875,1327.85400390625,0.999767005443573,1.0000410079956055,19567.76953125,1363.4918212890625,1.0000799894332886,1.0000699758529663,30202235805,13092820173,3031244247,40494105063
2022-10-25,20095.857421875,1461.6654052734375,0.999966025352478,1.0002080202102661,20095.857421875,1461.6654052734375,0.999966025352478,1.0002080202102661,20348.412109375,1509.9854736328125,1.0007319450378418,1.0002549886703491,19261.447265625,1336.9788818359375,0.999705970287323,1.0000150203704834,19344.96484375,1344.7113037109375,0.9999420046806335,1.0000460147857666,47761524910,25367291294,4523233356,64740988487
2022-10-26,20770.44140625,1566.566650390625,1.0000269412994385,1.0001989603042603,20770.44140625,1566.566650390625,1.0000269412994385,1.0001989603042603,20938.134765625,1584.63671875,1.0004249811172485,1.000277042388916,20076.1171875,1460.4287109375,0.9997119903564453,1.0001189708709717,20092.236328125,1461.1331787109375,0.999925971031189,1.0002000331878662,58895950537,32705548427,4575654708,78294376043
2022-10-27,20285.8359375,1514.3748779296875,0.9999690055847168,1.0000920295715332,20285.8359375,1514.3748779296875,0.9999690055847168,1.0000920295715332,20854.044921875,1574.4034423828125,1.0002609491348267,1.000262975692749,20255.373046875,1510.8167724609375,0.9997310042381287,1.0000560283660889,20772.802734375,1566.8414306640625,1.000022053718567,1.0002039670944214,49625110402,22813499245,4234666654,68447928073
2022-10-28,20595.3515625,1555.4779052734375,0.9999229907989502,1.0001460313796997,20595.3515625,1555.4779052734375,0.9999229907989502,1.0001460313796997,20724.98046875,1568.6339111328125,1.0002880096435547,1.0002249479293823,20086.068359375,1493.87109375,0.9996860027313232,1.00005304813385,20287.95703125,1514.3231201171875,0.9999529719352722,1.0000970363616943,43994715910,19974623205,4000469292,61718295435
2022-10-29,20818.4765625,1619.698486328125,1.0000790357589722,1.0002260208129883,20818.4765625,1619.698486328125,1.0000790357589722,1.0002260208129883,20988.39453125,1652.3822021484375,1.0004260540008545,1.0003459453582764,20566.484375,1549.983642578125,0.9996989965438843,1.0001219511032104,20595.103515625,1555.274658203125,0.9999179840087891,1.0001410245895386,40369840645,21618154775,4594883158,67603092351
2022-10-30,20635.603515625,1590.7833251953125,1.0001150369644165,1.0001790523529053,20635.603515625,1590.7833251953125,1.0001150369644165,1.0001790523529053,20917.005859375,1637.037841796875,1.0002609491348267,1.0003459453582764,20547.462890625,1579.4852294921875,0.9997760057449341,1.0001699924468994,20817.982421875,1619.6978759765625,1.0000519752502441,1.0002260208129883,31486345556,13930073427,3672657264,52873524542
2022-10-31,20495.7734375,1572.7144775390625,0.9999960064888,0.9999470114707947,20495.7734375,1572.7144775390625,0.9999960064888,0.9999470114707947,20795.3203125,1630.452880859375,1.000378966331482,1.0002520084381104,20287.458984375,1555.9189453125,0.9994519948959351,0.9999189972877502,20633.6953125,1590.4813232421875,1.0000859498977661,1.0001850128173828,45668466815,19306919714,5307443271,67168423338
2022-11-01,20485.2734375,1579.70458984375,1.0000439882278442,0.9999240040779114,20485.2734375,1579.70458984375,1.0000439882278442,0.9999240040779114,20647.2890625,1606.605712890625,1.0002540349960327,0.9999849796295166,20359.845703125,1568.0985107421875,0.9997289776802063,0.9997739791870117,20494.8984375,1572.6453857421875,1.0000120401382446,0.9999560117721558,39819303159,14507311208,3559235451,56795449219
2022-11-02,20159.50390625,1519.7117919921875,1.0000970363616943,0.9999960064888,20159.50390625,1519.7117919921875,1.0000970363616943,0.9999960064888,20742.810546875,1613.41064453125,1.0003809928894043,1.0000790357589722,20087.134765625,1507.2447509765625,0.9995719790458679,0.9998649954795837,20482.958984375,1579.4979248046875,1.000035047531128,0.9999179840087891,55552169483,23254218281,6343248164,76399032768
2022-11-03,20209.98828125,1531.541748046875,1.0000649690628052,1.0000070333480835,20209.98828125,1531.541748046875,1.0000649690628052,1.0000070333480835,20382.095703125,1556.7596435546875,1.0006539821624756,1.000048041343689,20086.240234375,1517.1016845703125,0.9997940063476562,0.9999439716339111,20162.689453125,1519.724853515625,1.000133991241455,0.9999790191650391,43228750179,14248351007,3480226568,61590549857
2022-11-04,21147.23046875,1645.0933837890625,1.0000360012054443,1.0000760555267334,21147.23046875,1645.0933837890625,1.0000360012054443,1.0000760555267334,21209.560546875,1661.334716796875,1.0004960298538208,1.0001189708709717,20188.01953125,1529.2684326171875,0.9996690154075623,0.9999589920043945,20208.76953125,1531.3975830078125,1.0000410079956055,1.0000070333480835,64072727950,20806964347,4189794922,88078834184
2022-11-05,21282.69140625,1627.968017578125,0.9999039769172668,1.0001189708709717,21282.69140625,1627.968017578125,0.9999039769172668,1.0001189708709717,21446.88671875,1660.4864501953125,1.0003149509429932,1.0001800060272217,21097.634765625,1625.9642333984375,0.9997619986534119,1.000040054321289,21144.83203125,1645.156494140625,1.0000180006027222,1.0000749826431274,37846047609,11006973190,2820629269,57121137337
2022-11-06,20926.486328125,1572.2347412109375,0.9998689889907837,1.0000900030136108,20926.486328125,1572.2347412109375,0.9998689889907837,1.0000900030136108,21345.376953125,1634.1324462890625,1.000311017036438,1.0001640319824219,20920.19140625,1572.2347412109375,0.99959397315979,0.9999939799308777,21285.056640625,1627.901123046875,0.9999079704284668,1.000120997428894,35082693210,11632744705,2414704424,51095877870
2022-11-07,20602.81640625,1568.59130859375,1.0003230571746826,1.0000940561294556,20602.81640625,1568.59130859375,1.0003230571746826,1.0000940561294556,21053.24609375,1604.475341796875,1.0003880262374878,1.0001649856567383,20489.97265625,1550.41552734375,0.9996579885482788,1.000038981437683,20924.62109375,1572.0169677734375,0.9998509883880615,1.0001009702682495,53510852236,15279963349,3478168774,72598608064
2022-11-08,18541.271484375,1332.8355712890625,0.9999819993972778,1.0000319480895996,18541.271484375,1332.8355712890625,0.9999819993972778,1.0000319480895996,20664.607421875,1574.7998046875,1.0013229846954346,1.0005149841308594,17603.544921875,1259.443115234375,0.9987099766731262,1.0000139474868774,20600.671875,1568.32958984375,1.000296950340271,1.0000940561294556,118992465607,42048003440,9481272661,162734866334
2022-11-09,15880.7802734375,1100.1697998046875,1.0003420114517212,0.9986000061035156,15880.7802734375,1100.1697998046875,1.0003420114517212,0.9986000061035156,18590.458984375,1335.7435302734375,1.0012069940567017,1.0000430345535278,15682.6923828125,1083.28564453125,0.9991559982299805,0.9985259771347046,18543.76171875,1333.1224365234375,1.0001319646835327,1.0000430345535278,102905151606,38864492427,10733960295,143975136007
2022-11-10,17586.771484375,1299.464599609375,1.0006920099258423,0.9978349804878235,17586.771484375,1299.464599609375,1.0006920099258423,0.9978349804878235,18054.3125,1341.7911376953125,1.0073299407958984,0.9989749789237976,15834.0185546875,1093.12255859375,0.9998570084571838,0.9815250039100647,15883.158203125,1100.107177734375,1.000359058380127,0.9986339807510376,83202283721,28581002122,9392844548,114807119109
2022-11-11,17034.29296875,1287.2210693359375,1.0007339715957642,0.9982179999351501,17034.29296875,1287.2210693359375,1.0007339715957642,0.9982179999351501,17650.943359375,1302.2952880859375,1.0013279914855957,0.9985690116882324,16543.482421875,1211.32958984375,0.999646008014679,0.9968850016593933,17583.251953125,1298.8824462890625,1.0006599426269531,0.9978139996528625,55871616488,20920539099,4591678573,74933538836
2022-11-12,16799.185546875,1255.268310546875,1.000223994255066,0.9986159801483154,16799.185546875,1255.268310546875,1.000223994255066,0.9986159801483154,17066.67578125,1288.15087890625,1.0009349584579468,0.9988229870796204,16651.775390625,1242.1522216796875,0.9999989867210388,0.9977729916572571,17036.875,1287.4383544921875,1.0007580518722534,0.9981979727745056,29717699419,10964962767,2456430569,40298138489
2022-11-13,16353.365234375,1221.8192138671875,1.0001360177993774,0.9987549781799316,16353.365234375,1221.8192138671875,1.0001360177993774,0.9987549781799316,16920.765625,1271.7125244140625,1.0006200075149536,0.9990659952163696,16320.634765625,1208.52099609375,0.9999480247497559,0.998462975025177,16799.72265625,1255.4412841796875,1.0001779794692993,0.9986169934272766,27209183682,10717455214,2374782585,40189889540
2022-11-14,16618.19921875,1241.604248046875,1.0005860328674316,0.9990130066871643,16618.19921875,1241.604248046875,1.0005860328674316,0.9990130066871643,17109.32421875,1284.2176513671875,1.0009870529174805,0.9991340041160583,15872.94140625,1178.4290771484375,0.9997789859771729,0.9985759854316711,16352.0283203125,1221.8955078125,1.0001349449157715,0.9987499713897705,49630243054,15028035663,4017714642,65634612428
2022-11-15,16884.61328125,1251.7362060546875,1.00034499168396,0.9991300106048584,16884.61328125,1251.7362060546875,1.00034499168396,0.9991300106048584,17051.962890625,1283.19873046875,1.0008050203323364,0.9992430210113525,16542.55078125,1238.688232421875,0.9998819828033447,0.9987559914588928,16617.484375,1241.677734375,1.0006179809570312,0.9990209937095642,36599436183,11798011594,3132740778,47859299075
2022-11-16,16669.439453125,1215.6025390625,1.0001859664916992,0.9992290139198303,16669.439453125,1215.6025390625,1.0001859664916992,0.9992290139198303,16960.294921875,1264.486328125,1.000512957572937,0.9994059801101685,16430.111328125,1192.98779296875,0.9997889995574951,0.9989879727363586,16884.341796875,1251.808837890625,1.0003559589385986,0.9991359710693359,33925512989,11939561598,3988959847,45661177296
2022-11-17,16687.517578125,1200.80859375,1.0001620054244995,0.9994019865989685,16687.517578125,1200.80859375,1.0001620054244995,0.9994019865989685,16726.439453125,1224.9656982421875,1.000525951385498,0.9996449947357178,16460.68359375,1189.1527099609375,0.9997689723968506,0.9992030262947083,16670.42578125,1215.8486328125,1.0001989603042603,0.9992309808731079,27868914022,9723646871,2882973153,37744442250
2022-11-18,16697.77734375,1212.30029296875,1.0002479553222656,0.9991629719734192,16697.77734375,1212.30029296875,1.0002479553222656,0.9991629719734192,16947.05859375,1226.7374267578125,1.000488042831421,0.9994680285453796,16564.611328125,1200.8021240234375,1.000038981437683,0.9990800023078918,16687.912109375,1200.8021240234375,1.0001599788665771,0.999396026134491,26862218609,7979913378,2638924708,34879098921
2022-11-19,16711.546875,1218.4267578125,1.000156044960022,0.999101996421814,16711.546875,1218.4267578125,1.000156044960022,0.999101996421814,16797.876953125,1227.8372802734375,1.0004600286483765,0.9992920160293579,16570.41015625,1200.4755859375,0.9999970197677612,0.9990460276603699,16696.220703125,1212.2154541015625,1.0002260208129883,0.9991750121116638,16106223492,5978745776,2142545663,23288439137
2022-11-20,16291.83203125,1142.4666748046875,1.0002139806747437,0.9989820122718811,16291.83203125,1142.4666748046875,1.0002139806747437,0.9989820122718811,16746.779296875,1224.0777587890625,1.0004990100860596,0.9992070198059082,16248.6923828125,1137.9332275390625,0.9998319745063782,0.998769998550415,16712.919921875,1218.436279296875,1.0001670122146606,0.9990869760513306,21313378652,9651002684,2631891750,33834889406
2022-11-21,15787.2841796875,1108.35302734375,1.0003299713134766,0.9990890026092529,15787.2841796875,1108.35302734375,1.0003299713134766,0.9990890026092529,16291.2236328125,1142.395751953125,1.0007790327072144,0.9991689920425415,15599.046875,1084.8572998046875,0.9998080134391785,0.9986460208892822,16291.2236328125,1142.395751953125,1.0002089738845825,0.9989950060844421,37429485518,14080099208,6600804024,54558293762
2022-11-22,16189.76953125,1135.1734619140625,1.000419020652771,0.9991570115089417,16189.76953125,1135.1734619140625,1.000419020652771,0.9991570115089417,16253.0478515625,1136.442626953125,1.000722050666809,0.9993090033531189,15656.6064453125,1081.13818359375,0.9999690055847168,0.9988740086555481,15782.30078125,1107.89599609375,1.0002520084381104,0.999081015586853,30726828760,12040670755,4058680571,44056204568
2022-11-23,16610.70703125,1183.1995849609375,1.0003269910812378,0.9991940259933472,16610.70703125,1183.1995849609375,1.0003269910812378,0.9991940259933472,16638.193359375,1184.997314453125,1.0007870197296143,0.9992349743843079,16170.5029296875,1130.0228271484375,1.0000139474868774,0.9989539980888367,16195.5888671875,1135.4215087890625,1.000480055809021,0.9991660118103027,32958875628,11242676044,4043753926,45720458651
2022-11-24,16604.46484375,1203.983154296875,1.0002150535583496,0.9994210004806519,16604.46484375,1203.983154296875,1.0002150535583496,0.9994210004806519,16771.474609375,1211.62744140625,1.000635027885437,0.9995070099830627,16501.767578125,1180.3797607421875,0.9999650120735168,0.9991229772567749,16611.63671875,1183.3450927734375,1.0003290176391602,0.9991909861564636,26129037414,9706372376,3455771499,36841695607
2022-11-25,16521.841796875,1198.9259033203125,1.0000569820404053,0.9995779991149902,16521.841796875,1198.9259033203125,1.0000569820404053,0.9995779991149902,16603.31640625,1203.7994384765625,1.0003160238265991,0.9995899796485901,16388.404296875,1174.8233642578125,0.9998930096626282,0.9994040131568909,16602.26953125,1203.7994384765625,1.0001670122146606,0.9994170069694519,18678255976,5483308196,2547890810,25728613650
2022-11-26,16464.28125,1205.89794921875,1.0001510381698608,0.9995740056037903,16464.28125,1205.89794921875,1.0001510381698608,0.9995740056037903,16666.86328125,1227.0380859375,1.0006389617919922,0.9996259808540344,16416.228515625,1198.097900390625,0.9998689889907837,0.9995070099830627,16521.576171875,1198.79052734375,1.000080943107605,0.999576985836029,18000008764,5074160558,2436483647,25190862393
2022-11-27,16444.626953125,1195.126953125,1.0001410245895386,0.9996039867401123,16444.626953125,1195.126953125,1.0001410245895386,0.9996039867401123,16594.40625,1220.3494873046875,1.0003540515899658,0.9996539950370789,16437.025390625,1195.0390625,0.9998379945755005,0.9995030164718628,16463.8828125,1205.9052734375,1.0001649856567383,0.999567985534668,20443898509,4486976868,2289589937,27588594951
2022-11-28,16217.322265625,1170.086181640625,1.0002009868621826,0.9996619820594788,16217.322265625,1170.086181640625,1.0002009868621826,0.9996619820594788,16482.93359375,1198.7376708984375,1.0006229877471924,0.9997730255126953,16054.5302734375,1156.0625,0.9996780157089233,0.9995930194854736,16440.22265625,1194.9603271484375,1.000175952911377,0.9995999932289124,27743025156,7275411870,2949046303,37268352299
2022-11-29,16444.982421875,1216.9012451171875,1.0000760555267334,0.9997439980506897,16444.982421875,1216.9012451171875,1.0000760555267334,0.9997439980506897,16522.2578125,1222.1641845703125,1.0004440546035767,0.9997789859771729,16139.396484375,1163.4775390625,0.9999430179595947,0.9996060132980347,16217.6396484375,1169.8743896484375,1.0002529621124268,0.9996619820594788,23581685468,7639405818,2909572697,31450915067
2022-11-30,17168.56640625,1295.6885986328125,1.0000079870224,1.0000150203704834,17168.56640625,1295.6885986328125,1.0000079870224,1.0000150203704834,17190.9375,1302.0386962890625,1.000607967376709,1.00005304813385,16445.4765625,1215.4979248046875,0.999646008014679,0.9996510148048401,16445.4765625,1216.9287109375,1.0000790357589722,0.9997329711914062,29523576583,9836925304,3389698194,37405224166
2022-12-01,16967.1328125,1276.27392578125,1.0000029802322388,1.0000439882278442,16967.1328125,1276.27392578125,1.0000029802322388,1.0000439882278442,17197.498046875,1295.9998779296875,1.0002609491348267,1.0000940561294556,16888.388671875,1267.70849609375,0.9995610117912292,0.9999560117721558,17168.001953125,1295.76953125,1.0000150203704834,1.0000289678573608,22895392882,6857935276,2503961407,29913541569
2022-12-02,17088.66015625,1294.3033447265625,1.0000510215759277,1.0000649690628052,17088.66015625,1294.3033447265625,1.0000510215759277,1.0000649690628052,17088.66015625,1294.3033447265625,1.0002950429916382,1.0001399517059326,16877.880859375,1269.2431640625,0.9996950030326843,1.0000170469284058,16968.68359375,1276.32861328125,1.0000120401382446,1.0000419616699219,19539705127,6213645709,2490597772,26380777290
2022-12-03,16908.236328125,1243.3348388671875,0.9999619722366333,1.00006103515625,16908.236328125,1243.3348388671875,0.9999619722366333,1.00006103515625,17116.041015625,1299.84033203125,1.0002449750900269,1.0001050233840942,16888.140625,1241.431884765625,0.9997419714927673,1.0000280141830444,17090.09765625,1294.45654296875,1.0000649690628052,1.000054955482483,16217776704,5672609405,1795238577,20609261957
2022-12-04,17130.486328125,1280.256591796875,1.0000159740447998,1.0001200437545776,17130.486328125,1280.256591796875,1.0000159740447998,1.0001200437545776,17157.767578125,1281.4923095703125,1.0002529621124268,1.000169038772583,16903.439453125,1242.9117431640625,0.999809980392456,1.0000200271606445,16908.169921875,1243.21923828125,0.999966025352478,1.00006103515625,16824520830,5174128454,1702758189,21649754992
2022-12-05,16974.826171875,1259.6767578125,1.000020980834961,1.0000540018081665,16974.826171875,1259.6767578125,1.000020980834961,1.0000540018081665,17378.15234375,1302.237548828125,1.000396966934204,1.0002050399780273,16922.431640625,1252.472412109375,0.9996790289878845,1.000040054321289,17128.89453125,1279.9989013671875,1.0001180171966553,1.0001250505447388,22209086834,6120359523,2283841749,28743587598
2022-12-06,17089.50390625,1271.65380859375,1.0000900030136108,1.0000770092010498,17089.50390625,1271.65380859375,1.0000900030136108,1.0000770092010498,17091.86328125,1271.9232177734375,1.0002549886703491,1.0001510381698608,16939.921875,1247.6298828125,0.9996700286865234,1.0000360012054443,16975.23828125,1259.854248046875,1.0000189542770386,1.0000760555267334,19889922369,5089212680,2226009116,25563996757
2022-12-07,16848.126953125,1232.4375,1.0000269412994385,1.0000020265579224,16848.126953125,1232.4375,1.0000269412994385,1.0000020265579224,17109.376953125,1272.694091796875,1.0001989603042603,1.0001219511032104,16750.55859375,1224.447998046875,0.9994980096817017,0.9999809861183167,17089.505859375,1271.5531005859375,1.0000989437103271,1.0000649690628052,19675404389,5752205180,2274813216,25829885797
2022-12-08,17233.474609375,1281.1163330078125,1.0000289678573608,1.0001269578933716,17233.474609375,1281.1163330078125,1.0000289678573608,1.0001269578933716,17267.916015625,1286.229736328125,1.0004420280456543,1.000133991241455,16788.783203125,1226.3585205078125,0.9998059868812561,0.9999819993972778,16847.349609375,1232.4517822265625,1.000035047531128,1.0000159740447998,20496603770,6227269815,2170271743,25868764140
2022-12-09,17133.15234375,1264.2847900390625,1.0000430345535278,1.0000569820404053,17133.15234375,1264.2847900390625,1.0000430345535278,1.0000569820404053,17280.546875,1290.055419921875,1.0003069639205933,1.0001569986343384,17100.8359375,1260.8187255859375,0.9997609853744507,1.0000380277633667,17232.1484375,1281.0772705078125,1.0000330209732056,1.000120997428894,20328426366,5706183865,2120225426,25000886944
2022-12-10,17128.724609375,1266.3841552734375,1.0000720024108887,1.0000460147857666,17128.724609375,1266.3841552734375,1.0000720024108887,1.0000460147857666,17216.826171875,1279.5279541015625,1.0002199411392212,1.0000879764556885,17120.68359375,1262.119873046875,0.9999129772186279,1.0000250339508057,17134.220703125,1264.37548828125,1.0000380277633667,1.00006103515625,12706781969,3282499999,1280687558,16256414916
2022-12-11,17104.193359375,1263.8685302734375,0.9999960064888,1.0000779628753662,17104.193359375,1263.8685302734375,0.9999960064888,1.0000779628753662,17245.634765625,1281.783203125,1.0003399848937988,1.0001029968261719,17091.8203125,1260.6636962890625,0.9997400045394897,1.0000330209732056,17129.7109375,1266.4178466796875,1.00006902217865,1.0000330209732056,14122486832,3362005848,1330942018,17036610394
2022-12-12,17206.4375,1274.6190185546875,1.0000959634780884,1.0001070499420166,17206.4375,1274.6190185546875,1.0000959634780884,1.0001070499420166,17212.564453125,1275.6103515625,1.0002880096435547,1.0002119541168213,16899.39453125,1243.477783203125,0.9997259974479675,1.0000239610671997,17102.5,1263.573486328125,0.9999970197677612,1.0000849962234497,19617581341,5151109364,2410188441,25872687355
2022-12-13,17781.318359375,1320.5491943359375,1.000133991241455,1.0000170469284058,17781.318359375,1320.5491943359375,1.000133991241455,1.0000170469284058,17930.0859375,1341.4393310546875,1.0005170106887817,1.0005730390548706,17111.763671875,1258.472412109375,0.9996340274810791,0.9999719858169556,17206.44140625,1274.6624755859375,1.0000959634780884,1.0001109838485718,26634741631,8812883119,3884992735,37452330494
2022-12-14,17815.650390625,1309.3287353515625,0.9999799728393555,1.0001050233840942,17815.650390625,1309.3287353515625,0.9999799728393555,1.0001050233840942,18318.53125,1346.1744384765625,1.0002809762954712,1.0001319646835327,17739.513671875,1305.8333740234375,0.9996179938316345,0.9999639987945557,17782.06640625,1320.6885986328125,1.0001349449157715,1.0000280141830444,25534481470,7830915428,3151848157,31427740393
2022-12-15,17364.865234375,1266.3538818359375,1.0000150203704834,1.0000779628753662,17364.865234375,1266.3538818359375,1.0000150203704834,1.0000779628753662,17846.744140625,1311.067138671875,1.0002490282058716,1.0001859664916992,17322.58984375,1262.6893310546875,0.9995700120925903,1.000038981437683,17813.64453125,1309.1907958984375,1.000040054321289,1.0001089572906494,20964448341,6032859783,2460794466,24979746073
2022-12-16,16647.484375,1168.2593994140625,0.9999009966850281,1.0001569986343384,16647.484375,1168.2593994140625,0.9999009966850281,1.0001569986343384,17505.525390625,1278.156982421875,1.0002460479736328,1.0001800060272217,16584.701171875,1162.1756591796875,0.9993429780006409,1.0000230073928833,17364.546875,1266.4605712890625,1.0000059604644775,1.0000770092010498,24031608960,9297811507,3154403231,31897990627
2022-12-17,16795.091796875,1188.1495361328125,1.0000200271606445,1.000161051750183,16795.091796875,1188.1495361328125,1.0000200271606445,1.000161051750183,16800.58984375,1189.0450439453125,1.0004099607467651,1.0002959966659546,16614.029296875,1165.4078369140625,0.9994029998779297,1.000072956085205,16646.982421875,1168.0667724609375,0.9998990297317505,1.000128984451294,14463581825,5077258586,2160638041,21306704152
2022-12-18,16757.9765625,1184.7152099609375,0.9997609853744507,1.000154972076416,16757.9765625,1184.7152099609375,0.9997609853744507,1.000154972076416,16815.38671875,1194.2144775390625,1.0002659559249878,1.0002199411392212,16697.8203125,1176.185791015625,0.9996330142021179,1.0000749826431274,16795.609375,1188.1285400390625,1.0000189542770386,1.000133991241455,10924354698,3350092519,1068964229,14422416298
2022-12-19,16439.6796875,1167.60986328125,1.0001909732818604,1.0000799894332886,16439.6796875,1167.60986328125,1.0001909732818604,1.0000799894332886,16807.52734375,1192.923828125,1.000249981880188,1.0002069473266602,16398.13671875,1160.377197265625,0.9993460178375244,1.000048041343689,16759.041015625,1184.75830078125,0.9997919797897339,1.0001490116119385,17221074814,4943628091,2366552622,21820408554
2022-12-20,16906.3046875,1217.70361328125,0.9999909996986389,1.0001109838485718,16906.3046875,1217.70361328125,0.9999909996986389,1.0001109838485718,17012.984375,1224.0926513671875,1.0004429817199707,1.0001989603042603,16427.8671875,1165.5994873046875,0.999763011932373,1.0000519752502441,16441.787109375,1167.8826904296875,1.000190019607544,1.0000720024108887,22722096615,6684951715,2562520190,26224288350
2022-12-21,16817.53515625,1213.5999755859375,1.0000959634780884,1.0000770092010498,16817.53515625,1213.5999755859375,1.0000959634780884,1.0000770092010498,16916.80078125,1218.1922607421875,1.0002700090408325,1.0001909732818604,16755.912109375,1206.4400634765625,0.9997360110282898,1.0000369548797607,16904.52734375,1217.58642578125,0.999987006187439,1.0000940561294556,14882945045,4217182733,1950566712,18469483242
2022-12-22,16830.341796875,1218.18212890625,1.0001100301742554,1.0000109672546387,16830.341796875,1218.18212890625,1.0001100301742554,1.0000109672546387,16866.673828125,1221.98681640625,1.0003429651260376,1.0001219511032104,16592.408203125,1187.1278076171875,0.9995059967041016,0.9999719858169556,16818.380859375,1213.672607421875,1.000040054321289,1.0000790357589722,16441573050,5297471739,1850998745,20067291688
2022-12-23,16796.953125,1220.159423828125,1.000033974647522,0.9999809861183167,16796.953125,1220.159423828125,1.000033974647522,0.9999809861183167,16905.21875,1226.998779296875,1.000270962715149,1.00006902217865,16794.458984375,1215.994873046875,0.9997860193252563,0.9999359846115112,16829.64453125,1218.079345703125,1.0001200437545776,1.0000020265579224,15329265213,4835831923,1885345751,18370924559
2022-12-24,16847.755859375,1221.1485595703125,1.0000460147857666,0.9999920129776001,16847.755859375,1221.1485595703125,1.0000460147857666,0.9999920129776001,16864.703125,1224.91162109375,1.0002340078353882,1.00006103515625,16793.52734375,1216.3387451171875,0.9999179840087891,0.9999549984931946,16796.9765625,1220.117919921875,1.000012993812561,0.9999809861183167,9744636213,2626153345,915340746,11647419533
2022-12-25,16841.986328125,1218.9620361328125,1.000082015991211,0.9999430179595947,16841.986328125,1218.9620361328125,1.000082015991211,0.9999430179595947,16860.5546875,1223.517822265625,1.0002150535583496,1.00005304813385,16755.25390625,1203.7196044921875,0.9997550249099731,0.9998930096626282,16847.505859375,1221.1715087890625,1.0000289678573608,0.9999889731407166,11656379938,3942720070,1380163674,14856104217
2022-12-26,16919.8046875,1226.974365234375,1.0001029968261719,0.9999949932098389,16919.8046875,1226.974365234375,1.0001029968261719,0.9999949932098389,16920.123046875,1226.974365234375,1.0001959800720215,1.0000200271606445,16812.369140625,1214.3359375,0.9998540282249451,0.9998940229415894,16842.25,1218.920166015625,1.0001100301742554,0.9999340176582336,11886957804,3282098400,1442718612,14986560291
2022-12-27,16717.173828125,1212.7916259765625,1.000169038772583,0.9998499751091003,16717.173828125,1212.7916259765625,1.000169038772583,0.9998499751091003,16959.845703125,1230.4180908203125,1.0002720355987549,1.0000189542770386,16642.072265625,1205.8956298828125,0.9996979832649231,0.9998279809951782,16919.291015625,1226.987060546875,1.0001039505004883,0.9999639987945557,15748580239,4091530737,1696141537,18554435182
2022-12-28,16552.572265625,1189.986083984375,1.0001850128173828,0.9996860027313232,16552.572265625,1189.986083984375,1.0001850128173828,0.9996860027313232,16768.169921875,1213.12890625,1.0002440214157104,0.9999210238456726,16497.556640625,1185.7021484375,0.999770998954773,0.9996520280838013,16716.400390625,1212.736572265625,1.0001280307769775,0.9998549818992615,17005713920,4991669631,2210122747,21161758512
2022-12-29,16642.341796875,1201.5953369140625,1.0001380443572998,0.9997349977493286,16642.341796875,1201.5953369140625,1.0001380443572998,0.9997349977493286,16651.755859375,1204.1416015625,1.0003310441970825,0.9998379945755005,16508.68359375,1188.3602294921875,0.9997829794883728,0.9995989799499512,16552.322265625,1190.0101318359375,1.0001569986343384,0.9996790289878845,14472237479,4132233940,1972864413,18567214596
2022-12-30,16602.5859375,1199.2327880859375,1.000120997428894,0.99965900182724,16602.5859375,1199.2327880859375,1.000120997428894,0.99965900182724,16643.427734375,1202.03466796875,1.0002959966659546,0.9997749924659729,16408.474609375,1187.4625244140625,0.9998520016670227,0.9996299743652344,16641.330078125,1201.569580078125,1.0001020431518555,0.9997310042381287,15929162910,4055668253,1879667314,19162959224
2022-12-31,16547.49609375,1196.771240234375,1.0000289678573608,0.9996740221977234,16547.49609375,1196.771240234375,1.0000289678573608,0.9996740221977234,16628.986328125,1205.088623046875,1.0003410577774048,0.9997789859771729,16517.51953125,1194.2037353515625,0.9998769760131836,0.9996529817581177,16603.673828125,1199.360107421875,1.0001959800720215,0.9996690154075623,11239186456,3018513333,1329559200,13466542553
2023-01-01,16625.080078125,1200.96484375,0.9999930262565613,0.9996920228004456,16625.080078125,1200.96484375,0.9999930262565613,0.9996920228004456,16630.439453125,1203.475341796875,1.0003620386123657,0.9997609853744507,16521.234375,1192.8853759765625,0.9998540282249451,0.9995669722557068,16547.9140625,1196.713623046875,1.000022053718567,0.9996799826622009,9244361700,2399674550,1197927576,11344984018
2023-01-02,16688.470703125,1214.6566162109375,0.9999889731407166,0.999770998954773,16688.470703125,1214.6566162109375,0.9999889731407166,0.999770998954773,16759.34375,1219.860595703125,1.0002169609069824,0.9998440146446228,16572.228515625,1195.2149658203125,0.9998480081558228,0.9996209740638733,16625.509765625,1201.103271484375,1.0000139474868774,0.9996880292892456,12097775227,3765758498,1562545140,16348780894
2023-01-03,16679.857421875,1214.77880859375,1.0000979900360107,0.9997590184211731,16679.857421875,1214.77880859375,1.0000979900360107,0.9997590184211731,16760.447265625,1219.0953369140625,1.000251054763794,0.9998959898948669,16622.37109375,1207.4915771484375,0.9997090101242065,0.9997220039367676,16688.84765625,1214.7440185546875,1.0000100135803223,0.9997829794883728,13903079207,3392972131,2006189065,18233713873
2023-01-04,16863.23828125,1256.526611328125,1.0000040531158447,0.999763011932373,16863.23828125,1256.526611328125,1.0000040531158447,0.999763011932373,16964.5859375,1264.8074951171875,1.0003019571304321,0.9998689889907837,16667.763671875,1213.1688232421875,0.9997379779815674,0.9997209906578064,16680.205078125,1214.7186279296875,1.0001089572906494,0.9997509717941284,18421743322,6404416893,2402538600,24715975399
2023-01-05,16836.736328125,1250.4385986328125,1.000020980834961,0.9996970295906067,16836.736328125,1250.4385986328125,1.000020980834961,0.9996970295906067,16884.021484375,1258.571533203125,1.0002169609069824,0.999904990196228,16790.283203125,1245.173095703125,0.9998059868812561,0.9996939897537231,16863.47265625,1256.484619140625,1.0000109672546387,0.999754011631012,13692758566,4001786456,2080129330,19334292777
2023-01-06,16951.96875,1269.3790283203125,1.000012993812561,0.9997379779815674,16951.96875,1269.3790283203125,1.000012993812561,0.9997379779815674,16991.994140625,1273.2203369140625,1.0003429651260376,0.9998459815979004,16716.421875,1240.947509765625,0.9997959733009338,0.9996259808540344,16836.47265625,1250.458984375,1.0000079870224,0.9997100234031677,14413662913,4977252792,2361812755,20350836697
2023-01-07,16955.078125,1264.2703857421875,0.9999819993972778,0.9998959898948669,16955.078125,1264.2703857421875,0.9999819993972778,0.9998959898948669,16975.017578125,1270.5982666015625,1.0003269910812378,0.9999070167541504,16914.19140625,1262.2711181640625,0.9998779892921448,0.9996970295906067,16952.1171875,1269.4197998046875,1.0000150203704834,0.9997320175170898,7714767174,2565213548,1570732742,11626878301
2023-01-08,17091.14453125,1287.3594970703125,1.0001959800720215,0.9999570250511169,17091.14453125,1287.3594970703125,1.0001959800720215,0.9999570250511169,17091.14453125,1287.3594970703125,1.0003639459609985,1.0000189542770386,16924.05078125,1260.226806640625,0.9998329877853394,0.9998440146446228,16954.146484375,1264.181884765625,0.9999449849128723,0.9998949766159058,9768827914,3495088905,1788498969,14853747515
2023-01-09,17196.5546875,1321.5389404296875,1.0000460147857666,0.9999989867210388,17196.5546875,1321.5389404296875,1.0000460147857666,0.9999989867210388,17389.95703125,1342.1441650390625,1.000357985496521,1.00006902217865,17093.9921875,1286.6807861328125,0.9995880126953125,0.9998999834060669,17093.9921875,1287.4508056640625,1.0002379417419434,0.9999449849128723,18624736866,7990438824,3646138496,31331363115
2023-01-10,17446.29296875,1336.5860595703125,0.999987006187439,1.000100016593933,17446.29296875,1336.5860595703125,0.999987006187439,1.000100016593933,17484.720703125,1342.7572021484375,1.0002349615097046,1.0001399517059326,17162.990234375,1318.5272216796875,0.999705970287323,0.9999210238456726,17192.94921875,1321.3955078125,1.0000050067901611,0.9999970197677612,15808338949,5830173253,2630571530,23843949758
2023-01-11,17934.896484375,1387.9327392578125,1.0001319646835327,1.0000189542770386,17934.896484375,1387.9327392578125,1.0001319646835327,1.0000189542770386,17934.896484375,1387.9327392578125,1.000383973121643,1.000161051750183,17337.994140625,1323.5831298828125,0.999701976776123,0.9999669790267944,17446.359375,1336.48681640625,1.0000079870224,1.0000940561294556,18372283782,6314904311,2801305360,25576360686
2023-01-12,18869.587890625,1417.9384765625,1.0000720024108887,1.0000920295715332,18869.587890625,1417.9384765625,1.0000720024108887,1.0000920295715332,19030.087890625,1432.28125,1.0004470348358154,1.0001499652862549,17995.203125,1378.422119140625,0.9992769956588745,0.9999650120735168,18117.59375,1405.3514404296875,1.0003199577331543,1.00006103515625,34971338710,12230193038,4571366092,41556485542
2023-01-13,19909.57421875,1451.6148681640625,1.0002470016479492,1.0002139806747437,19909.57421875,1451.6148681640625,1.0002470016479492,1.0002139806747437,19964.322265625,1461.6727294921875,1.0005379915237427,1.0002189874649048,18753.1640625,1404.02392578125,0.9996060132980347,1.0000430345535278,18868.90625,1417.9461669921875,1.000080943107605,1.000120997428894,29225029694,7684148212,3509707746,35704375577
2023-01-14,20976.298828125,1550.7069091796875,1.0000840425491333,1.0001569986343384,20976.298828125,1550.7069091796875,1.0000840425491333,1.0001569986343384,21075.142578125,1563.7391357421875,1.000784993171692,1.0004030466079712,19907.828125,1450.9884033203125,0.9993900060653687,1.0001189708709717,19910.537109375,1451.428466796875,1.000180959701538,1.0002069473266602,38967784639,15444626014,4297415658,53708266585
2023-01-15,20880.798828125,1552.4794921875,0.999925971031189,1.0003739595413208,20880.798828125,1552.4794921875,0.999925971031189,1.0003739595413208,20993.748046875,1556.9508056640625,1.0003130435943604,1.0005029439926147,20606.986328125,1520.893798828125,0.9995449781417847,1.0001139640808105,20977.484375,1550.7315673828125,1.0001050233840942,1.0001440048217773,19298407543,6774614499,2635965361,30028224816
2023-01-16,21169.6328125,1576.83349609375,0.9999619722366333,1.0001260042190552,21169.6328125,1576.83349609375,0.9999619722366333,1.0001260042190552,21360.875,1594.039794921875,1.0004949569702148,1.0004520416259766,20715.74609375,1529.5736083984375,0.9996269941329956,1.0000900030136108,20882.224609375,1552.519287109375,0.9998999834060669,1.0003479719161987,26792494050,8454485431,2899726940,35957366329
2023-01-17,21161.51953125,1567.8460693359375,0.999809980392456,1.0001029968261719,21161.51953125,1567.8460693359375,0.999809980392456,1.0001029968261719,21438.66015625,1594.0009765625,1.000357985496521,1.0002830028533936,20978.533203125,1553.3359375,0.9996179938316345,1.00006103515625,21175.833984375,1577.107421875,1.0000079870224,1.0001300573349,24999983362,7599462786,2965132328,32250868598
2023-01-18,20688.78125,1515.5069580078125,0.999845027923584,0.9999899864196777,20688.78125,1515.5069580078125,0.999845027923584,0.9999899864196777,21564.501953125,1602.106689453125,1.0006840229034424,1.000296950340271,20541.544921875,1509.4228515625,0.9993919730186462,0.9999719858169556,21161.05078125,1567.698974609375,0.9998080134391785,1.0001059770584106,30005625418,10354880595,4209476194,40496222408
2023-01-19,21086.79296875,1552.5565185546875,1.0000239610671997,1.0000230073928833,21086.79296875,1552.5565185546875,1.0000239610671997,1.0000230073928833,21163.01171875,1557.9703369140625,1.0003080368041992,1.000095009803772,20685.380859375,1514.3800048828125,0.9997429847717285,0.9999470114707947,20686.74609375,1515.2496337890625,0.9997959733009338,0.9999899864196777,21152848261,6432638856,3098920631,25966707878
2023-01-20,22676.552734375,1659.754150390625,1.0002650022506714,1.0001790523529053,22676.552734375,1659.754150390625,1.0002650022506714,1.0001790523529053,22692.357421875,1659.8857421875,1.0006810426712036,1.0002429485321045,20919.126953125,1544.9178466796875,0.9996669888496399,0.9999740123748779,21085.373046875,1552.3736572265625,1.0000419616699219,1.0000059604644775,28799154319,8528894754,3444375885,33794858528
2023-01-21,22777.625,1627.1181640625,0.9998400211334229,1.0002169609069824,22777.625,1627.1181640625,0.9998400211334229,1.0002169609069824,23282.34765625,1674.1793212890625,1.000504970550537,1.0004090070724487,22511.833984375,1626.81298828125,0.9991430044174194,1.0001280307769775,22677.427734375,1659.7060546875,1.000298023223877,1.0001829862594604,32442278429,8859250310,3742948234,40470629184
2023-01-22,22720.416015625,1628.382080078125,0.9999759793281555,1.0002340078353882,22720.416015625,1628.382080078125,0.9999759793281555,1.0002340078353882,23056.73046875,1658.0234375,1.0003859996795654,1.0002670288085938,22387.900390625,1612.085693359375,0.9994310140609741,1.0001300573349,22777.986328125,1627.365966796875,0.9998610019683838,1.000223994255066,24746386230,7517988734,3227947507,32852491605
2023-01-23,22934.431640625,1628.2510986328125,0.999858021736145,1.0002039670944214,22934.431640625,1628.2510986328125,0.999858021736145,1.0002039670944214,23126.486328125,1641.2181396484375,1.0004260540008545,1.0002460479736328,22654.3046875,1607.903076171875,0.9994230270385742,1.0000909566879272,22721.087890625,1628.55078125,0.9998369812965393,1.0002199411392212,26518700512,8264507375,3419783936,35271449760
2023-01-24,22636.46875,1556.604248046875,0.9999579787254333,1.0001300573349,22636.46875,1556.604248046875,0.9999579787254333,1.0001300573349,23134.01171875,1639.723876953125,1.0003210306167603,1.0003279447555542,22549.744140625,1551.3897705078125,0.9990890026092529,1.000082015991211,22929.626953125,1627.8482666015625,0.9998260140419006,1.0002009868621826,26405069715,8180274691,3576076257,34777970359
2023-01-25,23117.859375,1611.7110595703125,1.0000619888305664,1.0001749992370605,23117.859375,1611.7110595703125,1.0000619888305664,1.0001749992370605,23722.099609375,1632.24169921875,1.000506043434143,1.0002989768981934,22406.076171875,1530.7978515625,0.9994999766349792,1.0000929832458496,22639.267578125,1556.8074951171875,0.9999330043792725,1.000128984451294,30685366709,10598973448,4154869647,39242817276
2023-01-26,23032.77734375,1603.10595703125,0.9999600052833557,1.000082015991211,23032.77734375,1603.10595703125,0.9999600052833557,1.000082015991211,23237.078125,1626.1982421875,1.0003390312194824,1.0002690553665161,22911.373046875,1586.59814453125,0.9996280074119568,1.000059962272644,23108.955078125,1611.0809326171875,1.0000289678573608,1.0001929998397827,26357839322,8395315241,3258930502,34910787321
2023-01-27,23078.728515625,1598.156494140625,1.0000269412994385,1.000182032585144,23078.728515625,1598.156494140625,1.0000269412994385,1.000182032585144,23417.720703125,1617.0008544921875,1.0003880262374878,1.0002789497375488,22654.59375,1565.2449951171875,0.9995800256729126,1.000054955482483,23030.716796875,1603.080078125,0.9999799728393555,1.0000879764556885,25383335641,8124465373,3615689955,34658058512
2023-01-28,23031.08984375,1572.43505859375,1.0001300573349,1.0001939535140991,23031.08984375,1572.43505859375,1.0001300573349,1.0001939535140991,23165.896484375,1604.7041015625,1.0002650022506714,1.000296950340271,22908.845703125,1565.39013671875,0.9996349811553955,1.0001319646835327,23079.96484375,1598.1253662109375,0.9999819993972778,1.000175952911377,14712928379,5803653357,2554816547,23967491540
2023-01-29,23774.56640625,1646.1556396484375,1.0000009536743164,1.0000989437103271,23774.56640625,1646.1556396484375,1.0000009536743164,1.0000989437103271,23919.890625,1653.7249755859375,1.000393033027649,1.000309944152832,22985.0703125,1568.98486328125,0.99965500831604,1.0000920295715332,23031.44921875,1572.6295166015625,1.0001139640808105,1.000201940536499,27423687259,8801292300,2963258500,33570913369
2023-01-30,22840.138671875,1567.3265380859375,1.0001009702682495,1.0000929832458496,22840.138671875,1567.3265380859375,1.0001009702682495,1.0000929832458496,23789.34765625,1646.651611328125,1.0003329515457153,1.0001569986343384,22657.58203125,1546.6607666015625,0.9995030164718628,1.0000369548797607,23774.6484375,1646.147705078125,1.0000749826431274,1.0000890493392944,27205595568,9180418120,3562976035,37178895589
2023-01-31,23139.283203125,1586.535400390625,1.0000580549240112,1.0001169443130493,23139.283203125,1586.535400390625,1.0000580549240112,1.0001169443130493,23225.021484375,1598.517578125,1.000430941581726,1.000169038772583,22765.568359375,1563.8043212890625,0.9996500015258789,0.9999939799308777,22840.796875,1567.419921875,1.000020980834961,1.000080943107605,22837828665,6585191019,2960609713,31416134222
2023-02-01,23723.76953125,1641.792724609375,1.0001499652862549,1.0000979900360107,23723.76953125,1641.792724609375,1.0001499652862549,1.0000979900360107,23764.5390625,1644.7275390625,1.0007710456848145,1.0002379417419434,22877.75,1566.8572998046875,0.9995250105857849,1.000048041343689,23137.8359375,1586.4881591796875,1.0000170469284058,1.0001380443572998,26683255504,8116969489,3454788463,36688644471
2023-02-02,23471.87109375,1643.2415771484375,0.9997749924659729,1.0001399517059326,23471.87109375,1643.2415771484375,0.9997749924659729,1.0001399517059326,24167.2109375,1704.4581298828125,1.0004550218582153,1.0003279447555542,23468.595703125,1641.3226318359375,0.9993699789047241,1.0000829696655273,23720.82421875,1641.365966796875,1.000087022781372,1.0000879764556885,32066936882,10558081069,4233203635,43575657052
2023-02-03,23449.322265625,1664.74560546875,1.000035047531128,1.0001310110092163,23449.322265625,1664.74560546875,1.000035047531128,1.0001310110092163,23678.103515625,1670.6968994140625,1.000493049621582,1.00027596950531,23279.955078125,1634.223388671875,0.9996650218963623,1.0000779628753662,23469.412109375,1642.9046630859375,0.9997889995574951,1.000141978263855,27083066007,8169519805,3432403396,36792033814
2023-02-04,23331.84765625,1667.0592041015625,0.9999210238456726,1.000100016593933,23331.84765625,1667.0592041015625,0.9999210238456726,1.000100016593933,23556.94921875,1690.099609375,1.0002919435501099,1.0001620054244995,23291.794921875,1648.189208984375,0.9996690154075623,1.0000540018081665,23446.3203125,1664.4722900390625,0.9999809861183167,1.0001219511032104,15639298538,5843302512,2476218901,24493083193
2023-02-05,22955.666015625,1631.6458740234375,0.9999539852142334,1.0001980066299438,22955.666015625,1631.6458740234375,0.9999539852142334,1.0001980066299438,23423.435546875,1671.770263671875,1.0003069639205933,1.0002679824829102,22841.759765625,1616.391845703125,0.999176025390625,1.0000890493392944,23332.248046875,1667.16650390625,0.9998840093612671,1.0000929832458496,19564262605,6926696531,2929555475,30313569702
2023-02-06,22760.109375,1616.2470703125,0.9999279975891113,1.0001020431518555,22760.109375,1616.2470703125,0.9999279975891113,1.0001020431518555,23119.279296875,1653.7154541015625,1.0004589557647705,1.0002739429473877,22692.025390625,1611.319091796875,0.9995009899139404,1.0000669956207275,22954.021484375,1631.645263671875,0.9999600052833557,1.0002089738845825,23825006542,6919871886,3098238993,32088027094
2023-02-07,23264.291015625,1672.0035400390625,0.9999930262565613,1.0000770092010498,23264.291015625,1672.0035400390625,0.9999930262565613,1.0000770092010498,23310.974609375,1673.7978515625,1.0003199577331543,1.0002739429473877,22756.2578125,1614.863037109375,0.9994770288467407,1.0000300407409668,22757.267578125,1616.0096435546875,0.9998390078544617,1.0000959634780884,27187964471,8030277434,3694028407,39183502892
2023-02-08,22939.3984375,1650.716796875,1.0000120401382446,1.0001310110092163,22939.3984375,1650.716796875,1.0000120401382446,1.0001310110092163,23367.958984375,1688.5272216796875,1.000277042388916,1.0002429485321045,22731.09765625,1635.2650146484375,0.9995309710502625,1.000038981437683,23263.416015625,1671.9052734375,1.0000109672546387,1.0000879764556885,25371367758,7806089579,3602936283,39133872723
2023-02-09,21819.0390625,1546.438232421875,1.0001219511032104,1.0001590251922607,21819.0390625,1546.438232421875,1.0001219511032104,1.0001590251922607,22996.4375,1655.23486328125,1.0005019903182983,1.0002670288085938,21773.974609375,1537.1822509765625,0.9994620084762573,1.0000319480895996,22946.56640625,1651.082275390625,1.0000239610671997,1.000128984451294,32572572185,10524969124,4476731490,47895876169
2023-02-10,21651.18359375,1514.869140625,1.0000309944152832,1.0001529455184937,21651.18359375,1514.869140625,1.0000309944152832,1.0001529455184937,21941.185546875,1553.32568359375,1.000383973121643,1.0003650188446045,21539.392578125,1504.83447265625,0.9995009899139404,1.000115990638733,21819.005859375,1546.5965576171875,1.000115990638733,1.0001569986343384,27078406594,8397387897,3672886124,37581182134
2023-02-11,21870.875,1539.9267578125,0.9999769926071167,1.000162959098816,21870.875,1539.9267578125,0.9999769926071167,1.000162959098816,21891.41015625,1541.334716796875,1.0002959966659546,1.0002570152282715,21618.44921875,1510.14697265625,0.9995840191841125,1.0000900030136108,21651.841796875,1514.94189453125,1.0000050067901611,1.0002110004425049,16356226232,5064007416,2420063116,22803314101
2023-02-12,21788.203125,1515.03369140625,1.0000660419464111,1.0002100467681885,21788.203125,1515.03369140625,1.0000660419464111,1.0002100467681885,22060.994140625,1545.55419921875,1.0004570484161377,1.0002859830856323,21682.828125,1501.4620361328125,0.9995880126953125,1.000108003616333,21870.90234375,1539.7760009765625,0.9999780058860779,1.0001469850540161,17821046406,5319698775,2523403098,24662650244
2023-02-13,21808.1015625,1507.1658935546875,1.000095009803772,1.000933051109314,21808.1015625,1507.1658935546875,1.000095009803772,1.000933051109314,21898.4140625,1524.7314453125,1.0003880262374878,1.0024960041046143,21460.087890625,1470.02392578125,0.9994300007820129,1.0001670122146606,21787.0,1514.9169921875,1.000133991241455,1.0002130270004272,23918742607,9363855114,4929525447,41054083637
2023-02-14,22220.8046875,1556.8751220703125,1.0000569820404053,1.0004040002822876,22220.8046875,1556.8751220703125,1.0000569820404053,1.0004040002822876,22293.140625,1562.0343017578125,1.0005340576171875,1.0011340379714966,21632.39453125,1497.1944580078125,0.9995620250701904,1.0003550052642822,21801.822265625,1506.9920654296875,1.0001120567321777,1.0009230375289917,26792596581,9249575045,4219254344,40374822815
2023-02-15,24307.841796875,1673.7459716796875,1.0000710487365723,1.0002180337905884,24307.841796875,1673.7459716796875,1.0000710487365723,1.0002180337905884,24307.841796875,1674.289794921875,1.0005029439926147,1.0005470514297485,22082.76953125,1545.689697265625,0.9996439814567566,1.000177025794983,22220.5859375,1556.76513671875,1.0000660419464111,1.000404953956604,32483312909,10015035156,4265639806,44524116301
2023-02-16,23623.474609375,1640.067626953125,0.999858021736145,1.000162959098816,23623.474609375,1640.067626953125,0.999858021736145,1.000162959098816,25134.1171875,1732.8011474609375,1.0004359483718872,1.0003160238265991,23602.5234375,1638.1455078125,0.9994789958000183,1.0000940561294556,24307.349609375,1673.867431640625,1.0000109672546387,1.0002249479293823,39316664596,12704861676,5620785014,57045633961
2023-02-17,24565.6015625,1694.7833251953125,0.99993497133255,1.0002210140228271,24565.6015625,1694.7833251953125,0.99993497133255,1.0002210140228271,24924.041015625,1716.7818603515625,1.0004910230636597,1.0002440214157104,23460.755859375,1636.173828125,0.9995660185813904,1.0001009702682495,23621.283203125,1640.2801513671875,0.9998310208320618,1.000162959098816,41358451255,9802443159,4696979332,53478834233
2023-02-18,24641.27734375,1691.8194580078125,0.9998869895935059,1.000182032585144,24641.27734375,1691.8194580078125,0.9998869895935059,1.000182032585144,24798.8359375,1705.30908203125,1.0003060102462769,1.0003310441970825,24468.373046875,1683.670166015625,0.9997239708900452,1.0001449584960938,24565.296875,1694.7418212890625,0.9999840259552002,1.0002150535583496,19625427158,5491437195,2724755647,30777314971
2023-02-19,24327.642578125,1681.4361572265625,0.9998970031738281,1.000236988067627,24327.642578125,1681.4361572265625,0.9998970031738281,1.000236988067627,25093.0546875,1718.9476318359375,1.000288963317871,1.0002909898757935,24327.642578125,1673.9066162109375,0.9994670152664185,1.000154972076416,24640.02734375,1691.68017578125,0.9999799728393555,1.000180959701538,25555105670,6959144003,3217361040,39281755451
2023-02-20,24829.1484375,1702.6751708984375,1.000143051147461,1.0001870393753052,24829.1484375,1702.6751708984375,1.000143051147461,1.0001870393753052,25020.458984375,1716.4893798828125,1.0003210306167603,1.0002830028533936,23927.91015625,1659.2950439453125,0.9994739890098572,1.0001169443130493,24336.623046875,1682.3370361328125,0.9999619722366333,1.0002479553222656,28987376573,7703604237,3456245956,44403471554
2023-02-21,24436.353515625,1658.036376953125,1.0000640153884888,1.0001319646835327,24436.353515625,1658.036376953125,1.0000640153884888,1.0001319646835327,25126.8515625,1714.28564453125,1.0002100467681885,1.0002230405807495,24200.36328125,1642.396728515625,0.9995129704475403,1.0000779628753662,24833.048828125,1702.7978515625,1.000120997428894,1.000180959701538,31252098714,8721608198,4145675499,45397558230
2023-02-22,24188.84375,1643.231689453125,1.0001449584960938,1.0000989437103271,24188.84375,1643.231689453125,1.0001449584960938,1.0000989437103271,24472.33984375,1663.996826171875,1.0003880262374878,1.0003679990768433,23644.318359375,1604.8033447265625,0.9995899796485901,1.000067949295044,24437.41796875,1658.1409912109375,1.0000970363616943,1.0001460313796997,30199996781,9189387004,4388750217,43805622619
2023-02-23,23947.4921875,1651.0738525390625,1.0000829696655273,1.0001239776611328,23947.4921875,1651.0738525390625,1.0000829696655273,1.0001239776611328,24572.08984375,1674.6015625,1.0004359483718872,1.000216007232666,23693.919921875,1632.566162109375,0.999517023563385,1.0000590085983276,24190.71875,1643.298583984375,1.0001529455184937,1.0000959634780884,30476264066,9013236167,4056250193,40733371959
2023-02-24,23198.126953125,1608.3731689453125,1.0000449419021606,1.0000699758529663,23198.126953125,1608.3731689453125,1.0000449419021606,1.0000699758529663,24103.705078125,1661.09130859375,1.0003340244293213,1.0002269744873047,23007.072265625,1583.1478271484375,0.9994310140609741,1.0000250339508057,23946.0078125,1650.8951416015625,1.0000760555267334,1.0001169443130493,26811744928,8909129423,4261268706,39747788121
2023-02-25,23175.375,1594.9149169921875,1.0002870559692383,1.0001319646835327,23175.375,1594.9149169921875,1.0002870559692383,1.0001319646835327,23210.2109375,1608.8651123046875,1.0002870559692383,1.0001749992370605,22861.55859375,1567.6317138671875,0.9996659755706787,1.0000499486923218,23200.125,1608.6583251953125,1.0000560283660889,1.0000720024108887,16100721565,5657686235,2686817523,25281973906
2023-02-26,23561.212890625,1640.817138671875,1.0001360177993774,1.000087022781372,23561.212890625,1640.817138671875,1.0001360177993774,1.000087022781372,23654.3671875,1645.2734375,1.0003080368041992,1.000175952911377,23084.220703125,1590.39306640625,0.9996790289878845,1.0000519752502441,23174.150390625,1594.7611083984375,1.0001139640808105,1.0001319646835327,16644534842,5727967432,2507543870,23103836401
2023-02-27,23522.87109375,1634.326416015625,1.0000749826431274,1.0001749992370605,23522.87109375,1634.326416015625,1.0000749826431274,1.0001749992370605,23857.890625,1662.57568359375,1.000465989112854,1.0001959800720215,23205.87890625,1615.387939453125,0.9996309876441956,1.000046968460083,23561.451171875,1640.763671875,1.0001250505447388,1.0000799894332886,22660763494,7239824677,3267016287,31170898346
2023-02-28,23147.353515625,1605.8951416015625,0.9998760223388672,1.0001540184020996,23147.353515625,1605.8951416015625,0.9998760223388672,1.0001540184020996,23585.384765625,1644.435791015625,1.0002549886703491,1.0002549886703491,23077.650390625,1602.4281005859375,0.9995790123939514,1.0000779628753662,23521.837890625,1634.50244140625,1.0000799894332886,1.0001399517059326,20535363434,6323676957,3109767982,29878544329
2023-03-01,23646.55078125,1663.4337158203125,1.0001460313796997,1.0001440048217773,23646.55078125,1663.4337158203125,1.0001460313796997,1.0001440048217773,23880.6328125,1663.4337158203125,1.0003290176391602,1.0003230571746826,23088.626953125,1601.548583984375,0.9997010231018066,1.0000699758529663,23150.9296875,1606.0404052734375,0.9999229907989502,1.000169038772583,24662841200,7701847224,3676550737,33994082293
2023-03-02,23475.466796875,1647.3193359375,1.0002950429916382,1.0000909566879272,23475.466796875,1647.3193359375,1.0002950429916382,1.0000909566879272,23739.138671875,1672.0511474609375,1.0006099939346313,1.0003210306167603,23245.021484375,1622.5999755859375,0.9993919730186462,1.0000230073928833,23647.01953125,1663.549072265625,1.0000629425048828,1.0001319646835327,20386398516,7080950926,3569810686,28824873446
2023-03-03,22362.6796875,1569.1676025390625,1.0,1.000100016593933,22362.6796875,1569.1676025390625,1.0,1.000100016593933,23479.34765625,1648.475341796875,1.0004899501800537,1.0003600120544434,22213.23828125,1552.4515380859375,0.9993699789047241,1.0000580549240112,23476.6328125,1647.5577392578125,1.0003180503845215,1.0000849962234497,26062404610,9922240199,4111203947,37747411845
2023-03-04,22353.349609375,1566.9239501953125,1.000048041343689,1.0001139640808105,22353.349609375,1566.9239501953125,1.000048041343689,1.0001139640808105,22405.177734375,1575.63720703125,1.0002820491790771,1.0002429485321045,22198.98046875,1551.73681640625,0.9996579885482788,1.0000720024108887,22362.923828125,1569.278076171875,0.9999799728393555,1.0000979900360107,11166012913,4389045367,2215392974,18409338907
2023-03-05,22435.513671875,1564.46875,1.0000100135803223,1.0001070499420166,22435.513671875,1564.46875,1.0000100135803223,1.0001070499420166,22613.685546875,1584.2088623046875,1.0003600120544434,1.0002379417419434,22307.142578125,1559.9541015625,0.9996079802513123,1.00005304813385,22354.14453125,1567.1793212890625,1.000054955482483,1.0001189708709717,13317001733,5020886238,2396832193,19088160147
2023-03-06,22429.7578125,1567.398681640625,0.9999529719352722,1.0000109672546387,22429.7578125,1567.398681640625,0.9999529719352722,1.0000109672546387,22584.29296875,1579.456298828125,1.0002390146255493,1.0001670122146606,22331.314453125,1557.363525390625,0.9996610283851624,0.9999740123748779,22436.81640625,1564.3831787109375,1.0000380277633667,1.0000979900360107,17353192895,5245153345,2954077279,24736796655
2023-03-07,22219.76953125,1561.93310546875,1.000080943107605,1.000012993812561,22219.76953125,1561.93310546875,1.000080943107605,1.000012993812561,22527.41796875,1579.1622314453125,1.00040602684021,1.000080943107605,22011.26171875,1543.1275634765625,0.9996680021286011,0.9999359846115112,22428.322265625,1567.4246826171875,0.9999489784240723,1.0000170469284058,22765452204,6854058349,3567136291,31500223933
2023-03-08,21718.080078125,1534.0882568359375,0.9998689889907837,1.0000070333480835,21718.080078125,1534.0882568359375,0.9998689889907837,1.0000070333480835,22268.896484375,1568.17529296875,1.0003290176391602,1.000048041343689,21708.05078125,1534.0882568359375,0.999638020992279,0.9999629855155945,22216.44140625,1561.9779052734375,1.0000909566879272,1.0000159740447998,22536575684,7130327525,3259552390,31323198703
2023-03-09,20363.021484375,1438.6607666015625,1.0000079870224,0.9999859929084778,20363.021484375,1438.6607666015625,1.0000079870224,0.9999859929084778,21802.716796875,1544.1083984375,1.000257968902588,1.0000430345535278,20210.306640625,1423.2647705078125,0.9993749856948853,0.9998160004615784,21720.080078125,1534.0316162109375,0.9998459815979004,1.0000059604644775,30364664171,9457897583,3762826045,41653343124
2023-03-10,20187.244140625,1429.1580810546875,0.9994789958000183,1.003046989440918,20187.244140625,1429.1580810546875,0.9994789958000183,1.003046989440918,20370.595703125,1438.7601318359375,1.0009150505065918,1.0034199953079224,19628.25390625,1378.525390625,0.9992179870605469,0.9998660087585449,20367.001953125,1438.7601318359375,1.0000009536743164,0.9999790191650391,39578257695,12665194936,7610706906,55191206438
2023-03-11,20632.41015625,1482.61669921875,0.9714999794960022,1.0076899528503418,20632.41015625,1482.61669921875,0.9714999794960022,1.0076899528503418,20792.525390625,1484.136962890625,1.0000669956207275,1.029628038406372,20068.66015625,1428.72314453125,0.8773999810218811,1.0027960538864136,20187.876953125,1429.100830078125,0.9994699954986572,1.0030250549316406,30180288176,14917080154,26682206827,65038416671
2023-03-12,22163.94921875,1590.29296875,0.9920690059661865,1.0071489810943604,22163.94921875,1590.29296875,0.9920690059661865,1.0071489810943604,22185.03125,1607.152587890625,0.9954249858856201,1.0162919759750366,20448.806640625,1461.6109619140625,0.9470130205154419,1.00593900680542,20628.029296875,1482.431884765625,0.9682999849319458,1.0076899528503418,29279035521,11480965122,9955867537,48442153750
2023-03-13,24197.533203125,1680.3089599609375,0.998947024345398,1.0038700103759766,24197.533203125,1680.3089599609375,0.998947024345398,1.0038700103759766,24550.837890625,1699.9117431640625,1.0002779960632324,1.0115959644317627,21918.19921875,1572.07470703125,0.9880359768867493,1.0012919902801514,22156.40625,1590.8311767578125,0.9911580085754395,1.0073659420013428,49466362688,15711468959,9184314805,72852500939
2023-03-14,24746.07421875,1703.507080078125,0.9991790056228638,1.0032470226287842,24746.07421875,1703.507080078125,0.9991790056228638,1.0032470226287842,26514.716796875,1779.9178466796875,1.000087022781372,1.0064820051193237,24081.18359375,1665.90234375,0.9975619912147522,1.001852035522461,24201.765625,1680.2952880859375,0.9991289973258972,1.0040520429611206,54622230164,16159781303,7814525316,74778462453
2023-03-15,24375.9609375,1656.1805419921875,1.0001840591430664,1.0039459466934204,24375.9609375,1656.1805419921875,1.0001840591430664,1.0039459466934204,25240.615234375,1721.0792236328125,1.0007799863815308,1.0054069757461548,23964.91015625,1616.63037109375,0.9978529810905457,1.001278042793274,24770.92578125,1705.18994140625,0.999131977558136,1.0031709671020508,43655701450,12715339905,7297504595,62575628923
2023-03-16,25052.7890625,1677.2154541015625,0.9999610185623169,1.0021339654922485,25052.7890625,1677.2154541015625,0.9999610185623169,1.0021339654922485,25190.326171875,1693.1392822265625,1.0006439685821533,1.0044480562210083,24225.111328125,1639.26171875,0.9990609884262085,1.0011290311813354,24373.45703125,1656.33203125,1.0000890493392944,1.0039459466934204,33866061747,9364980166,5813165153,46345690965
2023-03-17,27423.9296875,1792.485107421875,1.0000449419021606,1.0023260116577148,27423.9296875,1792.485107421875,1.0000449419021606,1.0023260116577148,27787.8125,1799.343994140625,1.000877022743225,1.0037189722061157,24955.169921875,1667.1318359375,0.9988660216331482,1.0008039474487305,25055.123046875,1677.2967529296875,1.0000109672546387,1.0021779537200928,50730261335,12467445117,6804547128,61866017598
2023-03-18,26965.87890625,1761.65966796875,0.9995020031929016,1.0023369789123535,26965.87890625,1761.65966796875,0.9995020031929016,1.0023369789123535,27725.953125,1840.3575439453125,1.0005970001220703,1.0035849809646606,26636.26171875,1751.2628173828125,0.9984049797058105,1.0011390447616577,27448.1171875,1793.5924072265625,0.999888002872467,1.002197027206421,35723036817,10317822213,4862447405,47735900216
2023-03-19,28038.67578125,1785.5765380859375,0.999845027923584,1.0030070543289185,28038.67578125,1785.5765380859375,0.999845027923584,1.0030070543289185,28440.560546875,1843.8441162109375,1.000480055809021,1.003424048423767,26907.716796875,1762.9632568359375,0.9984229803085327,1.001168966293335,26969.50390625,1762.9632568359375,0.9997119903564453,1.0023690462112427,37769448859,9170565472,4030817576,44405090365
2023-03-20,27767.236328125,1735.3212890625,0.997979998588562,1.0017900466918945,27767.236328125,1735.3212890625,0.997979998588562,1.0017900466918945,28527.724609375,1807.7252197265625,1.0004019737243652,1.003801941871643,27242.880859375,1728.103759765625,0.9973899722099304,1.0009759664535522,28041.6015625,1785.416259765625,0.9999529719352722,1.003046989440918,44774027664,10978325507,6812088662,54497686907
2023-03-21,28175.81640625,1806.7607421875,0.9985259771347046,1.0015360116958618,28175.81640625,1806.7607421875,0.9985259771347046,1.0015360116958618,28439.5625,1836.28857421875,1.0000749826431274,1.0035560131072998,27439.646484375,1725.00732421875,0.9964489936828613,0.9999799728393555,27768.392578125,1735.617919921875,0.9979220032691956,1.0018080472946167,36102192830,10758627746,5061226074,49904460369
2023-03-22,27307.4375,1737.717041015625,0.9991239905357361,1.0018789768218994,27307.4375,1737.717041015625,0.9991239905357361,1.0018789768218994,28803.3359375,1821.458251953125,0.9998589754104614,1.002835988998413,26759.99609375,1717.76513671875,0.9969660043716431,0.9996399879455566,28158.720703125,1804.95703125,0.9985899925231934,1.0014979839324951,33382021890,12484103560,6207409133,50711682141
2023-03-23,28333.97265625,1816.4051513671875,0.9990370273590088,1.0009599924087524,28333.97265625,1816.4051513671875,0.9990370273590088,1.0009599924087524,28729.84375,1853.8880615234375,1.0000410079956055,1.003147006034851,27183.36328125,1732.524658203125,0.9975429773330688,0.99993497133255,27301.95703125,1737.140869140625,0.9991179704666138,1.0019170045852661,24220433689,11012966854,6139163965,39641340671
2023-03-24,27493.28515625,1752.0447998046875,0.999862015247345,1.0012589693069458,27493.28515625,1752.0447998046875,0.999862015247345,1.0012589693069458,28388.4375,1819.935302734375,1.000169038772583,1.0017189979553223,27039.265625,1730.3494873046875,0.9983180165290833,1.0000269412994385,28324.111328125,1815.81982421875,0.9991829991340637,1.0011800527572632,25980310960,10913669383,5536710750,40600299923
2023-03-25,27494.70703125,1743.7647705078125,0.9997360110282898,1.0008480548858643,27494.70703125,1743.7647705078125,0.9997360110282898,1.0008480548858643,27791.826171875,1762.674560546875,1.0001959800720215,1.0016659498214722,27196.234375,1716.6519775390625,0.9990990161895752,1.000251054763794,27487.337890625,1751.469482421875,0.9997329711914062,1.001147985458374,13383005987,6614309912,3630877871,22544554979
2023-03-26,27994.330078125,1775.6767578125,0.9998850226402283,1.000892996788025,27994.330078125,1775.6767578125,0.9998850226402283,1.000892996788025,28178.14453125,1797.8802490234375,1.0001929998397827,1.0011969804763794,27445.046875,1741.182861328125,0.9993289709091187,1.0001070499420166,27495.5234375,1743.8421630859375,0.9997919797897339,1.0009039640426636,13878363192,6990313307,3302521189,21431041962
2023-03-27,27139.888671875,1715.4608154296875,0.9996839761734009,1.0002330541610718,27139.888671875,1715.4608154296875,0.9996839761734009,1.0002330541610718,28037.92578125,1781.3792724609375,1.0001879930496216,1.0010650157928467,26606.689453125,1690.5166015625,0.9989420175552368,0.9997339844703674,27994.068359375,1775.4813232421875,0.9997469782829285,1.000723958015442,18188895178,8585750760,4510405294,29216004744
2023-03-28,27268.130859375,1772.78564453125,0.9998840093612671,1.0003069639205933,27268.130859375,1772.78564453125,0.9998840093612671,1.0003069639205933,27460.71875,1791.1109619140625,1.0003520250320435,1.0005929470062256,26677.818359375,1702.564697265625,0.9991850256919861,0.9996050000190735,27132.888671875,1715.327392578125,0.9995419979095459,1.000046968460083,17783600385,8346890042,4167400927,27305773765
2023-03-29,28348.44140625,1793.0018310546875,0.9998109936714172,0.9999889731407166,28348.44140625,1793.0018310546875,0.9998109936714172,0.9999889731407166,28619.54296875,1825.6009521484375,1.000319004058838,1.0006940364837646,27259.662109375,1772.89990234375,0.9989280104637146,0.9991160035133362,27267.03125,1772.89990234375,0.9997919797897339,1.0001800060272217,20684945906,9136176952,4219185140,32050016572
2023-03-30,28033.5625,1792.7371826171875,1.0000089406967163,1.0000929832458496,28033.5625,1792.7371826171875,1.0000089406967163,1.0000929832458496,29159.90234375,1827.2802734375,1.0003340244293213,1.0006959438323975,27720.16015625,1766.2489013671875,0.9991539716720581,0.9994580149650574,28350.140625,1793.345947265625,0.9999079704284668,1.0000879764556885,22435349951,9724496987,4893829473,34935146979
2023-03-31,28478.484375,1822.0220947265625,0.999783992767334,1.0001239776611328,28478.484375,1822.0220947265625,0.999783992767334,1.0001239776611328,28639.896484375,1844.6773681640625,1.0002859830856323,1.0006380081176758,27583.71484375,1783.1422119140625,0.9994770288467407,0.9996330142021179,28032.26171875,1793.6201171875,0.9999579787254333,1.00006103515625,19001327598,9149379763,4103572101,29809423853
2023-04-01,28411.03515625,1813.860595703125,0.9997860193252563,1.0003010034561157,28411.03515625,1813.860595703125,0.9997860193252563,1.0003010034561157,28802.45703125,1840.173095703125,1.0002809762954712,1.0006849765777588,28297.171875,1811.1185302734375,0.9994509816169739,0.9997190237045288,28473.33203125,1821.704345703125,0.9996820092201233,1.0000779628753662,10876469901,5556443606,2593064644,19879792202
2023-04-02,28199.30859375,1795.7081298828125,0.9997419714927673,1.000236988067627,28199.30859375,1795.7081298828125,0.9997419714927673,1.000236988067627,28518.958984375,1824.328857421875,1.0000569820404053,1.0006380081176758,27884.087890625,1774.8724365234375,0.9991919994354248,0.9997299909591675,28462.845703125,1821.192138671875,0.9996510148048401,1.0002080202102661,12284641999,6199721188,2930085933,21255417929
2023-04-03,27790.220703125,1810.297119140625,0.9998559951782227,1.0001829862594604,27790.220703125,1810.297119140625,0.9998559951782227,1.0001829862594604,28475.623046875,1839.1578369140625,1.0004899501800537,1.0008230209350586,27276.720703125,1765.5189208984375,0.9992740154266357,0.9996259808540344,28183.080078125,1794.9224853515625,0.9999120235443115,1.000359058380127,19556501327,9643826401,4466068651,33940605510
2023-04-04,28168.08984375,1871.005126953125,0.9998170137405396,1.0002139806747437,28168.08984375,1871.005126953125,0.9998170137405396,1.0002139806747437,28433.7421875,1886.5946044921875,1.000195026397705,1.0007810592651367,27681.3046875,1802.9554443359375,0.9990329742431641,0.9991959929466248,27795.2734375,1810.14208984375,0.9996259808540344,0.9999629855155945,15284538859,10398322335,4031916462,28651211704
2023-04-05,28177.984375,1909.114013671875,0.9997659921646118,1.0001300573349,28177.984375,1909.114013671875,0.9997659921646118,1.0001300573349,28739.23828125,1937.49755859375,1.0002299547195435,1.0005300045013428,27843.763671875,1865.94189453125,0.9992600083351135,0.9995570182800293,28169.7265625,1870.965087890625,0.9997239708900452,1.0001699924468994,17052315986,10319231689,4169747376,29374587800
2023-04-06,28044.140625,1872.922607421875,0.9999960064888,1.0005539655685425,28044.140625,1872.922607421875,0.9999960064888,1.0005539655685425,28178.384765625,1909.271728515625,1.0002050399780273,1.000749945640564,27738.759765625,1857.0850830078125,0.9992809891700745,0.9996179938316345,28175.2265625,1909.1435546875,0.9998329877853394,1.0001649856567383,13837809380,8263191830,3814620125,23758252949
2023-04-07,27925.859375,1865.6361083984375,1.000054955482483,1.0006330013275146,27925.859375,1865.6361083984375,1.000054955482483,1.0006330013275146,28111.59375,1882.2991943359375,1.0002930164337158,1.0009989738464355,27794.03125,1845.993896484375,0.99891197681427,0.9995719790458679,28038.966796875,1872.734130859375,0.9998469948768616,1.000357985496521,10861680497,8356130492,2903250734,19099660090
2023-04-08,27947.794921875,1849.4981689453125,0.9998189806938171,1.0004240274429321,27947.794921875,1849.4981689453125,0.9998189806938171,1.0004240274429321,28159.86328125,1879.1077880859375,1.0003299713134766,1.0009649991989136,27883.38671875,1848.87548828125,0.9994369745254517,0.9999809861183167,27920.513671875,1864.6790771484375,0.9999099969863892,1.0004839897155762,9373255556,5016362733,2282839968,18174194744
2023-04-09,28333.05078125,1859.3878173828125,0.9997450113296509,1.000458002090454,28333.05078125,1859.3878173828125,0.9997450113296509,1.000458002090454,28532.830078125,1873.057373046875,1.000404953956604,1.000967025756836,27828.48046875,1828.7000732421875,0.9993680119514465,0.9998729825019836,27952.3671875,1849.6722412109375,0.9998850226402283,1.0004550218582153,12175322951,6361497715,2572735226,19753710646
2023-04-10,29652.98046875,1911.20751953125,0.9997169971466064,1.0004370212554932,29652.98046875,1911.20751953125,0.9997169971466064,1.0004370212554932,29771.46484375,1917.3001708984375,1.000309944152832,1.0011299848556519,28189.271484375,1848.1641845703125,0.9993150234222412,0.9998930096626282,28336.02734375,1859.7412109375,0.9998700022697449,1.0005170106887817,19282400094,8380134275,3782006070,27938130200
2023-04-11,30235.05859375,1892.189697265625,1.0000120401382446,1.0010299682617188,30235.05859375,1892.189697265625,1.0000120401382446,1.0010299682617188,30509.083984375,1936.728271484375,1.0003249645233154,1.001127004623413,29609.30078125,1886.5341796875,0.9990329742431641,0.9999520182609558,29653.6796875,1911.3758544921875,0.9997869729995728,1.000493049621582,20121259843,8877222956,4226589595,30207674345
2023-04-12,30139.052734375,1920.68212890625,0.9998530149459839,1.0007209777832031,30139.052734375,1920.68212890625,0.9998530149459839,1.0007209777832031,30462.48046875,1929.8812255859375,1.0003429651260376,1.0015300512313843,29725.57421875,1860.036865234375,0.9992319941520691,1.0000289678573608,30231.58203125,1891.94970703125,0.9998959898948669,1.0009599924087524,18651929926,11010714187,4455109085,30471411545
2023-04-13,30399.06640625,2012.6346435546875,0.9998990297317505,1.0009770393371582,30399.06640625,2012.6346435546875,0.9998990297317505,1.0009770393371582,30539.845703125,2022.150146484375,1.0002989768981934,1.0014679431915283,29878.623046875,1901.8603515625,0.999243974685669,1.0002349615097046,29892.740234375,1917.6983642578125,0.9994860291481018,1.0002379417419434,17487721001,12546950499,4497996156,30853738919
2023-04-14,30485.69921875,2101.635498046875,0.9999610185623169,1.000722050666809,30485.69921875,2101.635498046875,0.9999610185623169,1.000722050666809,31005.607421875,2126.316650390625,1.0004329681396484,1.0013359785079956,30044.498046875,2011.5032958984375,0.9990360140800476,0.99993497133255,30409.5625,2013.9306640625,1.0000239610671997,1.0010590553283691,22659995079,16298099411,6483808260,43263085148
2023-04-15,30318.49609375,2092.466796875,0.999875009059906,1.0007799863815308,30318.49609375,2092.466796875,0.999875009059906,1.0007799863815308,30601.740234375,2111.075439453125,1.0003219842910767,1.001289963722229,30245.8828125,2076.5107421875,0.9993690252304077,1.0002919435501099,30490.75,2101.616455078125,0.9999030232429504,1.0007950067520142,11940685378,8036468153,3570934315,23715727388
2023-04-16,30315.35546875,2120.005859375,0.9997050166130066,1.0005359649658203,30315.35546875,2120.005859375,0.9997050166130066,1.0005359649658203,30555.537109375,2137.445068359375,1.0002180337905884,1.001188039779663,30157.83203125,2076.83203125,0.998947024345398,0.9997410178184509,30315.9765625,2092.281005859375,0.9998030066490173,1.0006970167160034,12854816417,7898126856,3945942527,24405645675
2023-04-17,29445.044921875,2076.242919921875,0.9998649954795837,1.0005300045013428,29445.044921875,2076.242919921875,0.9998649954795837,1.0005300045013428,30319.197265625,2120.113525390625,1.000120997428894,1.0010240077972412,29275.37109375,2063.03857421875,0.9991779923439026,0.9999139904975891,30317.146484375,2120.001220703125,0.9996209740638733,1.0004099607467651,17872186762,9648882546,4388563239,32406207872
2023-04-18,30397.552734375,2104.537353515625,1.0000309944152832,1.0004080533981323,30397.552734375,2104.537353515625,1.0000309944152832,1.0004080533981323,30470.302734375,2121.531494140625,1.0003750324249268,1.0008749961853027,29154.849609375,2057.65380859375,0.9996359944343567,0.9998819828033447,29449.091796875,2075.855224609375,0.9999579787254333,1.0006400346755981,19480529496,9134015143,4416719010,32344221199
2023-04-19,28822.6796875,1936.4034423828125,1.0000510215759277,1.0005589723587036,28822.6796875,1936.4034423828125,1.0000510215759277,1.0005589723587036,30411.0546875,2104.857177734375,1.0003089904785156,1.000993013381958,28669.8984375,1928.5828857421875,0.9990400075912476,0.9999420046806335,30394.1875,2103.9462890625,1.0000499486923218,1.0004390478134155,24571565421,13779745451,5954252197,42801912254
2023-04-20,28245.98828125,1943.09765625,1.0001640319824219,1.0002210140228271,28245.98828125,1943.09765625,1.0001640319824219,1.0002210140228271,29076.400390625,1979.5733642578125,1.0004509687423706,1.0009900331497192,28037.2578125,1918.1328125,0.9994590282440186,0.9996539950370789,28823.68359375,1936.41796875,0.9998739957809448,1.0003279447555542,21340360360,11324135406,5370179003,36282233270
2023-04-21,27276.91015625,1849.9998779296875,1.00033700466156,1.000141978263855,27276.91015625,1849.9998779296875,1.00033700466156,1.000141978263855,28349.96875,1955.649169921875,1.0008080005645752,1.0006250143051147,27177.365234375,1827.7889404296875,0.9997460246086121,0.999468982219696,28249.23046875,1943.409912109375,1.000161051750183,1.0002440214157104,20759504330,12044274581,5485001575,34553496031
2023-04-22,27817.5,1874.2286376953125,1.0001070499420166,1.0001850128173828,27817.5,1874.2286376953125,1.0001070499420166,1.0001850128173828,27872.142578125,1886.7816162109375,1.0007599592208862,1.0008679628372192,27169.5703125,1845.8492431640625,0.999800980091095,0.9995869994163513,27265.89453125,1849.2864990234375,1.0003360509872437,1.0001399517059326,13125734602,6970642726,3371754245,20337083601
2023-04-23,27591.384765625,1862.06201171875,0.9998940229415894,1.0000230073928833,27591.384765625,1862.06201171875,0.9998940229415894,1.0000230073928833,27820.244140625,1882.229736328125,1.000493049621582,1.0007719993591309,27400.314453125,1838.992431640625,0.9995419979095459,0.9996979832649231,27816.14453125,1874.1715087890625,1.0000640153884888,1.0001389980316162,12785446832,6607451862,3475533157,19881820238
2023-04-24,27525.33984375,1842.7574462890625,1.0000419616699219,1.000120997428894,27525.33984375,1842.7574462890625,1.0000419616699219,1.000120997428894,27979.982421875,1888.1937255859375,1.0004429817199707,1.0008000135421753,27070.849609375,1811.7921142578125,0.999547004699707,0.9996680021286011,27591.73046875,1862.0853271484375,0.9999200105667114,1.0000269412994385,17703288330,8438191338,4393039848,25519663344
2023-04-25,28307.59765625,1866.753662109375,1.0,1.0001590251922607,28307.59765625,1866.753662109375,1.0,1.0001590251922607,28371.078125,1877.4849853515625,1.0003770589828491,1.000486969947815,27207.931640625,1805.3228759765625,0.9996129870414734,0.9996910095214844,27514.873046875,1842.204345703125,0.9999549984931946,1.0001059770584106,17733373139,8677255481,4849844618,25931247322
2023-04-26,28422.701171875,1866.564208984375,0.9998840093612671,1.0002820491790771,28422.701171875,1866.564208984375,0.9998840093612671,1.0002820491790771,29995.837890625,1962.567626953125,1.0006510019302368,1.0008959770202637,27324.548828125,1792.4638671875,0.9995740056037903,0.999584972858429,28300.05859375,1866.14892578125,0.9998779892921448,1.0000790357589722,31854242019,14356524696,6469260029,43664074716
2023-04-27,29473.787109375,1908.786376953125,0.9996820092201233,0.9999650120735168,29473.787109375,1908.786376953125,0.9996820092201233,0.9999650120735168,29871.546875,1936.9451904296875,1.0005249977111816,1.0007679462432861,28402.88671875,1863.14794921875,0.9993339776992798,0.9994580149650574,28428.46484375,1866.6932373046875,1.0000510215759277,1.0004509687423706,27153445027,14008145806,5592517130,35809974908
2023-04-28,29340.26171875,1892.5128173828125,0.9998949766159058,1.0006959438323975,29340.26171875,1892.5128173828125,0.9998949766159058,1.0006959438323975,29572.791015625,1923.19921875,1.0003219842910767,1.000967025756836,28929.609375,1876.2918701171875,0.9994829893112183,0.999875009059906,29481.013671875,1909.2730712890625,0.9998599886894226,1.0002330541610718,17544464887,7691759733,4103487467,27117912216
2023-04-29,29248.48828125,1908.9169921875,0.999983012676239,1.000601053237915,29248.48828125,1908.9169921875,0.999983012676239,1.000601053237915,29452.455078125,1916.9737548828125,1.0002210140228271,1.0009410381317139,29088.04296875,1887.990478515625,0.999692976474762,1.0002429485321045,29336.56640625,1892.5650634765625,0.9998720288276672,1.0007610321044922,10662634333,4796651246,2544777872,16553983401
2023-04-30,29268.806640625,1876.92431640625,0.9999960064888,1.0004379749298096,29268.806640625,1876.92431640625,0.9999960064888,1.0004379749298096,29952.029296875,1938.41796875,1.0003650188446045,1.0009009838104248,29114.021484375,1876.92431640625,0.999646008014679,1.000148057937622,29245.515625,1908.7413330078125,0.9998700022697449,1.0004520416259766,14652199272,6539641957,3328615964,21489188232
2023-05-01,28091.568359375,1831.954833984375,1.000100016593933,1.0003290176391602,28091.568359375,1831.954833984375,1.000100016593933,1.0003290176391602,29329.935546875,1886.2064208984375,1.0005439519882202,1.0009880065917969,27680.79296875,1809.1932373046875,0.9995790123939514,0.9996770024299622,29227.103515625,1868.89111328125,0.9999200105667114,1.0005550384521484,18655599976,8625783201,3639367736,29128129876
2023-05-02,28680.537109375,1870.789306640625,0.9999330043792725,1.0004340410232544,28680.537109375,1870.789306640625,0.9999330043792725,1.0004340410232544,28881.298828125,1879.759521484375,1.0005149841308594,1.0009700059890747,27924.123046875,1824.3270263671875,0.9994459748268127,0.9997119903564453,28087.17578125,1831.7265625,1.000177025794983,1.0004240274429321,16432924527,7536785767,2902760212,24895722187
2023-05-03,29006.30859375,1904.65185546875,1.000020980834961,1.000270962715149,29006.30859375,1904.65185546875,1.000020980834961,1.000270962715149,29259.533203125,1915.504150390625,1.000473976135254,1.0007890462875366,28178.388671875,1845.871826171875,0.9996209740638733,0.9999399781227112,28680.494140625,1870.6871337890625,0.9999520182609558,1.000445008277893,19122972518,8306390869,3636049113,29787863486
2023-05-04,28847.7109375,1877.7041015625,1.0000619888305664,1.0004509687423706,28847.7109375,1877.7041015625,1.0000619888305664,1.0004509687423706,29353.185546875,1915.8717041015625,1.0004479885101318,1.0008000135421753,28694.0390625,1868.6297607421875,0.9997010231018066,1.0000499486923218,29031.3046875,1905.1689453125,0.9999099969863892,1.0002189874649048,15548678514,6578438233,3016766782,22536823772
2023-05-05,29534.384765625,1995.0609130859375,1.0000139474868774,1.0010180473327637,29534.384765625,1995.0609130859375,1.0000139474868774,1.0010180473327637,29668.908203125,1998.41357421875,1.0004119873046875,1.001291036605835,28845.509765625,1876.9466552734375,0.9996820092201233,1.000082015991211,28851.48046875,1877.8331298828125,1.0000189542770386,1.000404953956604,17936566518,9498261360,4114517917,29375040253
2023-05-06,28904.623046875,1900.2218017578125,1.0000519752502441,1.0018340349197388,28904.623046875,1900.2218017578125,1.0000519752502441,1.0018340349197388,29820.126953125,2017.5594482421875,1.0004260540008545,1.0021179914474487,28468.966796875,1870.6055908203125,0.9995629787445068,1.0006860494613647,29538.859375,1995.4791259765625,1.0000499486923218,1.0010160207748413,15913866714,9623243037,3737756631,27117468583
2023-05-07,28454.978515625,1873.076416015625,1.0001449584960938,1.001541018486023,28454.978515625,1873.076416015625,1.0001449584960938,1.001541018486023,29157.517578125,1933.9984130859375,1.000440001487732,1.002081036567688,28441.3671875,1873.076416015625,0.9996539950370789,1.0009649991989136,28901.623046875,1899.9176025390625,1.0000200271606445,1.001809000968933,11301355486,6883942236,2509528527,18725657881
2023-05-08,27694.2734375,1849.042724609375,1.0000489950180054,1.0009260177612305,27694.2734375,1849.042724609375,1.0000489950180054,1.0009260177612305,28663.271484375,1886.162109375,1.0004119873046875,1.0019049644470215,27310.134765625,1818.4505615234375,0.999629020690918,1.0004479885101318,28450.45703125,1872.47509765625,1.0001909732818604,1.0015699863433838,19122903752,9895102899,4488130638,32860419478
2023-05-09,27658.775390625,1848.6031494140625,1.0002230405807495,1.000723958015442,27658.775390625,1848.6031494140625,1.0002230405807495,1.000723958015442,27821.400390625,1860.66748046875,1.0003249645233154,1.00108802318573,27375.6015625,1832.906982421875,0.9996129870414734,1.0000799894332886,27695.068359375,1849.06103515625,1.00006902217865,1.0009340047836304,14128593256,6129516088,2959273885,22126554663
2023-05-10,27621.755859375,1842.4014892578125,1.0000309944152832,1.0008339881896973,27621.755859375,1842.4014892578125,1.0000309944152832,1.0008339881896973,28322.6875,1886.80029296875,1.0007250308990479,1.001384973526001,26883.669921875,1795.6688232421875,0.9992300271987915,0.9997609853744507,27654.63671875,1848.2135009765625,1.0001300573349,1.0007189512252808,20656025026,9945549603,4343854748,31704546238
2023-05-11,27000.7890625,1796.4906005859375,1.0001740455627441,1.0007230043411255,27000.7890625,1796.4906005859375,1.0001740455627441,1.0007230043411255,27621.94140625,1842.4920654296875,1.0006450414657593,1.0011420249938965,26781.826171875,1774.132568359375,0.999580979347229,1.0001089572906494,27621.0859375,1842.4920654296875,1.00005304813385,1.0008100271224976,16724343943,8353828312,3909082089,26131663102
2023-05-12,26804.990234375,1808.019775390625,1.0000590085983276,1.0005810260772705,26804.990234375,1808.019775390625,1.0000590085983276,1.0005810260772705,27055.646484375,1812.4249267578125,1.0004969835281372,1.0009230375289917,25878.4296875,1742.40380859375,0.999468982219696,0.9999560117721558,26987.662109375,1795.1766357421875,0.9999269843101501,1.0004860162734985,19313599897,9047198660,4185712320,28824954947
2023-05-13,26784.078125,1796.1148681640625,1.0000280141830444,1.0005589723587036,26784.078125,1796.1148681640625,1.0000280141830444,1.0005589723587036,27030.482421875,1816.0584716796875,1.0005170106887817,1.0010329484939575,26710.873046875,1788.4755859375,0.9996709823608398,1.0002410411834717,26807.76953125,1808.375,1.0000009536743164,1.0005120038986206,9999171605,4647630864,1974042367,15655448449
2023-05-14,26930.638671875,1800.5009765625,1.0000970363616943,1.000512957572937,26930.638671875,1800.5009765625,1.0000970363616943,1.000512957572937,27150.9765625,1823.49072265625,1.0003329515457153,1.0008020401000977,26661.35546875,1793.228759765625,0.9996489882469177,1.0001100301742554,26788.974609375,1796.10791015625,1.00005304813385,1.000596046447754,10014858959,4711210241,2047773213,14874679168
2023-05-15,27192.693359375,1817.5499267578125,1.000020980834961,1.0002620220184326,27192.693359375,1817.5499267578125,1.000020980834961,1.0002620220184326,27646.34765625,1845.6954345703125,1.0004019737243652,1.000836968421936,26766.09765625,1787.536376953125,0.9996110200881958,0.99993497133255,26931.384765625,1800.3712158203125,1.0000460147857666,1.0004550218582153,14413231792,6748889346,3148745500,21594744662
2023-05-16,27036.650390625,1824.1214599609375,0.9999480247497559,1.000115990638733,27036.650390625,1824.1214599609375,0.9999480247497559,1.000115990638733,27299.3046875,1830.3515625,1.0002729892730713,1.0007270574569702,26878.947265625,1797.84375,0.9995830059051514,0.9998160004615784,27171.513671875,1816.82421875,1.0000640153884888,1.0003689527511597,12732238816,5595959668,2722392153,19841483059
2023-05-17,27398.802734375,1821.859619140625,1.0000029802322388,1.0000920295715332,27398.802734375,1821.859619140625,1.0000029802322388,1.0000920295715332,27465.927734375,1835.5545654296875,1.0003550052642822,1.000741958618164,26600.14453125,1786.6719970703125,0.9995200037956238,0.9995980262756348,27035.470703125,1824.068359375,0.9998970031738281,1.0000770092010498,15140006925,6352161579,3131943202,24293380413
2023-05-18,26832.208984375,1801.728515625,0.9999880194664001,1.0000770092010498,26832.208984375,1801.728515625,0.9999880194664001,1.0000770092010498,27466.52734375,1831.4503173828125,1.0006250143051147,1.0004849433898926,26415.1015625,1774.195068359375,0.9996150135993958,0.9995800256729126,27401.650390625,1822.0682373046875,0.9999780058860779,1.0000519752502441,15222938600,5673124255,2968729105,22493741162
2023-05-19,26890.12890625,1812.5894775390625,0.9999650120735168,1.0002479553222656,26890.12890625,1812.5894775390625,0.9999650120735168,1.0002479553222656,27128.619140625,1826.1942138671875,1.0005019903182983,1.0007569789886475,26700.2109375,1797.4344482421875,0.9994720220565796,0.9994959831237793,26826.75390625,1800.994384765625,1.0000150203704834,1.0000170469284058,11258983301,4796110259,2439159656,17414028938
2023-05-20,27129.5859375,1820.47802734375,1.0000760555267334,1.0003989934921265,27129.5859375,1820.47802734375,1.0000760555267334,1.0003989934921265,27155.158203125,1829.0096435546875,1.0003130435943604,1.0005780458450317,26843.27734375,1808.0467529296875,0.9997699856758118,1.0000159740447998,26888.841796875,1812.76611328125,0.9999939799308777,1.000249981880188,7044911360,2951655969,1435963394,11851408172
2023-05-21,26753.826171875,1804.5313720703125,0.9998890161514282,1.0001829862594604,26753.826171875,1804.5313720703125,0.9998890161514282,1.0001829862594604,27265.91796875,1827.9219970703125,1.0004030466079712,1.0007050037384033,26706.921875,1799.9468994140625,0.9997490048408508,1.0000900030136108,27118.423828125,1820.1380615234375,1.000154972076416,1.0004760026931763,8647416921,3386768865,1777767516,13532622119
2023-05-22,26851.27734375,1817.5347900390625,0.9999549984931946,1.0002009868621826,26851.27734375,1817.5347900390625,0.9999549984931946,1.0002009868621826,27045.734375,1826.696533203125,1.0003950595855713,1.0008339881896973,26549.734375,1793.2239990234375,0.9996629953384399,0.9998549818992615,26749.892578125,1804.8419189453125,0.9998170137405396,1.000141978263855,11056770492,4534841049,2589848746,17216429735
2023-05-23,27225.7265625,1854.380615234375,0.9999619722366333,1.0001039505004883,27225.7265625,1854.380615234375,0.9999619722366333,1.0001039505004883,27434.68359375,1869.343994140625,1.0003689527511597,1.0006279945373535,26816.1796875,1816.2879638671875,0.9995579719543457,0.9997029900550842,26855.9609375,1817.7811279296875,1.0000269412994385,1.0002449750900269,13697203143,6820047160,2924076287,21420969303
2023-05-24,26334.818359375,1800.0999755859375,1.0001360177993774,1.000038981437683,26334.818359375,1800.0999755859375,1.0001360177993774,1.000038981437683,27224.603515625,1854.2996826171875,1.0003540515899658,1.0004489421844482,26106.576171875,1780.925537109375,0.999538004398346,0.9995949864387512,27224.603515625,1854.2996826171875,0.9999070167541504,1.00006103515625,16299104428,7101647419,3291167507,25306791660
2023-05-25,26476.20703125,1805.9537353515625,0.9999979734420776,1.0000460147857666,26476.20703125,1805.9537353515625,0.9999979734420776,1.0000460147857666,26591.51953125,1815.9947509765625,1.0003299713134766,1.0003739595413208,25890.59375,1763.3651123046875,0.9996100068092346,0.9994800090789795,26329.4609375,1799.84521484375,0.9999909996986389,0.9999499917030334,13851122697,6321689859,2770193924,20956153601
2023-05-26,26719.291015625,1828.689697265625,0.9999340176582336,1.0003440380096436,26719.291015625,1828.689697265625,0.9999340176582336,1.0003440380096436,26916.669921875,1837.8658447265625,1.000622034072876,1.0009759664535522,26343.94921875,1798.406005859375,0.9996569752693176,0.9997640252113342,26474.181640625,1805.7254638671875,0.9998800158500671,0.9999979734420776,12711619225,5451414258,2485067667,19111705070
2023-05-27,26868.353515625,1831.1182861328125,1.000033974647522,1.0005040168762207,26868.353515625,1831.1182861328125,1.000033974647522,1.0005040168762207,26888.8828125,1836.1845703125,1.000596046447754,1.0009039640426636,26621.140625,1817.4920654296875,0.9997349977493286,1.0000410079956055,26720.181640625,1828.57568359375,1.0000410079956055,1.0003830194473267,7892015141,3216737652,1450362893,12433601962
2023-05-28,28085.646484375,1910.9141845703125,0.9999979734420776,1.0001729726791382,28085.646484375,1910.9141845703125,0.9999979734420776,1.0001729726791382,28193.44921875,1915.7232666015625,1.000440001487732,1.000825047492981,26802.751953125,1825.46728515625,0.999642014503479,0.9998970031738281,26871.158203125,1831.0986328125,1.0001360177993774,1.000553011894226,14545229578,6359610561,2614572603,21242373192
2023-05-29,27745.884765625,1893.078125,0.999862015247345,1.0002440214157104,27745.884765625,1893.078125,0.999862015247345,1.0002440214157104,28432.0390625,1926.4217529296875,1.0004220008850098,1.0006300210952759,27563.876953125,1879.0775146484375,0.9994959831237793,0.9997940063476562,28075.591796875,1909.2974853515625,1.0001169443130493,1.0003529787063599,15181308984,5884674572,2719634408,22313821215
2023-05-30,27702.349609375,1901.026611328125,0.9998440146446228,1.0001529455184937,27702.349609375,1901.026611328125,0.9998440146446228,1.0001529455184937,28044.759765625,1916.574951171875,1.00039803981781,1.000870943069458,27588.501953125,1883.9346923828125,0.999580979347229,0.9999020099639893,27745.123046875,1893.0931396484375,0.999879002571106,1.0002670288085938,13251081851,5363439784,2801360301,21495789250
2023-05-31,27219.658203125,1874.1304931640625,1.0001790523529053,1.0003340244293213,27219.658203125,1874.1304931640625,1.0001790523529053,1.0003340244293213,27831.677734375,1907.035400390625,1.0005910396575928,1.0008779764175415,26866.453125,1852.0947265625,0.9994320273399353,0.9997140169143677,27700.529296875,1901.0982666015625,0.9998599886894226,1.000203013420105,15656371534,5984512548,2753700484,23174506660
2023-06-01,26819.97265625,1862.201416015625,1.000054955482483,1.0003340244293213,26819.97265625,1862.201416015625,1.000054955482483,1.0003340244293213,27346.10546875,1887.705322265625,1.0004709959030151,1.000635027885437,26671.720703125,1846.2274169921875,0.9995200037956238,0.9994320273399353,27218.412109375,1873.9146728515625,0.9999790191650391,1.0002139806747437,14678970415,5640027197,3010435468,20725195153
2023-06-02,27249.58984375,1907.256591796875,1.0000619888305664,1.0003830194473267,27249.58984375,1907.256591796875,1.0000619888305664,1.0003830194473267,27303.861328125,1910.2784423828125,1.000357985496521,1.0006259679794312,26574.64453125,1851.9647216796875,0.9995539784431458,0.9997490048408508,26824.556640625,1862.4237060546875,1.0000840425491333,1.0003670454025269,14837415000,6097746022,2963165478,20867435500
2023-06-03,27075.12890625,1892.4124755859375,0.9999030232429504,1.0001590251922607,27075.12890625,1892.4124755859375,0.9999030232429504,1.0001590251922607,27317.052734375,1908.822265625,1.0002089738845825,1.000622034072876,26958.00390625,1885.4854736328125,0.9996500015258789,1.0000250339508057,27252.32421875,1907.4207763671875,1.0000120401382446,1.000391960144043,8385597470,3472274607,1761598228,13418796255
2023-06-04,27119.06640625,1890.5135498046875,0.9997959733009338,1.0001510381698608,27119.06640625,1890.5135498046875,0.9997959733009338,1.0001510381698608,27407.01953125,1912.2056884765625,1.0003310441970825,1.0006309747695923,26968.224609375,1885.65185546875,0.999576985836029,0.9998999834060669,27075.123046875,1892.398193359375,0.9998850226402283,1.0001829862594604,9360912318,3747042696,1912106592,14904403851
2023-06-05,25760.09765625,1811.828369140625,0.9999129772186279,1.0003060102462769,25760.09765625,1811.828369140625,0.9999129772186279,1.0003060102462769,27129.982421875,1890.6405029296875,1.0004550218582153,1.0006279945373535,25445.16796875,1780.2115478515625,0.999472975730896,0.999396026134491,27123.109375,1890.4176025390625,0.9998630285263062,1.000203013420105,21513292646,9246593033,4613674985,33807354175
2023-06-06,27238.783203125,1884.494873046875,0.9998509883880615,1.0001740455627441,27238.783203125,1884.494873046875,0.9998509883880615,1.0001740455627441,27313.8203125,1896.22265625,1.0005799531936646,1.0006740093231201,25434.8671875,1801.4052734375,0.9995719790458679,0.9994649887084961,25732.109375,1810.5814208984375,1.000035047531128,1.0003529787063599,21929670693,8704411776,4430436583,30910972861
2023-06-07,26345.998046875,1832.39599609375,0.9999020099639893,1.0000660419464111,26345.998046875,1832.39599609375,0.9999020099639893,1.0000660419464111,27332.181640625,1893.80908203125,1.0003540515899658,1.0006810426712036,26146.98828125,1822.3031005859375,0.9996340274810791,0.9997810125350952,27235.650390625,1884.3729248046875,0.9998909831047058,1.0001699924468994,19530045082,7919894455,4279564855,28078183756
2023-06-08,26508.216796875,1846.3018798828125,1.0000970363616943,1.000311017036438,26508.216796875,1846.3018798828125,1.0000970363616943,1.000311017036438,26797.513671875,1861.1361083984375,1.0004470348358154,1.0006200075149536,26246.6640625,1830.1650390625,0.999638020992279,0.9996619820594788,26347.654296875,1832.5135498046875,0.9999470114707947,1.0001569986343384,11904824295,4536041931,2722751251,18183759822
2023-06-09,26480.375,1840.2252197265625,0.9999489784240723,0.9999489784240723,26480.375,1840.2252197265625,0.9999489784240723,0.9999489784240723,26770.2890625,1854.824951171875,1.0005589723587036,1.0006250143051147,26339.314453125,1828.5445556640625,0.9996989965438843,0.9996140003204346,26505.923828125,1846.077880859375,0.9999610185623169,1.000203013420105,11015551640,4610831509,2665781846,18180149900
2023-06-10,25851.240234375,1752.384765625,0.9998840093612671,1.0004390478134155,25851.240234375,1752.384765625,0.9998840093612671,1.0004390478134155,26531.044921875,1844.78564453125,1.000648021697998,1.0011110305786133,25501.8359375,1721.443115234375,0.9996870160102844,0.9997209906578064,26481.76171875,1840.3919677734375,0.9999939799308777,1.0000120401382446,19872933189,10788500406,5562774660,39594900162
2023-06-11,25940.16796875,1753.415283203125,0.9999340176582336,1.0003149509429932,25940.16796875,1753.415283203125,0.9999340176582336,1.0003149509429932,26203.439453125,1776.84716796875,1.000506043434143,1.0009510517120361,25668.986328125,1741.1104736328125,0.9996029734611511,1.0000779628753662,25854.03125,1752.527587890625,0.9999380111694336,1.0004810094833374,10732609603,4559112981,2395915206,17537918491
2023-06-12,25902.5,1742.5286865234375,1.000216007232666,1.000054955482483,25902.5,1742.5286865234375,1.000216007232666,1.000054955482483,26087.919921875,1757.6597900390625,1.001013994216919,1.0011130571365356,25675.197265625,1722.9063720703125,0.9994909763336182,0.9994829893112183,25934.28515625,1753.075439453125,0.9997379779815674,1.0001850128173828,11677889997,6031384958,3482493796,21083018568
2023-06-13,25918.728515625,1739.03759765625,0.9999809861183167,0.999862015247345,25918.728515625,1739.03759765625,0.9999809861183167,0.999862015247345,26376.3515625,1761.9554443359375,1.000566005706787,1.000499963760376,25728.365234375,1727.7498779296875,0.9996389746665955,0.9994469881057739,25902.94140625,1742.39013671875,1.0001319646835327,0.9999729990959167,14143474486,6214125203,3455989217,23706670402
2023-06-14,25124.67578125,1650.519287109375,1.0000519752502441,0.9998369812965393,25124.67578125,1650.519287109375,1.0000519752502441,0.9998369812965393,26041.80078125,1749.1632080078125,1.000594973564148,1.0007230043411255,24902.15234375,1637.187744140625,0.9992960095405579,0.9989830255508423,25920.2578125,1739.2501220703125,1.0000300407409668,0.9998149871826172,14265717766,7462905534,3368200180,23021035089
2023-06-15,25576.39453125,1665.519775390625,1.0000849962234497,0.9991829991340637,25576.39453125,1665.519775390625,1.0000849962234497,0.9991829991340637,25735.30859375,1676.4066162109375,1.0022590160369873,1.0001169443130493,24797.16796875,1624.1383056640625,0.9995120167732239,0.995760977268219,25121.673828125,1650.4981689453125,0.999904990196228,0.9998120069503784,15837384409,7328564880,6040215579,26724033220
2023-06-16,26327.462890625,1716.6688232421875,1.0001200437545776,0.9993299841880798,26327.462890625,1716.6688232421875,1.0001200437545776,0.9993299841880798,26463.173828125,1727.28955078125,1.0005769729614258,0.999629020690918,25245.357421875,1653.1708984375,0.9996200203895569,0.9984319806098938,25575.283203125,1665.41064453125,1.000040054321289,0.9991419911384583,16324646965,6281023479,3727702817,22643402807
2023-06-17,26510.67578125,1727.2041015625,1.00006902217865,0.9997040033340454,26510.67578125,1727.2041015625,1.00006902217865,0.9997040033340454,26769.39453125,1766.76318359375,1.0004960298538208,1.0001180171966553,26174.4921875,1714.15087890625,0.9997119903564453,0.999002993106842,26328.6796875,1716.6717529296875,1.0001130104064941,0.9993559718132019,11090276850,4875187477,2353245046,16785486745
2023-06-18,26336.212890625,1720.5775146484375,1.0000180006027222,0.9998080134391785,26336.212890625,1720.5775146484375,1.0000180006027222,0.9998080134391785,26675.92578125,1746.5091552734375,1.000648021697998,1.0004420280456543,26325.890625,1718.1114501953125,0.9997249841690063,0.999442994594574,26510.45703125,1727.1937255859375,1.0000560283660889,0.9997109770774841,9565695129,3820038842,1927548864,14276388752
2023-06-19,26851.029296875,1737.659423828125,1.0001699924468994,0.999862015247345,26851.029296875,1737.659423828125,1.0001699924468994,0.999862015247345,26984.611328125,1745.1346435546875,1.000704050064087,1.000285029411316,26312.83203125,1705.8134765625,0.9996899962425232,0.9992240071296692,26335.44140625,1720.50537109375,0.9999909996986389,0.9997490048408508,12826986222,5210480121,3052004763,17980147544
2023-06-20,28327.48828125,1792.1199951171875,1.0003019571304321,1.000385046005249,28327.48828125,1792.1199951171875,1.0003019571304321,1.000385046005249,28388.96875,1793.31396484375,1.0008790493011475,1.0009640455245972,26668.791015625,1715.342529296875,0.9997040033340454,0.9993219971656799,26841.6640625,1736.8797607421875,1.0001150369644165,0.9997770190238953,22211859147,7171072578,4705226783,27490561659
2023-06-21,30027.296875,1891.0072021484375,1.0000779628753662,1.00005304813385,30027.296875,1891.0072021484375,1.0000779628753662,1.00005304813385,30737.330078125,1898.6689453125,1.0004940032958984,1.0008419752120972,28283.41015625,1788.4892578125,0.9992939829826355,0.9992799758911133,28311.310546875,1791.9949951171875,1.0001920461654663,1.0002809762954712,33346760979,11731457711,6494016298,41597850081
2023-06-22,29912.28125,1872.9429931640625,0.9999679923057556,1.0001840591430664,29912.28125,1872.9429931640625,0.9999679923057556,1.0001840591430664,30495.998046875,1932.0655517578125,1.0005309581756592,1.0008070468902588,29679.158203125,1867.8765869140625,0.9990310072898865,0.9991509914398193,29995.935546875,1889.79443359375,1.0000979900360107,1.000182032585144,20653160491,8477657143,4887538535,31071097282
2023-06-23,30695.46875,1892.862060546875,0.9999909996986389,1.000566005706787,30695.46875,1892.862060546875,0.9999909996986389,1.000566005706787,31389.5390625,1932.5316162109375,1.0007339715957642,1.001391053199768,29845.21484375,1865.1920166015625,0.9994739890098572,0.9999110102653503,29896.3828125,1872.540771484375,0.9999960064888,1.0002249479293823,24115570085,8290615074,5087372638,31145738921
2023-06-24,30548.6953125,1876.0596923828125,0.9999319911003113,1.000520944595337,30548.6953125,1876.0596923828125,0.9999319911003113,1.000520944595337,30804.1484375,1905.2274169921875,1.0004370212554932,1.0010130405426025,30290.146484375,1867.8115234375,0.9995970129966736,1.0001829862594604,30708.73828125,1893.77197265625,1.0000089406967163,1.0006070137023926,12147822496,5026191704,2382774730,20749225264
2023-06-25,30480.26171875,1900.506103515625,1.0001369714736938,1.0004650354385376,30480.26171875,1900.506103515625,1.0001369714736938,1.0004650354385376,31041.271484375,1929.0791015625,1.0005619525909424,1.000933051109314,30327.943359375,1870.85009765625,0.999550998210907,0.9999499917030334,30545.150390625,1875.84912109375,0.9998679757118225,1.0004669427871704,12703464114,6937581709,2847495718,21373038596
2023-06-26,30271.130859375,1859.432861328125,1.0000250339508057,1.0002119541168213,30271.130859375,1859.432861328125,1.0000250339508057,1.0002119541168213,30636.029296875,1905.3604736328125,1.000538945198059,1.0008360147476196,29955.744140625,1840.215087890625,0.9995279908180237,0.999629020690918,30480.5234375,1900.05029296875,1.0001540184020996,1.0005630254745483,16493186997,8619702292,3856083147,26117984793
2023-06-27,30688.1640625,1889.703369140625,1.0,1.000195026397705,30688.1640625,1889.703369140625,1.0,1.000195026397705,31006.787109375,1911.3111572265625,1.0003730058670044,1.0006040334701538,30236.650390625,1856.83837890625,0.9995520114898682,0.9995999932289124,30274.3203125,1859.34619140625,1.0000449419021606,1.0002189874649048,16428827944,7686042202,3824274035,23449790413
2023-06-28,30086.24609375,1827.97119140625,1.000048041343689,1.0000250339508057,30086.24609375,1827.97119140625,1.000048041343689,1.0000250339508057,30703.279296875,1890.208984375,1.000486969947815,1.0006959438323975,29921.822265625,1822.102783203125,0.9995059967041016,0.9995309710502625,30696.560546875,1889.906494140625,0.9999070167541504,1.000095009803772,14571500779,7135265016,3482152553,23894930229
2023-06-29,30445.3515625,1852.227294921875,0.9999619722366333,0.9998300075531006,30445.3515625,1852.227294921875,0.9999619722366333,0.9998300075531006,30796.25,1876.5302734375,1.0005240440368652,1.0005450248718262,30057.203125,1828.059326171875,0.9997239708900452,0.9996479749679565,30086.1875,1828.059326171875,1.0001189708709717,1.000080943107605,13180860821,5677228612,3165466479,21010132360
2023-06-30,30477.251953125,1933.18896484375,1.0002529621124268,1.000080943107605,30477.251953125,1933.18896484375,1.0002529621124268,1.000080943107605,31256.86328125,1945.2742919921875,1.000938057899475,1.0006380081176758,29600.275390625,1831.281005859375,0.9994800090789795,0.9991999864578247,30441.353515625,1852.0084228515625,0.9997959733009338,0.999701976776123,26387306197,12895131248,6373895760,43642431673
2023-07-01,30590.078125,1924.56591796875,1.000133991241455,1.000128984451294,30590.078125,1924.56591796875,1.000133991241455,1.000128984451294,30641.2890625,1942.7015380859375,1.0007380247116089,1.0007280111312866,30328.865234375,1910.8486328125,0.9997929930686951,0.9995080232620239,30471.84765625,1933.3238525390625,0.9999600052833557,0.9998189806938171,9086606733,5136809625,2631090680,19795362801
2023-07-02,30620.76953125,1937.4383544921875,1.0001349449157715,1.0000849962234497,30620.76953125,1937.4383544921875,1.0001349449157715,1.0000849962234497,30766.140625,1958.1607666015625,1.0008039474487305,1.0008330345153809,30264.01953125,1895.906982421875,0.9997100234031677,0.9997159838676453,30587.26953125,1924.4481201171875,1.0000560283660889,1.000108003616333,10533418042,6343966490,2553765961,20337659643
2023-07-03,31156.439453125,1955.38916015625,0.9999799728393555,0.9999979734420776,31156.439453125,1955.38916015625,0.9999799728393555,0.9999979734420776,31375.61328125,1974.7750244140625,1.0008269548416138,1.0008169412612915,30586.513671875,1934.6888427734375,0.9996410012245178,0.9997069835662842,30624.515625,1937.8837890625,1.000201940536499,1.0000489950180054,15271884873,7858509087,3591365139,26282530169
2023-07-04,30777.58203125,1936.633544921875,1.0001649856567383,1.0003010034561157,30777.58203125,1936.633544921875,1.0001649856567383,1.0003010034561157,31325.197265625,1966.3653564453125,1.0006150007247925,1.0008820295333862,30659.35546875,1932.611328125,0.9995409846305847,0.999796986579895,31156.865234375,1955.524169921875,0.9999200105667114,0.9999449849128723,12810828427,5683423776,2950403752,20970952942
2023-07-05,30514.166015625,1910.5880126953125,1.0001009702682495,1.0000940561294556,30514.166015625,1910.5880126953125,1.0001009702682495,1.0000940561294556,30877.330078125,1942.4324951171875,1.0005199909210205,1.0006829500198364,30225.61328125,1897.124755859375,0.9994400143623352,0.9995830059051514,30778.724609375,1936.7967529296875,1.0002540349960327,1.0003910064697266,12481622280,6034088075,3099466412,21584664810
2023-07-06,29909.337890625,1848.636474609375,1.0000699758529663,1.0002059936523438,29909.337890625,1848.636474609375,1.0000699758529663,1.0002059936523438,31460.052734375,1956.0123291015625,1.0005019903182983,1.0007189512252808,29892.2265625,1847.8507080078125,0.9994969964027405,0.999530017375946,30507.150390625,1910.4171142578125,0.9999970197677612,1.0000089406967163,21129219509,8905008384,4263171820,30430114230
2023-07-07,30342.265625,1870.6025390625,0.9999409914016724,0.9999589920043945,30342.265625,1870.6025390625,0.9999409914016724,0.9999589920043945,30434.64453125,1876.9632568359375,1.0006510019302368,1.000730037689209,29777.28515625,1832.025390625,0.999625027179718,0.9996359944343567,29907.998046875,1847.5125732421875,0.9999709725379944,1.000038981437683,13384770155,6468885150,3149204362,21072109064
2023-07-08,30292.541015625,1865.53955078125,1.0000289678573608,1.0001870393753052,30292.541015625,1865.53955078125,1.0000289678573608,1.0001870393753052,30374.4375,1872.5015869140625,1.0006840229034424,1.0007450580596924,30080.16015625,1844.6417236328125,0.9997479915618896,0.9998700022697449,30346.921875,1871.0020751953125,1.0000150203704834,1.000128984451294,7509378699,4299007854,1870945839,13426621991
2023-07-09,30171.234375,1863.009765625,1.0001120567321777,1.0002039670944214,30171.234375,1863.009765625,1.0001120567321777,1.0002039670944214,30427.58984375,1878.6689453125,1.0006580352783203,1.0009169578552246,30085.591796875,1857.748291015625,0.9997400045394897,0.9998900294303894,30291.611328125,1865.594970703125,1.0000369548797607,1.0002100467681885,7903327692,4392863807,1767586724,13296750364
2023-07-10,30414.470703125,1880.556396484375,0.9999669790267944,1.0000560283660889,30414.470703125,1880.556396484375,0.9999669790267944,1.0000560283660889,31026.083984375,1905.4608154296875,1.0006660223007202,1.0007760524749756,29985.39453125,1848.7772216796875,0.9995539784431458,0.9996309876441956,30172.423828125,1863.240234375,1.0001250505447388,1.0002260208129883,14828209155,6336468234,3359012284,23313495695
2023-07-11,30620.951171875,1878.3360595703125,0.9999709725379944,1.000072956085205,30620.951171875,1878.3360595703125,0.9999709725379944,1.000072956085205,30788.314453125,1889.3817138671875,1.0006940364837646,1.0008009672164917,30358.09765625,1863.2186279296875,0.9996749758720398,0.9997739791870117,30417.6328125,1880.6549072265625,1.0000280141830444,1.0001189708709717,12151839152,4905225892,2747012361,18221606248
2023-07-12,30391.646484375,1872.11376953125,0.9999719858169556,0.9999340176582336,30391.646484375,1872.11376953125,0.9999719858169556,0.9999340176582336,30959.96484375,1901.1484375,1.0009289979934692,1.0009390115737915,30228.8359375,1865.7100830078125,0.9995620250701904,0.9996619820594788,30622.24609375,1878.322021484375,1.0000079870224,1.0001029968261719,14805659717,6379007000,3099598321,20685690690
2023-07-13,31476.048828125,2006.511474609375,0.9999060034751892,1.0003730058670044,31476.048828125,2006.511474609375,0.9999060034751892,1.0003730058670044,31814.515625,2011.88525390625,1.0007840394973755,1.0012539625167847,30268.3515625,1864.49609375,0.9995179772377014,0.9997090101242065,30387.48828125,1872.040283203125,1.000048041343689,1.00006902217865,23686079548,11114853969,5528502864,41556380527
2023-07-14,30334.068359375,1939.3470458984375,1.0001959800720215,1.0007250308990479,30334.068359375,1939.3470458984375,1.0001959800720215,1.0007250308990479,31582.25390625,2026.2049560546875,1.0008050203323364,1.0014209747314453,29966.38671875,1901.3612060546875,0.9994239807128906,0.9998679757118225,31474.720703125,2005.6861572265625,1.000115990638733,1.0005539655685425,20917902660,10627449471,4852861593,39502042324
2023-07-15,30295.806640625,1931.466552734375,1.0000569820404053,1.0003650188446045,30295.806640625,1931.466552734375,1.0000569820404053,1.0003650188446045,30407.78125,1946.0191650390625,1.000599980354309,1.001204013824463,30263.462890625,1928.1873779296875,0.9996839761734009,1.0000180006027222,30331.783203125,1939.129638671875,1.0002080202102661,1.0007179975509644,8011667756,4380084234,2140381966,18925797737
2023-07-16,30249.1328125,1923.681884765625,1.000169038772583,1.0006070137023926,30249.1328125,1923.681884765625,1.000169038772583,1.0006070137023926,30437.560546875,1942.0308837890625,1.0007450580596924,1.0009479522705078,30089.669921875,1917.2940673828125,0.9996740221977234,1.0000100135803223,30297.47265625,1931.64501953125,0.9999619722366333,1.000296950340271,8516564470,4329306566,2080513172,17514358400
2023-07-17,30145.888671875,1911.6461181640625,0.99993497133255,1.0002199411392212,30145.888671875,1911.6461181640625,0.99993497133255,1.0002199411392212,30336.400390625,1936.1776123046875,1.000548005104065,1.000972032546997,29685.783203125,1875.120361328125,0.9996640086174011,0.9997829794883728,30249.626953125,1923.6943359375,1.0001510381698608,1.0006120204925537,13240156074,6678090758,3208017139,24482827973
2023-07-18,29856.5625,1897.5992431640625,0.9999719858169556,1.0001579523086548,29856.5625,1897.5992431640625,0.9999719858169556,1.0001579523086548,30233.65625,1916.4683837890625,1.0005309581756592,1.0007230043411255,29556.427734375,1878.718505859375,0.9995260238647461,0.9995620250701904,30147.0703125,1911.697021484375,0.9999920129776001,1.0002720355987549,13138897269,5814708445,2974234953,22117323145
2023-07-19,29913.923828125,1889.0079345703125,1.0000410079956055,1.0002299547195435,29913.923828125,1889.0079345703125,1.0000410079956055,1.0002299547195435,30184.181640625,1919.264404296875,1.0004069805145264,1.0008519887924194,29794.26953125,1883.067138671875,0.9993919730186462,0.9996470212936401,29862.046875,1897.7972412109375,0.9998930096626282,1.000133991241455,12128602812,6018487800,2779406654,21629091201
2023-07-20,29792.015625,1890.9691162109375,0.9999939799308777,1.0000790357589722,29792.015625,1890.9691162109375,0.9999939799308777,1.0000790357589722,30195.53125,1919.264404296875,1.000540018081665,1.0008519887924194,29638.095703125,1879.734375,0.9995729923248291,0.9996160268783569,29915.25,1889.07373046875,1.0000449419021606,1.0001729726791382,14655207121,7366830684,3200825513,25849427845
2023-07-21,29908.744140625,1892.080078125,1.0001399517059326,1.000216007232666,29908.744140625,1892.080078125,1.0001399517059326,1.000216007232666,30045.998046875,1905.38623046875,1.0005669593811035,1.000607967376709,29733.8515625,1885.2962646484375,0.9996280074119568,0.9995440244674683,29805.111328125,1891.581298828125,1.0000250339508057,1.0000699758529663,10972789818,4668158260,6052246403,21736934537
2023-07-22,29771.802734375,1864.912353515625,0.9998080134391785,0.9998610019683838,29771.802734375,1864.912353515625,0.9998080134391785,0.9998610019683838,29991.615234375,1897.0880126953125,1.0009119510650635,1.0010130405426025,29664.12109375,1855.0927734375,0.9996449947357178,0.9998490214347839,29908.697265625,1891.955078125,1.0001389980316162,1.000169038772583,7873300598,4101305643,2059171696,15361411060
2023-07-23,30084.5390625,1889.191650390625,0.9998769760131836,0.9998970031738281,30084.5390625,1889.191650390625,0.9998769760131836,0.9998970031738281,30330.640625,1904.4832763671875,1.0007989406585693,1.001127004623413,29741.52734375,1859.56884765625,0.9996119737625122,0.9997689723968506,29790.111328125,1866.09423828125,0.9999619722366333,1.0001150369644165,9220145050,4480604100,1923166146,15719491555
2023-07-24,29176.916015625,1850.0020751953125,1.0000360012054443,1.0000109672546387,29176.916015625,1850.0020751953125,1.0000360012054443,1.0000109672546387,30093.39453125,1889.761962890625,1.0005420446395874,1.0005919933319092,28934.294921875,1836.8524169921875,0.9993600249290466,0.9991210103034973,30081.662109375,1888.8095703125,1.0000280141830444,0.9999880194664001,15395817395,6344373569,2972535139,24790908035
2023-07-25,29227.390625,1857.741943359375,0.999970018863678,0.9998289942741394,29227.390625,1857.741943359375,0.999970018863678,0.9998289942741394,29353.16015625,1867.3232421875,1.0007729530334473,1.000704050064087,29062.43359375,1845.9815673828125,0.9997619986534119,0.999517023563385,29178.970703125,1850.0279541015625,1.0000669956207275,1.0000159740447998,10266772793,4163381707,2242969853,18046684131
2023-07-26,29354.97265625,1872.159912109375,1.0001349449157715,1.0001009702682495,29354.97265625,1872.159912109375,1.0001349449157715,1.0001009702682495,29675.552734375,1886.97412109375,1.0009759664535522,1.0007799863815308,29113.912109375,1849.4368896484375,0.9995660185813904,0.999550998210907,29225.759765625,1857.696533203125,0.9999899864196777,0.9998990297317505,13497554655,5781548155,2959690717,22065183057
2023-07-27,29210.689453125,1860.357177734375,0.9998059868812561,0.9995899796485901,29210.689453125,1860.357177734375,0.9998059868812561,0.9995899796485901,29560.966796875,1885.591552734375,1.0005179643630981,1.0006029605865479,29099.3515625,1855.321533203125,0.9996449947357178,0.9993789792060852,29353.798828125,1872.0863037109375,1.000087022781372,1.0000560283660889,10770779217,4291339248,2447050412,17964435031
2023-07-28,29319.24609375,1874.744873046875,1.0001660585403442,1.0001059770584106,29319.24609375,1874.744873046875,1.0001660585403442,1.0001059770584106,29521.513671875,1881.457275390625,1.0006799697875977,1.0004780292510986,29125.845703125,1857.0489501953125,0.9993979930877686,0.9994210004806519,29212.1640625,1860.7025146484375,0.9998549818992615,0.9996749758720398,11218474952,3800973336,2576906993,17371797760
2023-07-29,29356.91796875,1881.06884765625,1.0000580549240112,1.0000540018081665,29356.91796875,1881.06884765625,1.0000580549240112,1.0000540018081665,29396.84375,1885.529296875,1.0006279945373535,1.0005810260772705,29264.166015625,1870.3338623046875,0.9997730255126953,0.9997280240058899,29319.4453125,1874.5604248046875,1.0001959800720215,1.0001089572906494,6481775959,2497302218,1552851362,11962846967
2023-07-30,29275.30859375,1861.643798828125,1.000022053718567,0.9998930096626282,29275.30859375,1861.643798828125,1.000022053718567,0.9998930096626282,29443.169921875,1884.1441650390625,1.000573992729187,1.0006200075149536,29059.501953125,1851.72802734375,0.9996860027313232,0.9997940063476562,29357.09375,1880.87158203125,1.0001029968261719,1.0000790357589722,8678454527,4003005547,2064962482,15914742870
2023-07-31,29230.111328125,1856.162353515625,1.0000100135803223,0.9999110102653503,29230.111328125,1856.162353515625,1.0000100135803223,0.9999110102653503,29489.873046875,1875.62939453125,1.0006170272827148,1.0005040168762207,29131.578125,1851.9154052734375,0.9996190071105957,0.9994879961013794,29278.314453125,1861.7552490234375,1.0000319480895996,0.9999240040779114,11656781982,4391613314,2797739009,18354638255
2023-08-01,29675.732421875,1871.7921142578125,1.0000720024108887,0.9995219707489014,29675.732421875,1871.7921142578125,1.0000720024108887,0.9995219707489014,29675.732421875,1873.0299072265625,1.000607967376709,1.0004949569702148,28657.0234375,1817.9207763671875,0.9995430111885071,0.9989889860153198,29230.873046875,1856.190185546875,0.9999960064888,0.9999150037765503,18272392391,7634860636,4107231674,27115449240
2023-08-02,29151.958984375,1839.0897216796875,0.9998909831047058,0.9993259906768799,29151.958984375,1839.0897216796875,0.9998909831047058,0.9993259906768799,29987.998046875,1877.511474609375,1.0006450414657593,1.0002870559692383,28946.509765625,1822.3482666015625,0.9996500015258789,0.9988960027694702,29704.146484375,1873.4681396484375,1.000087022781372,0.9995440244674683,19212655598,6448512422,3899981415,26312546015
2023-08-03,29178.6796875,1835.136474609375,1.0002429485321045,0.9994480013847351,29178.6796875,1835.136474609375,1.0002429485321045,0.9994480013847351,29375.70703125,1856.4075927734375,1.0005279779434204,0.9998199939727783,28959.48828125,1825.3477783203125,0.9996340274810791,0.9986420273780823,29161.8125,1838.89794921875,0.999858021736145,0.999284029006958,12780357746,4710581074,2992754699,20365437032
2023-08-04,29074.091796875,1827.712890625,0.9999889731407166,0.9986019730567932,29074.091796875,1827.712890625,0.9999889731407166,0.9986019730567932,29302.078125,1847.9122314453125,1.0004819631576538,0.9996669888496399,28885.3359375,1817.413818359375,0.9992550015449524,0.9983959794044495,29174.3828125,1834.8905029296875,1.0001230239868164,0.9993559718132019,12036639988,4861242484,3102941071,20189124066
2023-08-05,29042.126953125,1834.9879150390625,0.9998769760131836,0.9989830255508423,29042.126953125,1834.9879150390625,0.9998769760131836,0.9989830255508423,29102.46484375,1836.46484375,1.0002930164337158,0.9992290139198303,28957.796875,1824.8079833984375,0.9997169971466064,0.9982950091362,29075.388671875,1827.798583984375,1.000022053718567,0.9986310005187988,6598366353,2866049749,1690306453,14278737533
2023-08-06,29041.85546875,1827.4620361328125,0.9998170137405396,0.9983819723129272,29041.85546875,1827.4620361328125,0.9998170137405396,0.9983819723129272,29160.822265625,1836.2489013671875,1.0003180503845215,0.9992719888687134,28963.833984375,1824.9866943359375,0.9995930194854736,0.998196005821228,29043.701171875,1834.84521484375,0.9999179840087891,0.9990180134773254,7269806994,2963395076,1962209985,14800094198
2023-08-07,29180.578125,1826.9388427734375,0.9999740123748779,0.9988179802894592,29180.578125,1826.9388427734375,0.9999740123748779,0.9988179802894592,29244.28125,1842.5225830078125,1.0005149841308594,0.9994459748268127,28724.140625,1804.7166748046875,0.9996520280838013,0.9977959990501404,29038.513671875,1827.239501953125,0.9997299909591675,0.9982950091362,13618163710,5837881974,2920815525,23981817200
2023-08-08,29765.4921875,1855.807373046875,1.0000799894332886,0.9997180104255676,29765.4921875,1855.807373046875,1.0000799894332886,0.9997180104255676,30176.796875,1873.84716796875,1.0007989406585693,1.0006239414215088,29113.814453125,1824.4300537109375,0.9998130202293396,0.9984819889068604,29180.01953125,1826.9310302734375,0.9999970197677612,0.9988409876823425,17570561357,5812855406,3392828372,25874561718
2023-08-09,29561.494140625,1854.297607421875,1.000188946723938,0.9994249939918518,29561.494140625,1854.297607421875,1.000188946723938,0.9994249939918518,30093.435546875,1869.736572265625,1.0006719827651978,1.000264048576355,29376.80078125,1845.48974609375,0.9995980262756348,0.9989150166511536,29766.6953125,1855.7794189453125,1.0000139474868774,0.9997239708900452,18379521213,5870081833,3123624699,22920990916
2023-08-10,29429.591796875,1850.75341796875,1.0001699924468994,0.9990119934082031,29429.591796875,1850.75341796875,1.0001699924468994,0.9990119934082031,29688.564453125,1863.3109130859375,1.000535011291504,0.9998329877853394,29354.447265625,1845.4422607421875,0.9997699856758118,0.9986510276794434,29563.97265625,1854.3482666015625,1.000128984451294,0.9993690252304077,11865344789,3760304518,2804649587,18525528096
2023-08-11,29397.71484375,1847.1243896484375,1.000082015991211,0.9989690184593201,29397.71484375,1847.1243896484375,1.000082015991211,0.9989690184593201,29517.7734375,1855.0660400390625,1.0008289813995361,0.9995909929275513,29253.517578125,1839.5692138671875,0.9998360276222229,0.9983559846878052,29424.90234375,1850.74169921875,1.0000749826431274,0.9989399909973145,10195168197,3353025102,2442850118,16439483171
2023-08-12,29415.96484375,1848.889892578125,1.000033974647522,0.9994530081748962,29415.96484375,1848.889892578125,1.000033974647522,0.9994530081748962,29465.11328125,1852.281005859375,1.0004370212554932,0.9998959898948669,29357.587890625,1845.71923828125,0.9999279975891113,0.998986005783081,29399.787109375,1847.1719970703125,1.0000760555267334,0.998986005783081,6194358008,2291124840,1641540904,11930000390
2023-08-13,29282.9140625,1839.2801513671875,1.0000280141830444,0.9992499947547913,29282.9140625,1839.2801513671875,1.0000280141830444,0.9992499947547913,29441.43359375,1859.9163818359375,1.0004069805145264,0.9998999834060669,29265.806640625,1834.8043212890625,0.9998649954795837,0.9991070032119751,29416.59375,1849.0538330078125,1.0000909566879272,0.9994680285453796,7329897180,3054625661,1761869668,14122729675
2023-08-14,29408.443359375,1844.185791015625,1.000120997428894,0.9991840124130249,29408.443359375,1844.185791015625,1.000120997428894,0.9991840124130249,29660.25390625,1853.8363037109375,1.0005689859390259,0.9998760223388672,29124.10546875,1834.8004150390625,0.9998250007629395,0.9984310269355774,29283.263671875,1839.323486328125,1.0000410079956055,0.9992660284042358,14013695304,4083364724,2921375821,20154696560
2023-08-15,29170.34765625,1826.9327392578125,1.00006902217865,0.9989650249481201,29170.34765625,1826.9327392578125,1.00006902217865,0.9989650249481201,29439.12109375,1845.547607421875,1.0005550384521484,0.9994639754295349,29088.853515625,1816.3250732421875,0.9998689889907837,0.9983929991722107,29408.048828125,1844.1641845703125,1.0001089572906494,0.9991679787635803,12640195779,4483923893,2774696602,21720437145
2023-08-16,28701.779296875,1805.6590576171875,1.0000369548797607,0.9988560080528259,28701.779296875,1805.6590576171875,1.0000369548797607,0.9988560080528259,29221.9765625,1829.3612060546875,1.0008519887924194,0.9994069933891296,28701.779296875,1798.9666748046875,0.9998170137405396,0.9986050128936768,29169.07421875,1827.036376953125,1.0000150203704834,0.9989169836044312,14949271904,4976573383,3289212879,24501625172
2023-08-17,26664.55078125,1684.9334716796875,1.0004370212554932,1.0003859996795654,26664.55078125,1684.9334716796875,1.0004370212554932,1.0003859996795654,28745.947265625,1807.71484375,1.0011550188064575,1.0006979703903198,25409.111328125,1551.7132568359375,0.9992259740829468,0.9983569979667664,28699.802734375,1805.5673828125,1.0000170469284058,0.9988430142402649,31120851211,14208462072,6519582155,46202367641
2023-08-18,26049.556640625,1660.945068359375,1.0001280307769775,0.9998300075531006,26049.556640625,1660.945068359375,1.0001280307769775,0.9998300075531006,26808.1953125,1698.124267578125,1.0007679462432861,1.0006660223007202,25668.921875,1644.930908203125,0.9995729923248291,0.9990010261535645,26636.078125,1682.0384521484375,1.0002859830856323,1.000285029411316,24026236529,9645084584,4966467815,34300507987
2023-08-19,26096.205078125,1669.471923828125,1.000188946723938,0.9998599886894226,26096.205078125,1669.471923828125,1.000188946723938,0.9998599886894226,26249.44921875,1693.2281494140625,1.000560998916626,1.0004459619522095,25802.408203125,1654.0758056640625,0.9997580051422119,0.9994649887084961,26047.83203125,1660.8443603515625,0.9999639987945557,0.9997169971466064,10631443812,4871231360,2489094112,17888080535
2023-08-20,26189.583984375,1684.85205078125,1.0001020431518555,0.9999949932098389,26189.583984375,1684.85205078125,1.0001020431518555,0.9999949932098389,26260.681640625,1692.3287353515625,1.000548005104065,1.0003299713134766,26004.314453125,1662.9014892578125,0.9998440146446228,0.9996560215950012,26096.861328125,1669.5877685546875,1.00006902217865,0.9998990297317505,9036580420,4105056995,2106341342,15722340351
2023-08-21,26124.140625,1667.26904296875,1.0000020265579224,0.9998350143432617,26124.140625,1667.26904296875,1.0000020265579224,0.9998350143432617,26220.201171875,1685.0826416015625,1.000635027885437,1.0003629922866821,25846.087890625,1651.9598388671875,0.9997569918632507,0.9993579983711243,26188.69140625,1685.0223388671875,1.000095009803772,0.9999420046806335,13371557893,5077248383,3060565177,21350289570
2023-08-22,26031.65625,1633.892578125,0.9999909996986389,0.9994660019874573,26031.65625,1633.892578125,0.9999909996986389,0.9994660019874573,26135.5078125,1668.638671875,1.0007879734039307,1.0003290176391602,25520.728515625,1596.384033203125,0.9997779726982117,0.9993469715118408,26130.748046875,1667.279296875,1.0000009536743164,0.9997959733009338,14503820706,7244623133,3647897906,24087904847
2023-08-23,26431.640625,1679.2744140625,1.0001699924468994,0.9998990297317505,26431.640625,1679.2744140625,1.0001699924468994,0.9998990297317505,26786.8984375,1696.593994140625,1.0009570121765137,1.0007270574569702,25804.998046875,1629.5810546875,0.9997720122337341,0.9992560148239136,26040.474609375,1634.4017333984375,1.0001250505447388,0.9996129870414734,16985265785,7191868448,3730953867,25410027986
2023-08-24,26162.373046875,1659.944580078125,0.9999150037765503,0.999426007270813,26162.373046875,1659.944580078125,0.9999150037765503,0.999426007270813,26554.91015625,1682.48974609375,1.0005669593811035,1.0001440048217773,25914.92578125,1641.6270751953125,0.9998250007629395,0.9993209838867188,26431.51953125,1679.248291015625,1.0000560283660889,0.9998289942741394,12871532023,5104531920,2907706728,20070736123
2023-08-25,26047.66796875,1652.93505859375,1.0000900030136108,0.9994940161705017,26047.66796875,1652.93505859375,1.0000900030136108,0.9994940161705017,26248.103515625,1671.970703125,1.0005320310592651,1.0001599788665771,25786.8125,1635.9674072265625,0.9997619986534119,0.9992759823799133,26163.6796875,1660.2698974609375,0.9999939799308777,0.9994840025901794,12406045118,5396997823,2870155394,19999153582
2023-08-26,26008.462890625,1646.3067626953125,1.0000100135803223,0.9995390176773071,26008.462890625,1646.3067626953125,1.0000100135803223,0.9995390176773071,26107.384765625,1654.7777099609375,1.0005769729614258,0.9999989867210388,25983.87890625,1643.712646484375,0.9998549818992615,0.9992169737815857,26047.234375,1652.92724609375,1.000080943107605,0.9994810223579407,6034817316,2423247747,1491868952,11240935990
2023-08-27,26089.693359375,1657.5130615234375,1.0000059604644775,0.999521017074585,26089.693359375,1657.5130615234375,1.0000059604644775,0.999521017074585,26165.373046875,1659.26708984375,1.0005589723587036,1.0001189708709717,25965.09765625,1645.90283203125,0.9997699856758118,0.9993339776992798,26008.2421875,1646.27197265625,0.9999920129776001,0.9995200037956238,6913768611,2624065031,1551269738,12072570625
2023-08-28,26106.150390625,1652.4573974609375,0.9999229907989502,0.9993270039558411,26106.150390625,1652.4573974609375,0.9999229907989502,0.9993270039558411,26198.578125,1659.3287353515625,1.0006020069122314,1.0001740455627441,25880.599609375,1627.44677734375,0.9997820258140564,0.9991369843482971,26089.615234375,1657.4398193359375,1.0000070333480835,0.9995120167732239,11002805166,4855588534,2747710982,18160207139
2023-08-29,27727.392578125,1729.7257080078125,1.0000560283660889,1.0000380277633667,27727.392578125,1729.7257080078125,1.0000560283660889,1.0000380277633667,28089.337890625,1742.6373291015625,1.001518964767456,1.0011279582977295,25912.62890625,1639.576171875,0.9998610019683838,0.9989839792251587,26102.486328125,1652.274169921875,0.9999510049819946,0.9993280172348022,29368391712,11304916729,4288358015,39257157473
2023-08-30,27297.265625,1705.1121826171875,1.000154972076416,1.0001280307769775,27297.265625,1705.1121826171875,1.000154972076416,1.0001280307769775,27760.16015625,1730.564697265625,1.0007359981536865,1.000627040863037,27069.20703125,1697.147216796875,0.9997180104255676,0.9996190071105957,27726.083984375,1729.6766357421875,1.000025987625122,1.0000909566879272,16343655235,5023904190,3635286825,22718699935
2023-08-31,25931.47265625,1645.63916015625,1.000108003616333,0.9998459815979004,25931.47265625,1645.63916015625,1.000108003616333,0.9998459815979004,27456.078125,1720.011962890625,1.000877022743225,1.0005890130996704,25752.9296875,1634.8509521484375,0.9997659921646118,0.9996410012245178,27301.9296875,1705.364501953125,1.0001050233840942,1.0000369548797607,20181001451,6593153505,4228660874,27302426037
2023-09-01,25800.724609375,1628.4912109375,1.0001959800720215,0.9997119903564453,25800.724609375,1628.4912109375,1.0001959800720215,0.9997119903564453,26125.869140625,1653.53173828125,1.0006099939346313,1.0003650188446045,25362.609375,1603.0341796875,0.9997739791870117,0.9991589784622192,25934.021484375,1645.581298828125,1.0001150369644165,0.9998130202293396,17202862221,6104510092,3352194868,25428948060
2023-09-02,25868.798828125,1637.025390625,1.0001699924468994,1.0001330375671387,25868.798828125,1637.025390625,1.0001699924468994,1.0001330375671387,25970.28515625,1644.0306396484375,1.000527024269104,1.000319004058838,25753.09375,1627.97607421875,0.9999169707298279,0.9994950294494629,25800.91015625,1628.5596923828125,1.0001970529556274,0.9997000098228455,10100387473,2943590996,1764318129,16557766093
2023-09-03,25969.56640625,1636.11767578125,1.0001300573349,0.9999740123748779,25969.56640625,1636.11767578125,1.0001300573349,0.9999740123748779,26087.1484375,1645.6451416015625,1.0008389949798584,1.0004689693450928,25817.03125,1626.0892333984375,0.9998639822006226,0.9996989965438843,25869.47265625,1637.0435791015625,1.0001389980316162,1.0000180006027222,8962524523,3151878318,1878209470,14510340452
2023-09-04,25812.416015625,1629.6552734375,1.000100016593933,0.9996449947357178,25812.416015625,1629.6552734375,1.000100016593933,0.9996449947357178,26081.525390625,1642.6531982421875,1.0004279613494873,1.0001269578933716,25657.025390625,1618.523681640625,0.9997900128364563,0.9994419813156128,25968.169921875,1635.7247314453125,1.00005304813385,0.9998570084571838,10680635106,3887968912,2275770718,17920742517
2023-09-05,25779.982421875,1633.62939453125,1.0000300407409668,0.9995840191841125,25779.982421875,1633.62939453125,1.0000300407409668,0.9995840191841125,25858.375,1645.9483642578125,1.0004090070724487,0.9999520182609558,25589.98828125,1610.1412353515625,0.9998419880867004,0.9991160035133362,25814.95703125,1629.9110107421875,0.9999200105667114,0.9995610117912292,11094740040,4417491902,2529858601,18323727990
2023-09-06,25753.236328125,1632.2523193359375,1.0001399517059326,0.9995520114898682,25753.236328125,1632.2523193359375,1.0001399517059326,0.9995520114898682,25953.015625,1656.9327392578125,1.001181960105896,1.0001970529556274,25404.359375,1611.147705078125,0.9997760057449341,0.9991329908370972,25783.931640625,1633.912109375,1.000161051750183,0.9996680021286011,12752705327,4987397046,2855555338,19715200487
2023-09-07,26240.1953125,1647.5982666015625,1.000427007675171,0.9997580051422119,26240.1953125,1647.5982666015625,1.000427007675171,0.9997580051422119,26409.302734375,1657.3037109375,1.0006879568099976,1.0001569986343384,25608.201171875,1623.220458984375,0.999800980091095,0.9991880059242249,25748.3125,1632.2628173828125,1.0000779628753662,0.9994819760322571,11088307100,4907290296,2428528084,18242134001
2023-09-08,25905.654296875,1636.1378173828125,1.0000970363616943,0.9997779726982117,25905.654296875,1636.1378173828125,1.0000970363616943,0.9997779726982117,26414.005859375,1657.1363525390625,1.0008399486541748,1.000285029411316,25677.48046875,1617.7965087890625,0.9998949766159058,0.9993879795074463,26245.208984375,1647.8076171875,1.0002859830856323,0.9997599720954895,10817356400,4598495496,2652808484,17906934253
2023-09-09,25895.677734375,1635.162353515625,1.0001300573349,0.9997339844703674,25895.677734375,1635.162353515625,1.0001300573349,0.9997339844703674,25921.9765625,1636.8707275390625,1.0006719827651978,1.0003219842910767,25810.494140625,1629.660888671875,0.9999340176582336,0.9994890093803406,25905.42578125,1636.0504150390625,1.0000309944152832,0.9997230172157288,5481314132,2081625742,1288697563,10128707374
2023-09-10,25832.2265625,1616.828857421875,0.9999470114707947,0.9996129870414734,25832.2265625,1616.828857421875,0.9999470114707947,0.9996129870414734,25978.130859375,1635.43310546875,1.0006250143051147,1.0002379417419434,25640.26171875,1604.04052734375,0.9998400211334229,0.9995149970054626,25895.2109375,1635.211669921875,1.0000909566879272,0.9997190237045288,7899553047,4339499949,2034179122,15171173010
2023-09-11,25162.654296875,1551.6376953125,1.000046968460083,0.9997010231018066,25162.654296875,1551.6376953125,1.000046968460083,0.9997010231018066,25883.947265625,1618.3057861328125,1.0010319948196411,1.0004550218582153,24930.296875,1533.4267578125,0.9998070001602173,0.9994009733200073,25831.71484375,1616.769775390625,0.9999629855155945,0.9995719790458679,14600006467,7693700923,3827178715,24658044680
2023-09-12,25833.34375,1592.429443359375,1.0002059936523438,1.0000369548797607,25833.34375,1592.429443359375,1.0002059936523438,1.0000369548797607,26451.939453125,1619.114013671875,1.00074303150177,1.000520944595337,25133.078125,1549.4937744140625,0.9998430013656616,0.999439001083374,25160.658203125,1551.497802734375,1.0001410245895386,0.9997220039367676,18657279324,6813819740,4520366160,26626307087
2023-09-13,26228.32421875,1607.988525390625,1.0001649856567383,1.0002429485321045,26228.32421875,1607.988525390625,1.0001649856567383,1.0002429485321045,26376.11328125,1615.05029296875,1.0008410215377808,1.0007460117340088,25781.123046875,1582.217529296875,0.9998840093612671,0.9997079968452454,25837.5546875,1592.892333984375,1.0000840425491333,0.9999600052833557,13072077070,4979469106,3192111737,20526953164
2023-09-14,26539.673828125,1626.974365234375,1.000162959098816,1.0002599954605103,26539.673828125,1626.974365234375,1.000162959098816,1.0002599954605103,26774.623046875,1640.522705078125,1.0008430480957031,1.0007630586624146,26171.451171875,1607.7353515625,0.9999110102653503,0.9998220205307007,26228.27734375,1608.0316162109375,1.000175952911377,1.00027596950531,13811359124,5538958553,3162074793,21251601415
2023-09-15,26608.693359375,1641.640380859375,1.0003420114517212,1.0003429651260376,26608.693359375,1641.640380859375,1.0003420114517212,1.0003429651260376,26840.498046875,1652.1131591796875,1.0007020235061646,1.0007569789886475,26240.701171875,1613.2486572265625,0.9998990297317505,0.9998419880867004,26533.818359375,1626.8701171875,1.0001510381698608,1.0002529621124268,11479735788,4348584771,2660676460,19295499486
2023-09-16,26568.28125,1635.2216796875,1.000167965888977,1.000298023223877,26568.28125,1635.2216796875,1.000167965888977,1.000298023223877,26754.76953125,1649.9886474609375,1.0008200407028198,1.0009130239486694,26473.890625,1632.577880859375,0.9999790191650391,0.999987006187439,26606.19921875,1641.4464111328125,1.0001260042190552,1.0001109838485718,7402031417,2819575929,1708005224,14317870597
2023-09-17,26534.1875,1622.896728515625,1.0000829696655273,1.0002919435501099,26534.1875,1622.896728515625,1.0000829696655273,1.0002919435501099,26617.998046875,1635.512939453125,1.0008349418640137,1.000938057899475,26445.07421875,1616.779296875,0.9999499917030334,1.0001120567321777,26567.927734375,1635.2010498046875,1.000115990638733,1.0002779960632324,6774210670,3032716258,1585056981,12731066338
2023-09-18,26754.28125,1637.3470458984375,1.000115990638733,1.0002379417419434,26754.28125,1637.3470458984375,1.000115990638733,1.0002379417419434,27414.734375,1669.015380859375,1.0007660388946533,1.0008859634399414,26415.515625,1609.9573974609375,0.9998660087585449,0.9999120235443115,26532.994140625,1623.0819091796875,1.0000250339508057,1.0002540349960327,15615339655,5916674789,3435389761,23169510106
2023-09-19,27211.1171875,1643.544677734375,1.0001100301742554,1.000262975692749,27211.1171875,1643.544677734375,1.0001100301742554,1.000262975692749,27488.763671875,1659.53173828125,1.0006630420684814,1.0008939504623413,26681.60546875,1628.4132080078125,0.9998220205307007,0.9999889731407166,26760.8515625,1637.31201171875,1.0000289678573608,1.0001399517059326,13807690550,4405868861,3053934292,19869924197
2023-09-20,27132.0078125,1622.890625,1.0001850128173828,1.0002069473266602,27132.0078125,1622.890625,1.0001850128173828,1.0002069473266602,27379.505859375,1649.619140625,1.0005520582199097,1.0006530284881592,26864.08203125,1610.4207763671875,0.9998480081558228,0.9999039769172668,27210.228515625,1643.495361328125,1.0000540018081665,1.0002069473266602,13281116604,5156431986,3103179365,20831080166
2023-09-21,26567.6328125,1584.3070068359375,1.0000040531158447,0.9999859929084778,26567.6328125,1584.3070068359375,1.0000040531158447,0.9999859929084778,27152.939453125,1625.20458984375,1.0006070137023926,1.0006380081176758,26389.30078125,1573.3057861328125,0.9997519850730896,0.9996989965438843,27129.83984375,1622.591796875,1.000177025794983,1.0001859664916992,13371443708,5191732312,2975710420,65289803093
2023-09-22,26579.568359375,1593.268310546875,1.0000890493392944,1.0000089406967163,26579.568359375,1593.268310546875,1.0000890493392944,1.0000089406967163,26726.078125,1601.5377197265625,1.0004429817199707,1.000553011894226,26495.533203125,1579.101318359375,0.9997469782829285,0.9996629953384399,26564.056640625,1584.0025634765625,1.0000020265579224,0.9999189972877502,10578746709,3460791634,2571335978,16422421266
2023-09-23,26579.390625,1593.8577880859375,0.9999790191650391,1.0000669956207275,26579.390625,1593.8577880859375,0.9999790191650391,1.0000669956207275,26634.185546875,1598.001708984375,1.000473976135254,1.000452995300293,26520.51953125,1588.3289794921875,0.9999290108680725,0.999875009059906,26578.556640625,1593.213134765625,1.0000770092010498,1.0000159740447998,7404700301,2101436678,1770927144,12105054638
2023-09-24,26256.826171875,1580.8533935546875,1.000087022781372,1.0001349449157715,26256.826171875,1580.8533935546875,1.000087022781372,1.0001349449157715,26716.05859375,1600.207275390625,1.000736951828003,1.0006760358810425,26221.05078125,1576.7833251953125,0.9999099969863892,0.9998859763145447,26579.373046875,1593.82568359375,0.9999729990959167,1.0000649690628052,8192867686,3086456944,1785908523,13177215723
2023-09-25,26298.48046875,1588.3228759765625,1.00005304813385,0.9997850060462952,26298.48046875,1588.3228759765625,1.00005304813385,0.9997850060462952,26421.5078125,1595.8441162109375,1.0006320476531982,1.000601053237915,26011.46875,1565.0255126953125,0.9997990131378174,0.9994950294494629,26253.775390625,1580.7474365234375,1.0001130104064941,1.0001319646835327,11997833257,4394930984,2956159954,18410794811
2023-09-26,26217.25,1593.417236328125,1.0000790357589722,0.9996060132980347,26217.25,1593.417236328125,1.0000790357589722,0.9996060132980347,26389.884765625,1598.0977783203125,1.0007100105285645,1.0005619525909424,26090.712890625,1580.16552734375,0.9998840093612671,0.9994720220565796,26294.7578125,1588.023193359375,1.0000009536743164,0.9997190237045288,9985498161,3544861160,2698152867,17449026978
2023-09-27,26352.716796875,1597.4912109375,1.000156044960022,0.9993860125541687,26352.716796875,1597.4912109375,1.000156044960022,0.9993860125541687,26817.841796875,1631.9107666015625,1.0007590055465698,0.9999960064888,26111.46484375,1585.368896484375,0.9998890161514282,0.9990900158882141,26209.498046875,1593.1082763671875,1.000046968460083,0.9995549917221069,11718380997,5533036096,2473184892,21012429240
2023-09-28,27021.546875,1652.8826904296875,1.0000640153884888,1.0000170469284058,27021.546875,1652.8826904296875,1.0000640153884888,1.0000170469284058,27259.5,1666.024169921875,1.0011579990386963,1.0008209943771362,26327.322265625,1597.294677734375,0.999871015548706,0.9989879727363586,26355.8125,1597.6719970703125,1.0001909732818604,0.999455988407135,14079002707,6658092168,3111905152,23496469874
2023-09-29,26911.720703125,1667.94384765625,1.000095009803772,1.0000419616699219,26911.720703125,1667.94384765625,1.000095009803772,1.0000419616699219,27225.9375,1687.28125,1.0006790161132812,1.000844955444336,26721.763671875,1648.656494140625,0.9998059868812561,0.9996910095214844,27024.841796875,1652.9998779296875,1.0001269578933716,1.0000619888305664,10396435377,5529687537,2434341381,33744855887
2023-09-30,26967.916015625,1671.161865234375,1.0001059770584106,1.0002100467681885,26967.916015625,1671.161865234375,1.0001059770584106,1.0002100467681885,27091.794921875,1692.5311279296875,1.0005760192871094,1.000596046447754,26888.96875,1666.5638427734375,0.9998279809951782,0.9998030066490173,26911.689453125,1667.83447265625,1.0001230239868164,1.0000669956207275,5331172801,3155292192,1372115519,28335840810
2023-10-01,27983.75,1733.8104248046875,1.0000900030136108,0.9998940229415894,27983.75,1733.8104248046875,1.0000900030136108,0.9998940229415894,28047.23828125,1750.595703125,1.0004199743270874,1.0006159543991089,26965.09375,1670.0821533203125,0.9998649954795837,0.9997699856758118,26967.396484375,1671.1614990234375,1.0001109838485718,1.0001929998397827,9503917434,5054880180,2061687654,26887832164
2023-10-02,27530.78515625,1663.6275634765625,1.0000300407409668,1.0003329515457153,27530.78515625,1663.6275634765625,1.0000300407409668,1.0003329515457153,28494.458984375,1743.5635986328125,1.0006569623947144,1.001006007194519,27347.787109375,1646.07763671875,0.9997869729995728,0.9998019933700562,27976.798828125,1732.9840087890625,1.0002880096435547,1.0000269412994385,19793041322,8420552922,4197739502,33775951107
2023-10-03,27429.978515625,1656.6856689453125,1.000095009803772,1.0000920295715332,27429.978515625,1656.6856689453125,1.000095009803772,1.0000920295715332,27667.19140625,1670.3563232421875,1.0005810260772705,1.0005090236663818,27216.001953125,1644.4964599609375,0.999737024307251,0.9997419714927673,27508.251953125,1662.88720703125,1.0000300407409668,1.000262975692749,11407814187,4742827302,2520912223,28992376862
2023-10-04,27799.39453125,1647.838134765625,1.000393033027649,1.0004370212554932,27799.39453125,1647.838134765625,1.000393033027649,1.0004370212554932,27826.658203125,1657.2535400390625,1.0004889965057373,1.000560998916626,27248.10546875,1629.4266357421875,0.999813973903656,0.999770998954773,27429.07421875,1656.7359619140625,1.0000139474868774,1.000022053718567,11143355314,5127524863,2560902818,21138935230
2023-10-05,27415.912109375,1611.4764404296875,0.9999489784240723,1.0000890493392944,27415.912109375,1611.4764404296875,0.9999489784240723,1.0000890493392944,28091.861328125,1654.3790283203125,1.0004329681396484,1.0006459951400757,27375.6015625,1609.8499755859375,0.9998300075531006,0.9999060034751892,27798.646484375,1647.7882080078125,1.0002609491348267,1.0002870559692383,11877253670,5403759057,2671315261,18816329985
2023-10-06,27946.59765625,1645.83154296875,0.9999909996986389,1.0004359483718872,27946.59765625,1645.83154296875,0.9999909996986389,1.0004359483718872,28252.537109375,1659.60986328125,1.0003639459609985,1.0006380081176758,27215.552734375,1611.36572265625,0.9997730255126953,0.9998850226402283,27412.123046875,1611.36572265625,0.9998940229415894,1.0000369548797607,13492391599,4941208729,2590803813,19152176768
2023-10-07,27968.83984375,1634.51123046875,0.9999600052833557,1.0005500316619873,27968.83984375,1634.51123046875,0.9999600052833557,1.0005500316619873,28028.091796875,1648.1837158203125,1.0001850128173828,1.0007760524749756,27870.423828125,1631.158203125,0.999750018119812,1.0002720355987549,27946.78125,1645.8109130859375,0.9999899864196777,1.0004390478134155,6553044316,2578994988,1179571042,11006329208
2023-10-08,27935.08984375,1633.548583984375,0.9999690055847168,1.0004600286483765,27935.08984375,1633.548583984375,0.9999690055847168,1.0004600286483765,28102.169921875,1641.182373046875,1.0001319646835327,1.0008000135421753,27740.662109375,1618.189208984375,0.9997079968452454,1.000270962715149,27971.677734375,1634.6573486328125,1.0000120401382446,1.000588059425354,7916875290,3315554175,1621879275,12488411034
2023-10-09,27583.677734375,1579.806640625,0.9999020099639893,1.000080943107605,27583.677734375,1579.806640625,0.9999020099639893,1.000080943107605,27989.470703125,1635.4478759765625,1.0006649494171143,1.001181960105896,27302.5625,1553.0069580078125,0.9996849894523621,0.9998779892921448,27934.47265625,1633.454833984375,0.9999579787254333,1.0004559755325317,12007668568,7020801716,2797548386,20684218429
2023-10-10,27391.01953125,1567.7130126953125,0.9999759793281555,1.0000879764556885,27391.01953125,1567.7130126953125,0.9999759793281555,1.0000879764556885,27715.84765625,1593.7413330078125,1.0005329847335815,1.000823974609375,27301.654296875,1553.03173828125,0.9997289776802063,0.9998589754104614,27589.201171875,1580.112060546875,0.9999930262565613,1.0001959800720215,9973350678,5254966125,2402546704,17384784047
2023-10-11,26873.3203125,1566.2547607421875,0.999970018863678,0.9997519850730896,26873.3203125,1566.2547607421875,0.999970018863678,0.9997519850730896,27474.115234375,1578.2235107421875,1.0005240440368652,1.000661015510559,26561.099609375,1548.98046875,0.9998189806938171,0.9995689988136292,27392.076171875,1567.6807861328125,1.0000410079956055,1.0000649690628052,13648094333,5416504273,2952223563,19945698427
2023-10-12,26756.798828125,1539.6124267578125,1.000108003616333,0.9997079968452454,26756.798828125,1539.6124267578125,1.000108003616333,0.9997079968452454,26921.439453125,1566.878173828125,1.000797986984253,1.0005669593811035,26558.3203125,1523.237548828125,0.9998430013656616,0.9994779825210571,26873.29296875,1566.35595703125,0.9999740123748779,0.9997490048408508,9392909295,5003930677,2354134010,16234691731
2023-10-13,26862.375,1552.0894775390625,1.0002390146255493,0.9999600052833557,26862.375,1552.0894775390625,1.0002390146255493,0.9999600052833557,27092.697265625,1571.7506103515625,1.0007380247116089,1.000465989112854,26686.322265625,1537.921142578125,0.9998810291290283,0.9993810057640076,26752.87890625,1539.432861328125,1.0000540018081665,0.999646008014679,15165312851,4575141511,2256260023,21158055012
2023-10-14,26861.70703125,1555.2568359375,1.0001130104064941,1.0001059770584106,26861.70703125,1555.2568359375,1.0001130104064941,1.0001059770584106,26969.0,1560.3250732421875,1.0005309581756592,1.00062096118927,26814.5859375,1545.73876953125,0.9999539852142334,0.9997929930686951,26866.203125,1552.2637939453125,1.0001670122146606,0.999888002872467,5388116782,2429214718,1036838776,9989859215
2023-10-15,27159.65234375,1558.06982421875,1.0003139972686768,1.0003730058670044,27159.65234375,1558.06982421875,1.0003139972686768,1.0003730058670044,27289.169921875,1565.7608642578125,1.0006730556488037,1.000548005104065,26817.89453125,1550.5545654296875,0.9999039769172668,0.9998360276222229,26858.01171875,1555.0760498046875,1.000048041343689,1.0000250339508057,7098201980,2923337883,1366917286,12496424347
2023-10-16,28519.466796875,1600.5343017578125,1.0002069473266602,1.000548005104065,28519.466796875,1600.5343017578125,1.0002069473266602,1.000548005104065,29448.138671875,1628.15625,1.0008219480514526,1.000931978225708,27130.47265625,1555.9896240234375,0.9998180270195007,0.9999110102653503,27162.62890625,1558.3134765625,1.0002330541610718,1.000378966331482,27833876539,8846928526,4703592443,47707269941
2023-10-17,28415.748046875,1565.4395751953125,1.0000239610671997,1.0004040002822876,28415.748046875,1565.4395751953125,1.0000239610671997,1.0004040002822876,28618.751953125,1601.294677734375,1.0003279447555542,1.0008399486541748,28110.185546875,1554.4029541015625,0.999813973903656,1.000156044960022,28522.09765625,1600.6356201171875,1.0002210140228271,1.0005799531936646,14872527508,5032686973,2840553486,38333912794
2023-10-18,28328.341796875,1563.7498779296875,1.000038981437683,1.0002269744873047,28328.341796875,1563.7498779296875,1.000038981437683,1.0002269744873047,28889.009765625,1584.7269287109375,1.0004700422286987,1.0007920265197754,28174.251953125,1556.736328125,0.9998869895935059,1.0001070499420166,28413.53125,1565.3828125,1.0000540018081665,1.000419020652771,12724128586,4354138855,2648160709,32819081997
2023-10-19,28719.806640625,1567.45703125,0.9999880194664001,1.0004630088806152,28719.806640625,1567.45703125,0.9999880194664001,1.0004630088806152,28892.474609375,1573.7376708984375,1.000548005104065,1.001075029373169,28177.98828125,1543.5850830078125,0.999858021736145,1.0000699758529663,28332.416015625,1563.9581298828125,1.0002080202102661,1.000404953956604,14448058195,5035110867,2652500406,33070893762
2023-10-20,29682.94921875,1604.6668701171875,1.0000640153884888,1.0005309581756592,29682.94921875,1604.6668701171875,1.0000640153884888,1.0005309581756592,30104.0859375,1628.6090087890625,1.0005439519882202,1.0010960102081299,28601.669921875,1562.3028564453125,0.9996430277824402,1.0000909566879272,28732.8125,1567.5709228515625,1.0000120401382446,1.0004420280456543,21536125230,6747486127,3464401132,40795586179
2023-10-21,29918.412109375,1629.304443359375,0.9999489784240723,1.0003559589385986,29918.412109375,1629.304443359375,0.9999489784240723,1.0003559589385986,30287.482421875,1641.2418212890625,1.0002119541168213,1.0006760358810425,29481.751953125,1593.447998046875,0.9998130202293396,1.0001029968261719,29683.380859375,1604.822265625,1.0000150203704834,1.000491976737976,11541146996,4212179634,2029693357,31214248865
2023-10-22,29993.896484375,1663.429931640625,0.9999179840087891,1.0002460479736328,29993.896484375,1663.429931640625,0.9999179840087891,1.0002460479736328,30199.43359375,1667.6666259765625,1.0005090236663818,1.0006920099258423,29720.3125,1623.9847412109375,0.9997220039367676,0.9999669790267944,29918.654296875,1629.2977294921875,0.999925971031189,1.0003329515457153,10446520040,5248406817,2139970395,33182189773
2023-10-23,33086.234375,1765.3826904296875,1.0000890493392944,1.0003999471664429,33086.234375,1765.3826904296875,1.0000890493392944,1.0003999471664429,34370.4375,1794.0704345703125,1.000586986541748,1.001013994216919,30097.828125,1663.447998046875,0.9993259906768799,0.9998220205307007,30140.685546875,1674.8492431640625,1.0003010034561157,1.0005550384521484,38363572311,14362295879,6974709631,50238491833
2023-10-24,33901.52734375,1784.4375,0.9999939799308777,1.0000150203704834,33901.52734375,1784.4375,0.9999939799308777,1.0000150203704834,35150.43359375,1852.6844482421875,1.0004819631576538,1.0005680322647095,32880.76171875,1758.6900634765625,0.9995179772377014,0.9995729923248291,33077.3046875,1766.0146484375,0.9999769926071167,1.0003629922866821,44934999645,15888690475,8074666907,60389981030
2023-10-25,34502.8203125,1787.3975830078125,1.0001959800720215,1.0004149675369263,34502.8203125,1787.3975830078125,1.0001959800720215,1.0004149675369263,35133.7578125,1814.4847412109375,1.000784993171692,1.0007719993591309,33709.109375,1762.1470947265625,0.9998130202293396,0.9997389912605286,33916.04296875,1784.905029296875,0.9999960064888,0.999966025352478,25254318008,9439066475,5304032294,37032981246
2023-10-26,34156.6484375,1804.039306640625,1.0000189542770386,1.0001929998397827,34156.6484375,1804.039306640625,1.0000189542770386,1.0001929998397827,34832.91015625,1865.09521484375,1.0005220174789429,1.0006539821624756,33762.32421875,1764.0130615234375,0.9998160004615784,0.9997810125350952,34504.2890625,1787.48193359375,1.0001540184020996,1.0004030466079712,19427195376,11196672635,4962675018,34400726384
2023-10-27,33909.80078125,1780.0452880859375,1.0,1.0002570152282715,33909.80078125,1780.0452880859375,1.0,1.0002570152282715,34238.2109375,1804.1358642578125,1.000789999961853,1.0008000135421753,33416.88671875,1751.4400634765625,0.9998149871826172,0.999921977519989,34156.5,1803.794921875,1.0000059604644775,1.0001620054244995,16418032871,7493399771,4082394599,26940157935
2023-10-28,34089.57421875,1776.6181640625,1.0000560283660889,1.0002529621124268,34089.57421875,1776.6181640625,1.0000560283660889,1.0002529621124268,34399.390625,1800.6053466796875,1.000599980354309,1.0007480382919312,33874.8046875,1773.4366455078125,0.9995869994163513,0.9995419979095459,33907.72265625,1780.084228515625,1.0000319480895996,1.0003169775009155,10160330825,4226112731,2468016438,17102158535
2023-10-29,34538.48046875,1795.5460205078125,1.000022053718567,1.0003869533538818,34538.48046875,1795.5460205078125,1.000022053718567,1.0003869533538818,34743.26171875,1810.4886474609375,1.0004760026931763,1.0007270574569702,33947.56640625,1766.052978515625,0.9998419880867004,0.9999719858169556,34089.37109375,1776.56396484375,1.0000380277633667,1.0002349615097046,11160323986,4358528382,2543105671,17945833722
2023-10-30,34502.36328125,1810.088623046875,1.000167965888977,1.0005719661712646,34502.36328125,1810.088623046875,1.000167965888977,1.0005719661712646,34843.93359375,1829.24951171875,1.0004680156707764,1.0008729696273804,34110.97265625,1779.364501953125,0.9997079968452454,0.9998990297317505,34531.7421875,1795.589111328125,0.9999510049819946,1.0002340078353882,17184860315,7534051038,3923554176,28763511481
2023-10-31,34667.78125,1816.458984375,0.9999399781227112,1.0003149509429932,34667.78125,1816.458984375,0.9999399781227112,1.0003149509429932,34719.25390625,1819.97265625,1.0004520416259766,1.0009009838104248,34083.30859375,1784.567626953125,0.999763011932373,1.0000369548797607,34500.078125,1810.131591796875,1.0001980066299438,1.0005929470062256,15758270810,6477922747,3514523823,29335341382
2023-11-01,35437.25390625,1847.0897216796875,1.0002330541610718,1.0006109476089478,35437.25390625,1847.0897216796875,1.0002330541610718,1.0006109476089478,35527.9296875,1858.3128662109375,1.0004479885101318,1.0008599758148193,34170.69140625,1786.4095458984375,0.9996439814567566,0.999783992767334,34657.2734375,1815.8720703125,1.0001009702682495,1.0004279613494873,22446272005,10628825648,4780026293,39913237495
2023-11-02,34938.2421875,1800.6209716796875,1.0001200437545776,1.0002130270004272,34938.2421875,1800.6209716796875,1.0001200437545776,1.0002130270004272,35919.84375,1873.885009765625,1.000633955001831,1.0011600255966187,34401.57421875,1790.11474609375,0.9997680187225342,1.0000040531158447,35441.578125,1847.2598876953125,1.0001779794692993,1.0005589723587036,20998158544,9004197724,4727405731,37061602828
2023-11-03,34732.32421875,1832.795166015625,1.0002490282058716,1.0006500482559204,34732.32421875,1832.795166015625,1.0002490282058716,1.0006500482559204,34942.47265625,1835.072509765625,1.0006459951400757,1.0010119676589966,34133.44140625,1779.635498046875,0.9997879862785339,0.9999679923057556,34942.47265625,1800.91650390625,1.0001579523086548,1.0002659559249878,17158456701,7622864055,3917354437,30750864935
2023-11-04,35082.1953125,1857.6986083984375,1.0001749992370605,1.0007810592651367,35082.1953125,1857.6986083984375,1.0001749992370605,1.0007810592651367,35256.03125,1867.2613525390625,1.0006910562515259,1.001268982887268,34616.69140625,1825.736572265625,0.9999449849128723,1.0003260374069214,34736.32421875,1833.368896484375,1.0001709461212158,1.0006129741668701,9561294264,4845080427,2236249364,20039891292
2023-11-05,35049.35546875,1894.15771484375,0.9999970197677612,1.000723958015442,35049.35546875,1894.15771484375,0.9999970197677612,1.000723958015442,35340.33984375,1911.608642578125,1.0007590055465698,1.001541018486023,34594.2421875,1848.6201171875,0.99965900182724,1.0004609823226929,35090.01171875,1857.3956298828125,1.0002609491348267,1.000849962234497,12412743996,8867152645,3320758545,27539467535
2023-11-06,35037.37109375,1899.83740234375,0.9999840259552002,1.0003169775009155,35037.37109375,1899.83740234375,0.9999840259552002,1.0003169775009155,35286.02734375,1914.5826416015625,1.0004429817199707,1.001209020614624,34765.36328125,1871.9730224609375,0.9998059868812561,1.0001169443130493,35044.7890625,1894.027099609375,1.0000909566879272,1.0006779432296753,12693436420,8104122602,3704537072,28998480107
2023-11-07,35443.5625,1888.124267578125,1.0000280141830444,1.0005689859390259,35443.5625,1888.124267578125,1.0000280141830444,1.0005689859390259,35892.41796875,1907.5614013671875,1.0008080005645752,1.0011080503463745,34545.81640625,1852.7908935546875,0.999796986579895,1.0000360012054443,35047.79296875,1900.5997314453125,0.9999420046806335,1.0003050565719604,18834737789,9203228152,4331266462,37131401565
2023-11-08,35655.27734375,1889.3223876953125,1.000033974647522,1.0003550052642822,35655.27734375,1889.3223876953125,1.000033974647522,1.0003550052642822,35994.41796875,1904.5462646484375,1.000412940979004,1.00096595287323,35147.80078125,1874.545654296875,0.9998520016670227,0.9999099969863892,35419.4765625,1887.1190185546875,1.000022053718567,1.0004990100860596,17295394918,6751627017,3483561051,31439123893
2023-11-09,36693.125,2120.56103515625,0.9999560117721558,1.0000929832458496,36693.125,2120.56103515625,0.9999560117721558,1.0000929832458496,37926.2578125,2130.88525390625,1.0003629922866821,1.0008169412612915,35592.1015625,1884.204345703125,0.9992380142211914,0.9995779991149902,35633.6328125,1888.9403076171875,1.0000510215759277,1.0003859996795654,37762672382,24709695029,7796943402,71681797266
2023-11-10,37313.96875,2078.289794921875,0.9995419979095459,0.9999979734420776,37313.96875,2078.289794921875,0.9995419979095459,0.9999979734420776,37493.80078125,2134.69140625,1.0003900527954102,1.0007209777832031,36362.75390625,2068.13427734375,0.9995319843292236,0.9997429847717285,36702.25,2121.0673828125,0.9999079704284668,1.0001729726791382,22711265155,14740624457,5800619880,50393389957
2023-11-11,37138.05078125,2052.7138671875,0.9997100234031677,0.9998329877853394,37138.05078125,2052.7138671875,0.9997100234031677,0.9998329877853394,37407.09375,2089.530517578125,1.0001349449157715,1.0008169412612915,36773.66796875,2035.0821533203125,0.9994630217552185,0.9997159838676453,37310.0703125,2078.058349609375,0.9998329877853394,1.0002559423446655,13924272142,10228351203,4054656387,40492882175
2023-11-12,37054.51953125,2045.18701171875,0.9996010065078735,1.000143051147461,37054.51953125,2045.18701171875,0.9996010065078735,1.000143051147461,37227.69140625,2066.00341796875,1.0003269910812378,1.000777006149292,36779.1171875,2019.028076171875,0.9992030262947083,0.9996619820594788,37133.9921875,2053.11865234375,0.999688982963562,0.99993497133255,11545715999,7951011698,3363812288,34090921591
2023-11-13,36502.35546875,2055.265380859375,0.9999629855155945,1.0003739595413208,36502.35546875,2055.265380859375,0.9999629855155945,1.0003739595413208,37405.1171875,2116.0107421875,1.000810980796814,1.0012309551239014,36399.60546875,2031.9542236328125,0.9993399977684021,0.9998760223388672,37070.3046875,2045.3544921875,0.9997730255126953,1.0002529621124268,19057712790,14322027970,5884242661,47623447835
2023-11-14,35537.640625,1979.0526123046875,1.0000250339508057,1.0002590417861938,35537.640625,1979.0526123046875,1.0000250339508057,1.0002590417861938,36753.3515625,2065.06689453125,1.0005079507827759,1.0008039474487305,34948.5,1939.2803955078125,0.9996079802513123,0.9995980262756348,36491.7890625,2054.765380859375,1.0002590417861938,1.0006639957427979,23857403554,13087862495,5897076012,47902433059
2023-11-15,37880.58203125,2060.408447265625,1.0000300407409668,1.0007699728012085,37880.58203125,2060.408447265625,1.0000300407409668,1.0007699728012085,37964.89453125,2061.99169921875,1.0004279613494873,1.000931978225708,35383.78125,1968.774658203125,0.9998030066490173,1.000022053718567,35548.11328125,1979.47265625,1.000074028968811,1.000249981880188,27365821679,12626326991,6459430865,49894898098
2023-11-16,36154.76953125,1960.881591796875,0.9999520182609558,1.000038981437683,36154.76953125,1960.881591796875,0.9999520182609558,1.000038981437683,37934.625,2088.662353515625,1.000372052192688,1.0007929801940918,35545.47265625,1940.57421875,0.9996479749679565,0.9997529983520508,37879.98046875,2059.9658203125,1.0000890493392944,1.0006059408187866,26007385366,14651619483,6587299689,52458412049
2023-11-17,36596.68359375,1961.28076171875,1.0001909732818604,1.0005780458450317,36596.68359375,1961.28076171875,1.0001909732818604,1.0005780458450317,36704.484375,1990.050537109375,1.000452995300293,1.0006170272827148,35901.234375,1910.4454345703125,0.9997119903564453,0.9998649954795837,36164.82421875,1961.8675537109375,1.0000170469284058,1.000182032585144,22445028430,11881648738,5656392614,45809290050
2023-11-18,36585.703125,1963.2850341796875,1.000072956085205,1.0005979537963867,36585.703125,1963.2850341796875,1.000072956085205,1.0005979537963867,36839.28125,1971.4622802734375,1.000290036201477,1.000836968421936,36233.3125,1921.0623779296875,0.999800980091095,1.000161051750183,36625.37109375,1961.6712646484375,1.000120997428894,1.0004370212554932,11886022717,8064677046,3527085445,30549410765
2023-11-19,37386.546875,2013.2044677734375,0.9999759793281555,1.0004539489746094,37386.546875,2013.2044677734375,0.9999759793281555,1.0004539489746094,37509.35546875,2015.6339111328125,1.000264048576355,1.000810980796814,36414.59765625,1944.90087890625,0.9997950196266174,1.0001909732818604,36585.765625,1963.1800537109375,1.000074028968811,1.0005979537963867,12915986553,7716048818,3377536219,28609109544
2023-11-20,37476.95703125,2022.2391357421875,0.9999690055847168,1.0005970001220703,37476.95703125,2022.2391357421875,0.9999690055847168,1.0005970001220703,37756.8203125,2066.409912109375,1.0002470016479492,1.0010069608688354,36882.53125,1996.0443115234375,0.9995489716529846,1.000033974647522,37374.07421875,2011.8533935546875,1.0000269412994385,1.000491976737976,20888209068,12866464824,5715544230,40570824216
2023-11-21,35813.8125,1937.0667724609375,1.0000460147857666,1.0003889799118042,35813.8125,1937.0667724609375,1.0000460147857666,1.0003889799118042,37631.140625,2035.035888671875,1.0003290176391602,1.0008649826049805,35813.8125,1937.0667724609375,0.9995650053024292,0.9997919797897339,37469.16015625,2022.21728515625,0.9998210072517395,1.0005179643630981,25172163756,13653500841,6746318099,48932459629
2023-11-22,37432.33984375,2064.42529296875,0.9999819993972778,1.0003379583358765,37432.33984375,2064.42529296875,0.9999819993972778,1.0003379583358765,37856.98046875,2089.51416015625,1.0005749464035034,1.0006840229034424,35670.97265625,1933.1629638671875,0.9995689988136292,0.9998570084571838,35756.5546875,1933.5831298828125,1.0000109672546387,1.0003739595413208,24397247860,13372200584,5843849576,43622993259
2023-11-23,37289.62109375,2062.210693359375,0.9999560117721558,1.000141978263855,37289.62109375,2062.210693359375,0.9999560117721558,1.000141978263855,37643.91796875,2088.031982421875,1.000203013420105,1.0004769563674927,36923.86328125,2041.4642333984375,0.9997550249099731,0.9999169707298279,37420.43359375,2063.905517578125,1.0000040531158447,1.0003609657287598,14214948217,7828437946,3906905702,28640324596
2023-11-24,37720.28125,2081.152099609375,0.9996320009231567,1.0003529787063599,37720.28125,2081.152099609375,0.9996320009231567,1.0003529787063599,38415.33984375,2132.481201171875,1.0004509687423706,1.000857949256897,37261.60546875,2060.9990234375,0.9994329810142517,0.9999229907989502,37296.31640625,2062.411865234375,1.0000200271606445,1.0001490116119385,22922957823,12141148820,5071942600,40071555958
2023-11-25,37796.79296875,2084.4130859375,0.9998869895935059,1.000478982925415,37796.79296875,2084.4130859375,0.9998869895935059,1.000478982925415,37892.4296875,2091.3427734375,1.0001499652862549,1.0008169412612915,37617.41796875,2067.917236328125,0.9993969798088074,0.999925971031189,37721.4140625,2081.296142578125,0.9995549917221069,1.000264048576355,9099571165,5362623390,2220573375,23045093192
2023-11-26,37479.12109375,2063.2861328125,0.9998679757118225,1.0002110004425049,37479.12109375,2063.2861328125,0.9998679757118225,1.0002110004425049,37820.30078125,2094.095947265625,1.0000029802322388,1.000609040260315,37162.75,2038.6004638671875,0.9992259740829468,0.9996230006217957,37796.828125,2084.177490234375,0.9998760223388672,1.0004860162734985,13744796068,8054814154,2981851641,30299804822
2023-11-27,37254.16796875,2027.4173583984375,0.9999989867210388,0.9999799728393555,37254.16796875,2027.4173583984375,0.9999989867210388,0.9999799728393555,37559.35546875,2070.606201171875,1.0005120038986206,1.000661015510559,36750.12890625,1988.120361328125,0.9994670152664185,0.9998350143432617,37454.19140625,2062.390869140625,0.9998599886894226,1.0002139806747437,19002925720,10574810069,4857602258,38568585545
2023-11-28,37831.0859375,2049.338134765625,0.9999139904975891,1.0003770589828491,37831.0859375,2049.338134765625,0.9999139904975891,1.0003770589828491,38368.48046875,2074.9541015625,1.0005329847335815,1.0006680488586426,36891.08984375,1996.814697265625,0.9994289875030518,0.999888002872467,37247.9921875,2027.5172119140625,1.0001130104064941,1.0001120567321777,21696137014,9910633038,4946072076,37720536626
2023-11-29,37858.4921875,2029.92919921875,1.000040054321289,1.0002199411392212,37858.4921875,2029.92919921875,1.000040054321289,1.0002199411392212,38366.11328125,2071.994384765625,1.0002280473709106,1.0008169412612915,37612.6328125,2020.756591796875,0.9993230104446411,0.9998890161514282,37826.10546875,2049.186767578125,0.9998530149459839,1.0003260374069214,20728546658,8945151861,4806411317,35115076722
2023-11-30,37712.74609375,2052.55615234375,1.0000059604644775,1.000156044960022,37712.74609375,2052.55615234375,1.0000059604644775,1.000156044960022,38141.75390625,2054.4443359375,1.0002880096435547,1.0003900527954102,37531.140625,2022.4617919921875,0.9997910261154175,0.9998630285263062,37861.1171875,2029.3583984375,1.000022053718567,1.0002360343933105,18115982627,8107789163,3955267282,29247809691
2023-12-01,38688.75,2087.139892578125,0.999796986579895,1.0001850128173828,38688.75,2087.139892578125,0.999796986579895,1.0001850128173828,38954.109375,2109.319091796875,1.0002069473266602,1.0006300210952759,37629.359375,2046.5570068359375,0.9994959831237793,0.9998310208320618,37718.0078125,2052.0966796875,1.0000929832458496,1.0001959800720215,23512784002,10866891430,5045550334,36738335582
2023-12-02,39476.33203125,2165.7041015625,0.9999529719352722,1.0003639459609985,39476.33203125,2165.7041015625,0.9999529719352722,1.0003639459609985,39678.9375,2182.81787109375,1.0001150369644165,1.000560998916626,38652.59375,2087.407958984375,0.9993199706077576,0.999692976474762,38689.27734375,2087.66357421875,0.9997509717941284,1.0001989603042603,15534035612,9130124831,3627380584,31086578261
2023-12-03,39978.390625,2193.691650390625,0.9998959898948669,1.0003089904785156,39978.390625,2193.691650390625,0.9998959898948669,1.0003089904785156,40135.60546875,2213.17578125,1.000169038772583,1.0005619525909424,39298.1640625,2151.720947265625,0.998894989490509,0.9993209838867188,39472.20703125,2165.895751953125,0.999966025352478,1.0004440546035767,15769696322,8278465782,3432480206,32506614462
2023-12-04,41980.09765625,2243.2158203125,0.9999210238456726,0.9999129772186279,41980.09765625,2243.2158203125,0.9999210238456726,0.9999129772186279,42371.75,2273.06982421875,1.000473976135254,1.00102698802948,39978.62890625,2193.00732421875,0.9990460276603699,0.9990900158882141,39978.62890625,2193.663330078125,0.9999020099639893,1.0003069639205933,39856129827,16149367134,7360707792,74534917166
2023-12-05,44080.6484375,2293.841796875,1.00028395652771,1.0005459785461426,44080.6484375,2293.841796875,1.00028395652771,1.0005459785461426,44408.6640625,2306.5703125,1.0004440546035767,1.0007489919662476,41421.1484375,2191.17626953125,0.9993579983711243,0.9993069767951965,41986.265625,2243.092529296875,0.9999729990959167,0.9999740123748779,36312154535,15383072559,6856709757,59504264657
2023-12-06,43746.4453125,2231.661376953125,1.0000309944152832,1.0000319480895996,43746.4453125,2231.661376953125,1.0000309944152832,1.0000319480895996,44265.76953125,2310.713134765625,1.0006190538406372,1.0008560419082642,43478.08203125,2225.0810546875,0.9997779726982117,0.9998390078544617,44080.0234375,2293.628173828125,1.000012993812561,1.0002199411392212,29909761586,12790612571,6126970583,57074332907
2023-12-07,43292.6640625,2357.57958984375,0.9999970197677612,1.0003169775009155,43292.6640625,2357.57958984375,0.9999970197677612,1.0003169775009155,44042.58984375,2380.729736328125,1.0006070137023926,1.001062035560608,42880.6484375,2225.050537109375,0.9997649788856506,0.9999060034751892,43769.1328125,2233.2177734375,0.9999769926071167,1.0000109672546387,27635760671,14766891042,6488731738,52213979484
2023-12-08,44166.6015625,2358.73193359375,0.9999250173568726,1.0001239776611328,44166.6015625,2358.73193359375,0.9999250173568726,1.0001239776611328,44705.515625,2387.514404296875,1.0005569458007812,1.0006619691848755,43125.296875,2340.92041015625,0.9998070001602173,0.9999529719352722,43293.13671875,2357.169189453125,1.0000170469284058,1.000372052192688,24421116687,12543458699,6282261785,48979635040
2023-12-09,43725.984375,2341.17529296875,1.000195026397705,1.0005170106887817,43725.984375,2341.17529296875,1.000195026397705,1.0005170106887817,44361.2578125,2401.760498046875,1.000656008720398,1.000939965248108,43627.59765625,2331.666015625,0.9998419880867004,1.0000489950180054,44180.01953125,2358.68603515625,0.9999189972877502,1.0001310110092163,17368210171,10613312823,4743965792,45714652119
2023-12-10,43779.69921875,2352.462646484375,1.0000280141830444,1.0000439882278442,43779.69921875,2352.462646484375,1.0000280141830444,1.0000439882278442,44034.625,2376.749755859375,1.0005860328674316,1.000709056854248,43593.28515625,2323.40576171875,0.9998310208320618,0.999888002872467,43728.3828125,2341.440185546875,1.0000560283660889,1.0003540515899658,13000481418,7369608905,3540530606,32521476893
2023-12-11,41243.83203125,2224.578857421875,1.0000799894332886,0.999547004699707,41243.83203125,2224.578857421875,1.0000799894332886,0.999547004699707,43808.375,2354.9140625,1.0029670000076294,1.0007729530334473,40234.578125,2160.358154296875,0.999692976474762,0.9988499879837036,43792.01953125,2352.49658203125,1.000095009803772,1.0000720024108887,40632672038,17989249470,8980651787,73473005079
2023-12-12,41450.22265625,2202.0380859375,1.0003050565719604,0.9997860193252563,41450.22265625,2202.0380859375,1.0003050565719604,0.9997860193252563,42048.3046875,2242.55126953125,1.0009950399398804,1.0009870529174805,40667.5625,2166.77001953125,0.999783992767334,0.9990299940109253,41238.734375,2224.39111328125,1.0001540184020996,0.9995819926261902,24779520132,11391132228,6327509556,50960203250
2023-12-13,42890.7421875,2260.648681640625,1.0000029802322388,1.0001909732818604,42890.7421875,2260.648681640625,1.0000029802322388,1.0001909732818604,43429.78125,2283.09912109375,1.0010930299758911,1.0007189512252808,40676.8671875,2150.75439453125,0.9998090267181396,0.9992460012435913,41468.46484375,2202.600341796875,1.0002659559249878,0.9997209906578064,26797884674,12576395493,6632941650,52038965688
2023-12-14,43023.97265625,2316.5791015625,0.9999769926071167,1.000154972076416,43023.97265625,2316.5791015625,0.9999769926071167,1.000154972076416,43390.859375,2331.6015625,1.000993013381958,1.0009859800338745,41767.08984375,2239.3662109375,0.9998480081558228,0.9997860193252563,42884.26171875,2260.736083984375,1.0001230239868164,1.0002750158309937,25578530178,12608711052,6352617430,50697278985
2023-12-15,41929.7578125,2219.33740234375,1.0001699924468994,1.0001499652862549,41929.7578125,2219.33740234375,1.0001699924468994,1.0001499652862549,43087.82421875,2316.892822265625,1.000846028327942,1.0010340213775635,41692.96875,2214.26318359375,0.9998459815979004,0.999584972858429,43028.25,2316.1103515625,1.0000489950180054,1.0002280473709106,19639442462,10259157898,5589250638,45289072124
2023-12-16,42240.1171875,2226.926513671875,0.9999729990959167,0.9991819858551025,42240.1171875,2226.926513671875,0.9999729990959167,0.9991819858551025,42664.9453125,2260.809814453125,1.00081205368042,1.0005760192871094,41723.11328125,2213.55078125,0.9998419880867004,0.9991099834442139,41937.7421875,2220.41552734375,1.0001709461212158,1.000080943107605,14386729590,6866555430,3971109127,34866731284
2023-12-17,41364.6640625,2196.481201171875,1.0005459785461426,0.9998769760131836,41364.6640625,2196.481201171875,1.0005459785461426,0.9998769760131836,42359.49609375,2244.366455078125,1.001065969467163,1.0004429817199707,41274.54296875,2195.76171875,0.9997739791870117,0.9985719919204712,42236.109375,2226.892578125,0.9998729825019836,0.9990620017051697,16678702876,7410453853,4203857073,34792857542
2023-12-18,42623.5390625,2217.2734375,1.0000309944152832,0.9997580051422119,42623.5390625,2217.2734375,1.0000309944152832,0.9997580051422119,42720.296875,2222.019287109375,1.0009479522705078,1.0003060102462769,40530.2578125,2120.12744140625,0.9998369812965393,0.998852014541626,41348.203125,2195.341796875,1.0002130270004272,0.9993529915809631,25224642008,10366536490,5768924196,47767663338
2023-12-19,42270.52734375,2177.87255859375,1.0002570152282715,0.9998900294303894,42270.52734375,2177.87255859375,1.0002570152282715,0.9998900294303894,43354.296875,2253.348876953125,1.0009369850158691,1.000601053237915,41826.3359375,2139.723388671875,0.9996960163116455,0.9992820024490356,42641.51171875,2218.240966796875,1.0000009536743164,0.999770998954773,23171001281,10619179629,5304568228,44657013334
2023-12-20,43652.25,2201.911376953125,1.0000269412994385,1.000025987625122,43652.25,2201.911376953125,1.0000269412994385,1.000025987625122,44275.5859375,2263.3291015625,1.0012370347976685,1.0011169910430908,42223.81640625,2161.21875,0.9997220039367676,0.9994919896125793,42261.30078125,2177.239501953125,1.0001540184020996,0.9996989965438843,27868908174,12652290807,5626388921,50936892565
2023-12-21,43869.15234375,2239.54248046875,0.9999819993972778,1.0001460313796997,43869.15234375,2239.54248046875,0.9999819993972778,1.0001460313796997,44240.66796875,2278.12158203125,1.0006769895553589,1.0008729696273804,43330.05078125,2184.856689453125,0.9997040033340454,0.9997149705886841,43648.125,2201.7900390625,0.9999650120735168,0.9999499917030334,22452766169,12616530536,5752000926,48533420642
2023-12-22,43997.90234375,2326.52490234375,1.0002050399780273,1.0009429454803467,43997.90234375,2326.52490234375,1.0002050399780273,1.0009429454803467,44367.95703125,2341.947509765625,1.0010390281677246,1.0013439655303955,43441.96875,2233.53271484375,0.9998430013656616,0.9999169707298279,43868.98828125,2239.59814453125,0.9999819993972778,1.0001779794692993,21028503216,16137246310,6215615616,52902171478
2023-12-23,43739.54296875,2309.04638671875,1.0002479553222656,1.0007410049438477,43739.54296875,2309.04638671875,1.0002479553222656,1.0007410049438477,44015.69921875,2332.072021484375,1.0006589889526367,1.0013129711151123,43351.35546875,2270.428955078125,0.9998739957809448,1.0002150535583496,44012.19921875,2326.7158203125,1.0002130270004272,1.000980019569397,13507796558,7995772945,3587593263,36651294683
2023-12-24,43016.1171875,2265.692138671875,1.0003089904785156,1.0008800029754639,43016.1171875,2265.692138671875,1.0003089904785156,1.0008800029754639,43945.5234375,2325.705078125,1.0006910562515259,1.0012789964675903,42786.91796875,2249.984375,0.9997199773788452,1.000223994255066,43728.3671875,2309.626708984375,1.0000510215759277,1.0005279779434204,18830554085,9450799236,4449639052,49444358257
2023-12-25,43613.140625,2272.561767578125,1.000396966934204,1.0005619525909424,43613.140625,2272.561767578125,1.000396966934204,1.0005619525909424,43765.09375,2303.551025390625,1.0006059408187866,1.0012229681015015,42765.76953125,2254.574462890625,0.9997959733009338,0.9998149871826172,43010.57421875,2265.340576171875,1.0003119707107544,1.0007810592651367,21115795370,8036302656,4515777689,61756563211
2023-12-26,42520.40234375,2231.46533203125,1.0003570318222046,1.0002340078353882,42520.40234375,2231.46533203125,1.0003570318222046,1.0002340078353882,43603.17578125,2274.557373046875,1.0006519556045532,1.000967025756836,41676.48828125,2180.225341796875,0.9997090101242065,0.9993249773979187,43599.84765625,2272.21875,1.0002650022506714,1.0004899501800537,30026850982,10668581464,5897181585,63483140133
2023-12-27,43442.85546875,2378.739990234375,0.9999610185623169,1.000694990158081,43442.85546875,2378.739990234375,0.9999610185623169,1.000694990158081,43683.16015625,2392.608642578125,1.000849962234497,1.0011160373687744,42167.58203125,2215.140380859375,0.9998850226402283,0.9998480081558228,42518.46875,2231.39306640625,1.00033700466156,1.0002310276031494,25260941032,14161342927,6415682081,56078039633
2023-12-28,42627.85546875,2347.566162109375,1.00075101852417,1.0011860132217407,42627.85546875,2347.566162109375,1.00075101852417,1.0011860132217407,43804.78125,2445.017578125,1.0009820461273193,1.0014619827270508,42318.55078125,2338.703857421875,0.9996849894523621,1.0000289678573608,43468.19921875,2380.20068359375,1.000154972076416,1.0008560419082642,22992093014,15660799060,6962497226,59086706628
2023-12-29,42099.40234375,2300.690673828125,1.0003429651260376,1.0004489421844482,42099.40234375,2300.690673828125,1.0003429651260376,1.0004489421844482,43124.32421875,2386.004638671875,1.001173973083496,1.0014840364456177,41424.0625,2262.975830078125,0.9999210238456726,0.999800980091095,42614.64453125,2346.84375,1.0006599426269531,1.0010830163955688,26000021055,12536968996,6732719103,52443392742
2023-12-30,42156.90234375,2292.0654296875,1.0003299713134766,1.0003809928894043,42156.90234375,2292.0654296875,1.0003299713134766,1.0003809928894043,42584.125,2322.021484375,1.0011570453643799,1.0009950399398804,41556.2265625,2270.011962890625,0.9998559951782227,0.999754011631012,42091.75390625,2300.399658203125,1.0003819465637207,1.0005099773406982,16013925945,6888195427,3591793169,31559955137
2023-12-31,42265.1875,2281.47119140625,1.0000699758529663,0.9997299909591675,42265.1875,2281.47119140625,1.0000699758529663,0.9997299909591675,42860.9375,2318.512939453125,1.0012270212173462,1.0012569427490234,41998.25390625,2261.394287109375,0.9998340010643005,0.9993429780006409,42152.09765625,2291.9453125,1.0001360177993774,1.0002039670944214,16397498810,6871481744,3568612484,33159237822
2024-01-01,44167.33203125,2352.327880859375,1.0001310110092163,1.0003679990768433,44167.33203125,2352.327880859375,1.0001310110092163,1.0003679990768433,44175.4375,2352.327880859375,1.000777006149292,1.000709056854248,42214.9765625,2267.01806640625,0.9998430013656616,0.9995740056037903,42280.234375,2282.870361328125,1.000095009803772,0.9998810291290283,18426978443,6906765990,3619152850,35556530943
2024-01-02,44957.96875,2355.83642578125,1.000162959098816,1.0005069971084595,44957.96875,2355.83642578125,1.000162959098816,1.0005069971084595,45899.70703125,2431.21240234375,1.0007599592208862,1.0013949871063232,44176.94921875,2348.892333984375,0.9994850158691406,1.0000959634780884,44187.140625,2352.593505859375,1.0000250339508057,1.0002729892730713,39335274536,12910543630,7168716923,59445456300
2024-01-03,42848.17578125,2210.761962890625,1.000182032585144,1.0006569623947144,42848.17578125,2210.761962890625,1.000182032585144,1.0006569623947144,45503.2421875,2385.11767578125,1.0009260177612305,1.0036300420761108,40813.53515625,2113.92529296875,0.9978139996528625,1.0001660585403442,44961.6015625,2355.9814453125,1.0000900030136108,1.0004340410232544,46342323118,19332933581,9659438355,87663506544
2024-01-04,44179.921875,2269.0380859375,0.9999790191650391,1.0010319948196411,44179.921875,2269.0380859375,0.9999790191650391,1.0010319948196411,44770.0234375,2294.608154296875,1.0006550550460815,1.0017590522766113,42675.17578125,2204.86572265625,0.9998549818992615,1.0003540515899658,42855.81640625,2210.529052734375,0.9999160170555115,1.0003989934921265,30448091210,11044564896,6513854273,54080510298
2024-01-05,44162.69140625,2268.647216796875,1.0000510215759277,1.000877022743225,44162.69140625,2268.647216796875,1.0000510215759277,1.000877022743225,44353.28515625,2276.7646484375,1.0007439851760864,1.0015729665756226,42784.71875,2209.537109375,0.9996709823608398,1.0004099607467651,44192.98046875,2269.409423828125,0.999875009059906,1.000933051109314,32336029347,10860953290,6668210536,53743098427
2024-01-06,43989.1953125,2241.624755859375,1.0001130104064941,1.0005919933319092,43989.1953125,2241.624755859375,1.0001130104064941,1.0005919933319092,44227.6328125,2271.359375,1.0004960298538208,1.0013929605484009,43475.15625,2219.781982421875,0.9997770190238953,1.0002959966659546,44178.953125,2269.5400390625,1.0000540018081665,1.0008529424667358,16092503468,5970741680,3301845016,32532178110
2024-01-07,43943.09765625,2222.865966796875,0.9999799728393555,1.0006070137023926,43943.09765625,2222.865966796875,0.9999799728393555,1.0006070137023926,44495.5703125,2257.1279296875,1.0005849599838257,1.0012110471725464,43662.23046875,2211.5625,0.9996650218963623,1.000161051750183,43998.46484375,2242.0126953125,0.9999930262565613,1.0005029439926147,19330573863,6490053615,3454405965,32666859534
2024-01-08,46970.50390625,2333.03271484375,0.9998549818992615,1.0005990266799927,46970.50390625,2333.03271484375,0.9998549818992615,1.0005990266799927,47218.0,2358.815673828125,1.000857949256897,1.0013790130615234,43244.08203125,2171.99365234375,0.9994760155677795,1.000161051750183,43948.70703125,2222.857666015625,1.0000380277633667,1.0007139444351196,42746192015,13830287095,7434325806,61906019146
2024-01-09,46139.73046875,2344.8271484375,0.9999920129776001,1.0001660585403442,46139.73046875,2344.8271484375,0.9999920129776001,1.0001660585403442,47893.69921875,2369.6416015625,1.000722050666809,1.000980019569397,45244.71484375,2243.21923828125,0.999413013458252,0.9994230270385742,46987.640625,2332.8681640625,1.0000250339508057,1.0008430480957031,39821290992,14891130716,7685031179,61396977432
2024-01-10,46627.77734375,2582.103515625,0.9998149871826172,1.000223994255066,46627.77734375,2582.103515625,0.9998149871826172,1.000223994255066,47647.22265625,2626.976806640625,1.0007100105285645,1.0010780096054077,44483.15234375,2341.943115234375,0.9994279742240906,0.9997320175170898,46121.5390625,2344.923583984375,1.0000309944152832,1.0002349615097046,50114613298,29042100476,10293999660,80427898461
2024-01-11,46368.5859375,2619.619140625,1.000236988067627,1.0002470016479492,46368.5859375,2619.619140625,1.000236988067627,1.0002470016479492,48969.37109375,2687.779052734375,1.0004420280456543,1.001114010810852,45678.64453125,2567.99365234375,0.9993770122528076,0.9991080164909363,46656.07421875,2584.171630859375,0.9998900294303894,1.000288963317871,45833734549,22575246883,9752773344,78116360556
2024-01-12,42853.16796875,2524.460205078125,1.0002950429916382,0.999908983707428,42853.16796875,2524.460205078125,1.0002950429916382,0.999908983707428,46498.13671875,2710.421875,1.0008009672164917,1.000445008277893,41903.76953125,2460.925537109375,0.9994909763336182,0.9987599849700928,46354.79296875,2619.177001953125,1.0001970529556274,1.000290036201477,43332698900,23623839263,9173229465,71993899911
2024-01-13,42842.3828125,2576.597900390625,1.0001499652862549,0.9999759793281555,42842.3828125,2576.597900390625,1.0001499652862549,0.9999759793281555,43234.66015625,2589.079833984375,1.0005559921264648,1.0002809762954712,42464.14453125,2498.594482421875,0.999750018119812,0.9995989799499512,42799.4453125,2522.933837890625,1.0004769563674927,1.0000920295715332,20601860469,12250316867,4721219489,38741665180
2024-01-14,41796.26953125,2472.2412109375,1.0001909732818604,0.9994900226593018,41796.26953125,2472.2412109375,1.0001909732818604,0.9994900226593018,43065.59765625,2578.332275390625,1.0005700588226318,1.0004229545593262,41724.61328125,2470.42431640625,0.9998869895935059,0.9992830157279968,42842.26171875,2578.003662109375,1.0001879930496216,0.9999420046806335,17521429522,9405587417,3885825077,35054633394
2024-01-15,42511.96875,2511.36376953125,1.0005220174789429,0.9997230172157288,42511.96875,2511.36376953125,1.0005220174789429,0.9997230172157288,43319.72265625,2550.76904296875,1.000849962234497,1.000349998474121,41705.41796875,2470.82080078125,0.9998459815979004,0.9990760087966919,41715.06640625,2471.6669921875,1.000154972076416,0.9994919896125793,22320220558,9700630000,4968009259,41325317168
2024-01-16,43154.9453125,2587.691162109375,1.0002059936523438,0.9998689889907837,43154.9453125,2587.691162109375,1.0002059936523438,0.9998689889907837,43566.2734375,2613.56689453125,1.000931978225708,1.000432014465332,42085.99609375,2500.00390625,0.9998530149459839,0.9986889958381653,42499.3359375,2510.627197265625,1.0002180337905884,0.999442994594574,24062872740,11063317095,5325841668,43063894677
2024-01-17,42742.65234375,2528.369384765625,1.0001640319824219,0.9991880059242249,42742.65234375,2528.369384765625,1.0001640319824219,0.9991880059242249,43189.890625,2592.737060546875,1.0009560585021973,1.000411033630371,42189.30859375,2508.432861328125,0.9998070001602173,0.9988530278205872,43132.1015625,2587.044677734375,1.0001850128173828,0.9998090267181396,20851232595,10441017520,5296515232,39917312476
2024-01-18,41262.05859375,2467.018798828125,1.0002169609069824,0.9992049932479858,41262.05859375,2467.018798828125,1.0002169609069824,0.9992049932479858,42876.34765625,2546.263916015625,1.0012329816818237,0.9997850060462952,40631.171875,2426.135498046875,0.9996979832649231,0.9980329871177673,42742.3125,2528.59326171875,1.0001829862594604,0.9992039799690247,25218357242,11900028080,6065965043,46185843187
2024-01-19,41618.40625,2489.49853515625,1.0001909732818604,0.9991859793663025,41618.40625,2489.49853515625,1.0001909732818604,0.9991859793663025,42134.16015625,2501.30517578125,1.0008039474487305,1.0,40297.45703125,2414.7109375,0.9996939897537231,0.9984670281410217,41278.4609375,2468.68896484375,1.0003900527954102,0.9994080066680908,25752407154,11405278376,5781605843,46650934337
2024-01-20,41665.5859375,2469.589111328125,1.0000499486923218,0.9993109703063965,41665.5859375,2469.589111328125,1.0000499486923218,0.9993109703063965,41877.89453125,2489.84765625,1.0016249418258667,1.000923991203308,41446.82421875,2456.095703125,0.9997770190238953,0.9989820122718811,41624.58984375,2489.84765625,1.000241994857788,0.9991580247879028,11586690904,5297826161,2710642311,25670327311
2024-01-21,41545.78515625,2453.9130859375,1.0000189542770386,0.999439001083374,41545.78515625,2453.9130859375,1.0000189542770386,0.999439001083374,41855.3671875,2479.760498046875,1.000918984413147,1.000378966331482,41497.0078125,2452.377685546875,0.9998229742050171,0.9991559982299805,41671.48828125,2469.798583984375,1.0001050233840942,0.9993759989738464,9344043642,4578471955,2267115211,21953622854
2024-01-22,39507.3671875,2310.826416015625,1.0000200271606445,0.9988530278205872,39507.3671875,2310.826416015625,1.0000200271606445,0.9988530278205872,41651.20703125,2463.447265625,1.0009560585021973,1.000452995300293,39450.1171875,2303.502685546875,0.9997860193252563,0.998615026473999,41553.65234375,2454.9873046875,1.000020980834961,0.9994530081748962,31338708143,13923771728,7125306569,49537774963
2024-01-23,39845.55078125,2240.68603515625,1.000087022781372,0.9992470145225525,39845.55078125,2240.68603515625,1.000087022781372,0.9992470145225525,40127.3515625,2348.03125,1.0011850595474243,1.0003149509429932,38521.89453125,2167.282470703125,0.9997419714927673,0.9984750151634216,39518.71484375,2310.95166015625,0.9999549984931946,0.998803973197937,29244553045,16182147521,6820740579,52394904183
2024-01-24,40077.07421875,2233.561767578125,1.0001790523529053,0.999737024307251,40077.07421875,2233.561767578125,1.0001790523529053,0.999737024307251,40483.78515625,2261.384521484375,1.0008219480514526,1.000440001487732,39508.796875,2197.65673828125,0.9998430013656616,0.9988769888877869,39877.59375,2241.749755859375,1.0001709461212158,0.999330997467041,22359526178,10134722960,5374964637,38440622439
2024-01-25,39933.80859375,2217.710205078125,1.000285029411316,0.9997169971466064,39933.80859375,2217.710205078125,1.000285029411316,0.9997169971466064,40254.48046875,2240.380859375,1.0008349418640137,1.000520944595337,39545.6640625,2173.6865234375,0.999875009059906,0.9991970062255859,40075.55078125,2233.969970703125,1.0000669956207275,0.9996610283851624,18491782013,9302247037,4814403169,33716145309
2024-01-26,41816.87109375,2267.19970703125,1.0001440048217773,0.9999859929084778,41816.87109375,2267.19970703125,1.0001440048217773,0.9999859929084778,42209.38671875,2280.3837890625,1.0010420083999634,1.0003410577774048,39825.69140625,2196.14013671875,0.9998869895935059,0.9991880059242249,39936.81640625,2217.44189453125,1.0001330375671387,0.9995729923248291,25598119893,9975117607,5487181666,42091434921
2024-01-27,42120.0546875,2267.885986328125,1.0000879764556885,1.000046968460083,42120.0546875,2267.885986328125,1.0000879764556885,1.000046968460083,42195.6328125,2282.54443359375,1.0006259679794312,1.0003679990768433,41431.28125,2252.38525390625,0.999904990196228,0.9996970295906067,41815.625,2267.3193359375,1.0001260042190552,0.999871015548706,11422941934,5144367230,2863545371,23232564659
2024-01-28,42035.59375,2257.208740234375,1.0001230239868164,1.0000009536743164,42035.59375,2257.208740234375,1.0001230239868164,1.0000009536743164,42797.17578125,2306.898681640625,1.0003260374069214,1.0002490282058716,41696.91015625,2242.683837890625,0.9997000098228455,0.9994980096817017,42126.125,2268.19287109375,1.0001389980316162,1.0001189708709717,16858971687,7296214994,4447643739,29379055847
2024-01-29,43288.24609375,2317.064208984375,1.000175952911377,1.0001250505447388,43288.24609375,2317.064208984375,1.000175952911377,1.0001250505447388,43305.8671875,2320.02734375,1.0006680488586426,1.0005860328674316,41818.33203125,2237.711669921875,0.9999319911003113,0.9996209740638733,42030.9140625,2256.995361328125,1.0001169443130493,0.9999939799308777,20668476578,8948195551,4920736968,35674653681
2024-01-30,42952.609375,2344.49365234375,1.0000560283660889,1.0000280141830444,42952.609375,2344.49365234375,1.0000560283660889,1.0000280141830444,43838.9453125,2388.87060546875,1.000385046005249,1.0003230571746826,42711.37109375,2298.281982421875,0.999754011631012,0.9995970129966736,43300.2265625,2317.435791015625,1.0001749992370605,1.0001139640808105,23842814518,10173440062,5630117915,41189878063
2024-01-31,42582.60546875,2282.54443359375,1.0001740455627441,1.0000280141830444,42582.60546875,2282.54443359375,1.0001740455627441,1.0000280141830444,43717.40625,2349.611328125,1.0007599592208862,1.000357985496521,42298.9453125,2264.443603515625,0.999779999256134,0.999110996723175,42946.25,2343.558837890625,1.000067949295044,1.0000749826431274,24673628793,10807883277,7284362922,41189878063
2024-02-01,43075.7734375,2303.82470703125,1.0003440380096436,0.9999330043792725,43075.7734375,2303.82470703125,1.0003440380096436,0.9999330043792725,43243.16796875,2309.842529296875,1.000920057296753,1.000357985496521,41879.19140625,2243.57177734375,0.9997940063476562,0.9989070296287537,42569.76171875,2282.17529296875,1.0001699924468994,1.0000749826431274,21423953779,8895583113,5394329612,37397906057
2024-02-02,43185.859375,2308.0380859375,1.000141978263855,0.9997140169143677,43185.859375,2308.0380859375,1.000141978263855,0.9997140169143677,43422.48828125,2323.053466796875,1.0007270574569702,1.0003160238265991,42584.3359375,2282.230224609375,0.999891996383667,0.9992089867591858,43077.640625,2303.7060546875,1.0003310441970825,0.9998459815979004,18603843039,7186143091,4598678104,32455547367
2024-02-03,42992.25,2296.038330078125,1.0001449584960938,0.999809980392456,42992.25,2296.038330078125,1.0001449584960938,0.999809980392456,43359.94140625,2327.346923828125,1.0004639625549316,1.0000139474868774,42890.80859375,2293.5380859375,0.9998649954795837,0.9993559718132019,43184.96484375,2307.980224609375,1.0001310110092163,0.9997149705886841,11169245236,4647754021,2502413315,19986631753
2024-02-04,42583.58203125,2289.546142578125,1.0001269578933716,0.9997199773788452,42583.58203125,2289.546142578125,1.0001269578933716,0.9997199773788452,43097.64453125,2309.01123046875,1.0005229711532593,1.0001529455184937,42374.83203125,2272.304931640625,0.9999300241470337,0.9994239807128906,42994.94140625,2296.116943359375,1.0001709461212158,0.9998239874839783,14802225490,5438100035,2734642073,22080787677
2024-02-05,42658.66796875,2298.888916015625,1.0000569820404053,0.9987949728965759,42658.66796875,2298.888916015625,1.0000569820404053,0.9987949728965759,43494.25,2334.6767578125,1.0008900165557861,0.9999849796295166,42264.81640625,2270.06787109375,0.9997990131378174,0.9985920190811157,42577.62109375,2289.20556640625,1.0001670122146606,0.999737024307251,18715487317,7277068110,4507910878,30574227480
2024-02-06,43084.671875,2372.201904296875,1.0002210140228271,0.9999819993972778,43084.671875,2372.201904296875,1.0002210140228271,0.9999819993972778,43344.1484375,2389.826171875,1.0008260011672974,1.0000430345535278,42529.01953125,2296.78857421875,0.9998430013656616,0.9985619783401489,42657.390625,2298.955078125,1.0000959634780884,0.9987999796867371,16798476726,9520885493,4415864090,31068605844
2024-02-07,44318.22265625,2423.7451171875,1.0000929832458496,0.9998239874839783,44318.22265625,2423.7451171875,1.0000929832458496,0.9998239874839783,44341.94921875,2442.63623046875,1.000723958015442,1.0001519918441772,42775.95703125,2353.7060546875,0.9996939897537231,0.9991070032119751,43090.01953125,2372.2626953125,1.000154972076416,0.9999110102653503,21126587775,9660628536,5719303290,36206749333
2024-02-08,45301.56640625,2419.906494140625,1.000048041343689,1.000195026397705,45301.56640625,2419.906494140625,1.000048041343689,1.000195026397705,45575.83984375,2459.556640625,1.0002399682998657,1.0003700256347656,44332.125,2414.74951171875,0.9993759989738464,0.9991049766540527,44332.125,2424.080078125,0.9998639822006226,0.9996770024299622,26154524080,9941841732,6233371927,41495353803
2024-02-09,47147.19921875,2487.515625,0.9999250173568726,1.0004899501800537,47147.19921875,2487.515625,0.9999250173568726,1.0004899501800537,48152.49609375,2522.724609375,1.0004260540008545,1.0008560419082642,45260.82421875,2419.36279296875,0.9993820190429688,0.9992910027503967,45297.3828125,2419.773681640625,0.9999880194664001,1.0001189708709717,39316770844,13634203177,8069980546,55541686302
2024-02-10,47771.27734375,2501.228271484375,1.0000139474868774,1.0003180503845215,47771.27734375,2501.228271484375,1.0000139474868774,1.0003180503845215,48146.171875,2516.7197265625,1.000393033027649,1.000905990600586,46905.3203125,2475.857666015625,0.9997829794883728,1.0001410245895386,47153.52734375,2487.650390625,1.0000120401382446,1.0005170106887817,16398681570,6474444159,3745251311,28746535798
2024-02-11,48293.91796875,2507.570556640625,0.9999420046806335,1.0002789497375488,48293.91796875,2507.570556640625,0.9999420046806335,1.0002789497375488,48535.9375,2537.67919921875,1.0005409717559814,1.0008820295333862,47617.40625,2495.21435546875,0.9996129870414734,0.9999420046806335,47768.96875,2501.1298828125,1.0000109672546387,1.0003219842910767,19315867136,7347245813,4073957830,31433121648
2024-02-12,49958.22265625,2658.115966796875,0.9999729990959167,1.0002789497375488,49958.22265625,2658.115966796875,0.9999729990959167,1.0002789497375488,50280.4765625,2663.8427734375,1.0007799863815308,1.0010930299758911,47745.76171875,2473.81201171875,0.999767005443573,0.9998340010643005,48296.38671875,2507.578857421875,0.9999290108680725,1.0002700090408325,34511985805,13022696866,6739557067,50194735130
2024-02-13,49742.44140625,2642.185302734375,1.0000959634780884,1.0005919933319092,49742.44140625,2642.185302734375,1.0000959634780884,1.0005919933319092,50358.390625,2686.455078125,1.000694990158081,1.0011080503463745,48406.49609375,2599.16943359375,0.9995660185813904,0.9998000264167786,49941.359375,2659.586181640625,0.9999549984931946,1.0003360509872437,35593051468,18271237044,6825450889,57692446059
2024-02-14,51826.6953125,2777.90234375,1.0000319480895996,1.000931978225708,51826.6953125,2777.90234375,1.0000319480895996,1.000931978225708,52021.37109375,2786.8935546875,1.0005970001220703,1.00130295753479,49296.83203125,2621.025390625,0.9994879961013794,0.9999729990959167,49733.4453125,2641.685302734375,1.000195026397705,1.0005810260772705,39105608050,21448973822,6680249701,64385254811
2024-02-15,51938.5546875,2824.37890625,0.9999639987945557,1.0009440183639526,51938.5546875,2824.37890625,0.9999639987945557,1.0009440183639526,52820.06640625,2865.845458984375,1.0002449750900269,1.0011800527572632,51371.62890625,2764.010498046875,0.9992049932479858,0.9994059801101685,51836.78515625,2777.601318359375,1.0000050067901611,1.000898003578186,38564360533,23734481937,7527179544,69469934488
2024-02-16,52160.203125,2803.69140625,1.0000089406967163,1.0006519556045532,52160.203125,2803.69140625,1.0000089406967163,1.0006519556045532,52537.96875,2858.450439453125,1.000223994255066,1.001222014427185,51641.3671875,2760.3310546875,0.9992629885673523,0.9997760057449341,51937.7265625,2825.480712890625,0.9999169707298279,1.0009880065917969,28180567298,17057114638,5614125794,53607476361
2024-02-17,51662.99609375,2786.672607421875,1.0000649690628052,1.000359058380127,51662.99609375,2786.672607421875,1.0000649690628052,1.000359058380127,52191.9140625,2805.128662109375,1.0003440380096436,1.0008759498596191,50669.66796875,2724.386962890625,0.9994480013847351,0.9997339844703674,52161.67578125,2803.73583984375,0.9999970197677612,1.0006929636001587,20009091006,17932379943,3780445355,45457904701
2024-02-18,52122.546875,2878.998046875,1.0000519752502441,1.000236988067627,52122.546875,2878.998046875,1.0000519752502441,1.000236988067627,52356.96484375,2892.843505859375,1.0003039836883545,1.0005160570144653,51233.70703125,2767.9130859375,0.9993910193443298,0.9997469782829285,51661.96875,2786.709716796875,1.0000050067901611,1.0003349781036377,17595377311,23355830478,3863859252,49507723529
2024-02-19,51779.14453125,2943.57470703125,0.9998760223388672,1.0001020431518555,51779.14453125,2943.57470703125,0.9998760223388672,1.0001020431518555,52483.32421875,2983.37060546875,1.0001870393753052,1.0003559589385986,51711.8203125,2860.263671875,0.9994779825210571,0.9993849992752075,52134.8125,2881.296875,1.0000319480895996,1.0002059936523438,21362184346,15163110589,5396207837,49248059896
2024-02-20,52284.875,3013.503662109375,0.9999309778213501,1.0001699924468994,52284.875,3013.503662109375,0.9999309778213501,1.0001699924468994,52945.05078125,3031.5244140625,1.0002690553665161,1.0003160238265991,50792.3125,2879.9033203125,0.9993330240249634,0.9991940259933472,51777.7265625,2944.1064453125,0.9997720122337341,0.9999970197677612,33353758256,20341598470,7544920935,66817806001
2024-02-21,51839.1796875,2970.35546875,1.0000309944152832,1.0000139474868774,51839.1796875,2970.35546875,1.0000309944152832,1.0000139474868774,52368.81640625,3017.1904296875,1.0002360343933105,1.0003260374069214,50671.7578125,2875.41845703125,0.9992830157279968,0.9993020296096802,52273.53515625,3015.6533203125,0.9999179840087891,1.000169038772583,28624907020,18897136867,6349227247,59273333052
2024-02-22,51304.97265625,2971.00732421875,1.000020980834961,0.9993600249290466,51304.97265625,2971.00732421875,1.000020980834961,0.9993600249290466,52009.61328125,3030.666015625,1.0003459453582764,1.0002219676971436,50926.29296875,2907.109375,0.9994369745254517,0.9990599751472473,51854.64453125,2969.599853515625,1.0001410245895386,1.0001189708709717,25413900611,18058908246,6826866133,55760174038
2024-02-23,50731.94921875,2921.658203125,1.0000189542770386,0.9998980164527893,50731.94921875,2921.658203125,1.0000189542770386,0.9998980164527893,51497.93359375,2991.32958984375,1.0005170106887817,1.0001130104064941,50561.77734375,2906.583740234375,0.9996809959411621,0.9992619752883911,51283.90625,2970.1396484375,1.0000900030136108,0.9995890259742737,21427078270,12822717059,4974874020,49400677249
2024-02-24,51571.1015625,2992.385986328125,1.0001239776611328,1.000059962272644,51571.1015625,2992.385986328125,1.0001239776611328,1.000059962272644,51684.1953125,3003.195068359375,1.0003479719161987,1.000311017036438,50585.4453125,2907.70068359375,0.9996389746665955,0.9994270205497742,50736.37109375,2921.962890625,0.9999719858169556,0.9998909831047058,15174077879,10701688842,3060116653,33883854964
2024-02-25,51733.23828125,3112.697265625,0.999875009059906,0.9999039769172668,51733.23828125,3112.697265625,0.999875009059906,0.9999039769172668,51950.02734375,3117.428955078125,1.0005589723587036,1.000525951385498,51306.171875,2984.39306640625,0.9995149970054626,0.9995179772377014,51565.21484375,2992.36669921875,1.0000449419021606,0.9999390244483948,15413239245,14620450464,3463826952,36679935803
2024-02-26,54522.40234375,3178.99365234375,0.9999499917030334,1.0007179975509644,54522.40234375,3178.99365234375,0.9999499917030334,1.0007179975509644,54938.17578125,3197.375,1.0003230571746826,1.0009959936141968,50931.03125,3037.95458984375,0.9991660118103027,0.9995369911193848,51730.5390625,3112.529052734375,1.0000029802322388,1.0000139474868774,34074411896,17504464351,6783326949,62980327478
2024-02-27,57085.37109375,3244.519287109375,0.9999210238456726,1.0003540515899658,57085.37109375,3244.519287109375,0.9999210238456726,1.0003540515899658,57537.83984375,3287.9580078125,1.0003269910812378,1.0011969804763794,54484.19921875,3167.83056640625,0.9989060163497925,0.999351978302002,54519.36328125,3178.405029296875,1.0000109672546387,1.000730037689209,49756832031,21090315368,8273690025,81780866102
2024-02-28,62504.7890625,3385.703857421875,0.9999520182609558,1.001060962677002,62504.7890625,3385.703857421875,0.9999520182609558,1.001060962677002,63913.1328125,3485.450927734375,1.0002180337905884,1.0015759468078613,56738.42578125,3201.575927734375,0.998071014881134,0.999023973941803,57071.09765625,3243.893310546875,0.9999769926071167,1.0004889965057373,83239156760,32885894265,11959164677,128007189181
2024-02-29,61198.3828125,3341.919677734375,0.999754011631012,1.0004019737243652,61198.3828125,3341.919677734375,0.999754011631012,1.0004019737243652,63585.64453125,3518.96923828125,1.0003180503845215,1.0012340545654297,60498.73046875,3303.9052734375,0.9989029765129089,0.9989709854125977,62499.18359375,3386.802734375,1.0000109672546387,1.001134991645813,65496611844,28469171094,10631188477,111968615893
2024-03-01,62440.6328125,3435.053955078125,0.9999420046806335,1.0006779432296753,62440.6328125,3435.053955078125,0.9999420046806335,1.0006779432296753,63155.1015625,3452.626220703125,1.0002529621124268,1.0014209747314453,60802.52734375,3341.85107421875,0.9993389844894409,0.9996070265769958,61168.0625,3341.9658203125,0.9998490214347839,1.0003880262374878,40186368423,16880101987,7468283734,76389482142
2024-03-02,62029.84765625,3422.0498046875,0.9997950196266174,1.0006059408187866,62029.84765625,3422.0498046875,0.9997950196266174,1.0006059408187866,62458.69921875,3459.747314453125,1.0001970529556274,1.0014469623565674,61657.2890625,3398.89892578125,0.9991940259933472,0.9999250173568726,62431.65234375,3436.1591796875,0.9999570250511169,1.0007840394973755,23888473685,12024340617,5668798810,67653795192
2024-03-03,63167.37109375,3490.99365234375,0.9998900294303894,1.0004509687423706,63167.37109375,3490.99365234375,0.9998900294303894,1.0004509687423706,63230.2109375,3491.16845703125,1.0004349946975708,1.0010579824447632,61435.0234375,3372.214111328125,0.9993699789047241,0.9998630285263062,62031.578125,3422.875244140625,0.9998419880867004,1.0006380081176758,26253811450,13643324467,5663975274,70762304723
2024-03-04,68330.4140625,3630.433837890625,0.99993497133255,1.001291036605835,68330.4140625,3630.433837890625,0.99993497133255,1.001291036605835,68537.03125,3641.459228515625,1.0005600452423096,1.002100944519043,62386.51953125,3446.017578125,0.9993860125541687,0.9996619820594788,63137.00390625,3489.340087890625,0.9999009966850281,1.000465989112854,70670471105,26772963830,10518120570,123818816561
2024-03-05,63801.19921875,3554.964599609375,0.9999979734420776,1.0013079643249512,63801.19921875,3554.964599609375,0.9999979734420776,1.0013079643249512,69170.625,3828.15966796875,1.0005429983139038,1.0021330118179321,59323.91015625,3224.119384765625,0.9985740184783936,0.9986519813537598,68341.0546875,3631.928955078125,0.9999960064888,1.0012880563735962,102802940877,47706899137,18001924574,189867087465
2024-03-06,66106.8046875,3819.226318359375,0.999800980091095,1.000445008277893,66106.8046875,3819.226318359375,0.999800980091095,1.000445008277893,67637.9296875,3901.434326171875,1.0015259981155396,1.0024980306625366,62848.671875,3502.802490234375,0.9991469979286194,0.9995570182800293,63776.05078125,3554.06787109375,0.9998459815979004,1.0011279582977295,68750229073,34938642613,12709293551,128487768220
2024-03-07,66925.484375,3874.34765625,0.9997079968452454,1.0014009475708008,66925.484375,3874.34765625,0.9997079968452454,1.0014009475708008,68029.921875,3939.593994140625,1.000452995300293,1.0023490190505981,65655.53125,3738.685302734375,0.9982020258903503,0.999351978302002,66099.7421875,3818.31103515625,0.9998289942741394,1.0004609823226929,46989543159,22457177587,10388182989,95225950701
2024-03-08,68300.09375,3892.06103515625,0.9998970031738281,1.0021899938583374,68300.09375,3892.06103515625,0.9998970031738281,1.0021899938583374,70083.0546875,3998.826416015625,1.00040602684021,1.0036189556121826,66230.453125,3828.36328125,0.9978899955749512,0.9997000098228455,66938.09375,3874.830810546875,0.9999899864196777,1.0014660358428955,59202881172,26135487051,10713621716,108030960578
2024-03-09,68498.8828125,3915.4189453125,1.000038981437683,1.0021530389785767,68498.8828125,3915.4189453125,1.000038981437683,1.0021530389785767,68673.0546875,3950.396484375,1.000298023223877,1.0029109716415405,68053.125,3880.658935546875,0.999023973941803,1.0012589693069458,68299.2578125,3892.119140625,0.9998440146446228,1.002187967300415,21609650379,11926623780,5513805821,63272520530
2024-03-10,69019.7890625,3881.193115234375,0.9999949932098389,1.0009939670562744,69019.7890625,3881.193115234375,0.9999949932098389,1.0009939670562744,70005.203125,3968.7236328125,1.000264048576355,1.0027010440826416,68239.9765625,3800.564453125,0.9990140199661255,1.000440001487732,68500.2578125,3915.590576171875,1.0000590085983276,1.0021740198135376,35683977532,15783924355,7240540541,77540921867
2024-03-11,72123.90625,4066.445068359375,0.9999570250511169,1.0002750158309937,72123.90625,4066.445068359375,0.9999570250511169,1.0002750158309937,72850.7109375,4087.050048828125,1.0003130435943604,1.001731038093567,67194.8828125,3745.125244140625,0.9989110231399536,0.9990900158882141,69020.546875,3881.23779296875,1.0000029802322388,1.000980019569397,65716656765,28806262507,12100716195,118434243798
2024-03-12,71481.2890625,3980.273193359375,0.9999539852142334,1.0000920295715332,71481.2890625,3980.273193359375,0.9999539852142334,1.0000920295715332,72825.65625,4092.2841796875,1.000417947769165,1.001101016998291,68728.8515625,3831.889892578125,0.9984850287437439,0.9985619783401489,72125.125,4066.6904296875,0.9999819993972778,1.0002679824829102,62554434520,26917010932,12511458622,115805937864
2024-03-13,73083.5,4006.45703125,0.9997689723968506,1.0005170106887817,73083.5,4006.45703125,0.9997689723968506,1.0005170106887817,73637.4765625,4083.00732421875,1.0006630420684814,1.0015499591827393,71334.09375,3936.627197265625,0.9989849925041199,0.9990299940109253,71482.1171875,3980.26513671875,1.0000050067901611,1.0001529455184937,48212536929,22028114691,10114698359,95338044782
2024-03-14,71396.59375,3883.140380859375,0.9999319911003113,0.9996790289878845,71396.59375,3883.140380859375,0.9999319911003113,0.9996790289878845,73750.0703125,4011.102783203125,1.0003739595413208,1.0009429454803467,68563.0234375,3721.78857421875,0.9987990260124207,0.9982550144195557,73079.375,4005.7451171875,0.9997460246086121,1.0004889965057373,59594605698,25434810823,13013493200,116520409213
2024-03-15,69403.7734375,3735.22021484375,1.0000369548797607,1.0001239776611328,69403.7734375,3735.22021484375,1.0000369548797607,1.0001239776611328,72357.1328125,3928.775634765625,1.0020979642868042,1.0025370121002197,65630.6953125,3571.774658203125,0.9991120100021362,0.9984660148620605,71387.875,3882.85693359375,0.999858021736145,0.9995980262756348,78320453976,33505075433,17489269628,145040404215
2024-03-16,65315.1171875,3522.860107421875,1.000115990638733,0.999243974685669,65315.1171875,3522.860107421875,1.000115990638733,0.999243974685669,70046.2734375,3780.89453125,1.0009429454803467,1.0010160207748413,64801.39453125,3468.079345703125,0.9990289807319641,0.9987040162086487,69392.484375,3736.10498046875,1.0000089406967163,1.0001660585403442,46842198371,20199855932,12373832704,101796439885
2024-03-17,68390.625,3642.4130859375,1.0001540184020996,0.9993709921836853,68390.625,3642.4130859375,1.0001540184020996,0.9993709921836853,68845.71875,3676.263427734375,1.0012409687042236,1.0004099607467651,64545.31640625,3414.17236328125,0.999504029750824,0.9983369708061218,65316.34375,3523.02978515625,1.0000989437103271,0.9992989897727966,44716864318,19938757095,11925580792,90407787768
2024-03-18,67548.59375,3517.985107421875,0.9999060034751892,0.9999160170555115,67548.59375,3517.985107421875,0.9999060034751892,0.9999160170555115,68897.1328125,3642.4970703125,1.0010969638824463,1.0006550550460815,66594.2265625,3456.09130859375,0.9992309808731079,0.9988660216331482,68371.3046875,3642.298828125,1.0001879930496216,0.9994660019874573,49261579492,21162220224,12802524795,98373958984
2024-03-19,61912.7734375,3157.6181640625,1.0000989437103271,0.9994800090789795,61912.7734375,3157.6181640625,1.0000989437103271,0.9994800090789795,68106.9296875,3546.582275390625,1.0014549493789673,1.001204013824463,61536.1796875,3149.286865234375,0.9994630217552185,0.9984570145606995,67556.1328125,3518.34765625,0.9999279975891113,0.999904990196228,74215844794,34166976701,14129126750,137581151030
2024-03-20,67913.671875,3513.39306640625,1.0001749992370605,1.0002590417861938,67913.671875,3513.39306640625,1.0001749992370605,1.0002590417861938,68115.2578125,3534.826416015625,1.0014820098876953,1.0013190507888794,60807.78515625,3059.65478515625,0.9996579885482788,0.9989529848098755,61930.15625,3158.396728515625,1.0002340078353882,0.9996669888496399,66792634382,36605316331,13623240407,122985298758
2024-03-21,65491.390625,3492.9912109375,1.000108003616333,0.9998049736022949,65491.390625,3492.9912109375,1.000108003616333,0.9998049736022949,68199.9921875,3586.905029296875,1.0017249584197998,1.0014619827270508,64580.91796875,3412.22265625,0.9996510148048401,0.999305009841919,67911.5859375,3514.017578125,1.0001540184020996,1.0001989603042603,44480350565,22213647922,9554155555,87543595572
2024-03-22,63778.76171875,3333.68798828125,1.0000499486923218,1.0002659559249878,63778.76171875,3333.68798828125,1.0000499486923218,1.0002659559249878,66623.75,3541.898193359375,1.0010910034179688,1.001175045967102,62355.37109375,3254.96923828125,0.999222993850708,0.9991139769554138,65489.9296875,3492.89794921875,1.0000970363616943,0.9998000264167786,41401116964,20574952329,8965555313,81269693027
2024-03-23,64062.203125,3336.593994140625,1.0001980066299438,1.000303030014038,64062.203125,3336.593994140625,1.0001980066299438,1.000303030014038,65976.3984375,3433.758056640625,1.0007590055465698,1.0008339881896973,63038.4921875,3273.115478515625,0.999625027179718,0.999688982963562,63802.72265625,3335.592529296875,0.9999939799308777,1.0002050399780273,24738964812,13242137554,5054824899,53727479558
2024-03-24,67234.171875,3454.636474609375,1.000148057937622,0.9999840259552002,67234.171875,3454.636474609375,1.000148057937622,0.9999840259552002,67622.7578125,3470.344482421875,1.0011249780654907,1.0009119510650635,63825.8515625,3301.27734375,0.9997349977493286,0.9995999932289124,64070.75390625,3336.666015625,1.0002549886703491,1.000349998474121,27206630673,12156660941,5296441294,53627981617
2024-03-25,69958.8125,3590.8837890625,0.9999150037765503,1.0002230405807495,69958.8125,3590.8837890625,0.9999150037765503,1.0002230405807495,71162.59375,3657.118896484375,1.0011940002441406,1.001276969909668,66414.8359375,3421.79052734375,0.9988470077514648,0.9990090131759644,67234.09375,3454.8857421875,1.0000920295715332,1.0000289678573608,42700139523,18603921705,8257351260,81204666738
2024-03-26,69987.8359375,3587.5048828125,1.0000569820404053,1.0000189542770386,69987.8359375,3587.5048828125,1.0000569820404053,1.0000189542770386,71535.7421875,3678.789794921875,1.0004019737243652,1.0008260011672974,69335.609375,3545.4287109375,0.9989380240440369,0.9990429878234863,69931.328125,3591.085205078125,0.9999070167541504,1.000161051750183,36010437368,18505553577,8407213538,77399464621
2024-03-27,69455.34375,3500.115234375,1.0000779628753662,0.9996470212936401,69455.34375,3500.115234375,1.0000779628753662,0.9996470212936401,71727.6875,3664.383056640625,1.0008200407028198,1.0003739595413208,68381.9296875,3460.3935546875,0.9994850158691406,0.999055027961731,69991.8984375,3587.313720703125,1.0000079870224,0.9999610185623169,40827113309,18753082145,10072829600,83797223894
2024-03-28,70744.953125,3561.2939453125,1.0000269412994385,1.000100016593933,70744.953125,3561.2939453125,1.0000269412994385,1.000100016593933,71546.0234375,3609.705322265625,1.000797986984253,1.0005710124969482,68895.5078125,3465.332275390625,0.9995459914207458,0.9991350173950195,69452.7734375,3500.216064453125,1.0000720024108887,0.9996219873428345,34374900617,16419674157,8026263655,73312354659
2024-03-29,69892.828125,3511.80615234375,0.9998800158500671,1.0004899501800537,69892.828125,3511.80615234375,0.9998800158500671,1.0004899501800537,70913.09375,3583.701416015625,1.000445008277893,1.000715970993042,69076.65625,3475.7255859375,0.9993820190429688,0.9995319843292236,70744.796875,3561.01171875,1.0000699758529663,1.0001369714736938,25230851763,12712701619,7136644890,61237744035
2024-03-30,69645.3046875,3507.9443359375,0.9999579787254333,1.000430941581726,69645.3046875,3507.9443359375,0.9999579787254333,1.000430941581726,70355.4921875,3566.08447265625,1.0003620386123657,1.0010780096054077,69601.0625,3489.902099609375,0.9994379878044128,0.9999619722366333,69893.4453125,3511.82763671875,0.999888002872467,1.0005019903182983,17130241883,9389066783,5877790949,46808102783
2024-03-31,71333.6484375,3647.8564453125,0.9999979734420776,1.000040054321289,71333.6484375,3647.8564453125,0.9999979734420776,1.000040054321289,71377.78125,3655.218994140625,1.0008950233459473,1.0013480186462402,69624.8671875,3507.24267578125,0.9996529817581177,0.9997259974479675,69647.78125,3507.95166015625,0.9999849796295166,1.0004620552062988,20050941373,10499881424,5561724629,45354730502
2024-04-01,69702.1484375,3505.030029296875,1.000048041343689,1.0004119873046875,69702.1484375,3505.030029296875,1.000048041343689,1.0004119873046875,71342.09375,3648.129150390625,1.001276969909668,1.0017130374908447,68110.6953125,3418.6953125,0.9996860027313232,0.9997339844703674,71333.484375,3647.819580078125,0.9999740123748779,1.000033974647522,34873527352,16002098681,9035171770,75369785257
2024-04-02,65446.97265625,3277.234619140625,0.9999960064888,1.0002260208129883,65446.97265625,3277.234619140625,0.9999960064888,1.0002260208129883,69708.3828125,3506.962890625,1.000535011291504,1.0011589527130127,64586.59375,3215.985107421875,0.9989889860153198,0.9989629983901978,69705.0234375,3504.818359375,1.0000590085983276,1.0004349946975708,50705240709,22076539151,12493890476,96522021189
2024-04-03,65980.8125,3311.44189453125,0.9999979734420776,1.0003180503845215,65980.8125,3311.44189453125,0.9999979734420776,1.0003180503845215,66914.3203125,3368.111572265625,1.0004719495773315,1.000862956047058,64559.8984375,3205.649169921875,0.9993460178375244,0.9995989799499512,65446.671875,3277.32421875,1.0000050067901611,1.0002360343933105,34488018367,16010734587,9728672985,72294081106
2024-04-04,68508.84375,3330.04052734375,1.000040054321289,1.0003830194473267,68508.84375,3330.04052734375,1.000040054321289,1.0003830194473267,69291.2578125,3443.20751953125,1.0002729892730713,1.0008339881896973,65113.796875,3253.3193359375,0.9990829825401306,0.99891197681427,65975.6953125,3311.495361328125,0.9999549984931946,1.0002540349960327,34439527442,14476330517,12034799564,68789308326
2024-04-05,67837.640625,3318.88525390625,0.9998549818992615,1.0002739429473877,67837.640625,3318.88525390625,0.9998549818992615,1.0002739429473877,68725.7578125,3345.66650390625,1.0006170272827148,1.0010000467300415,66011.4765625,3214.244140625,0.9993360042572021,0.9993860125541687,68515.7578125,3330.005859375,1.0000280141830444,1.000372052192688,33748230056,15214447092,13790745235,64371464433
2024-04-06,68896.109375,3354.183837890625,1.0000560283660889,1.000223994255066,68896.109375,3354.183837890625,1.0000560283660889,1.000223994255066,69629.6015625,3397.592529296875,1.0003060102462769,1.0007150173187256,67491.71875,3308.9833984375,0.9995359778404236,0.999646008014679,67840.5703125,3318.86474609375,0.9998890161514282,1.0003010034561157,19967785809,8956926798,8021149275,41022568112
2024-04-07,69362.5546875,3453.49462890625,0.9999210238456726,0.9999240040779114,69362.5546875,3453.49462890625,0.9999210238456726,0.9999240040779114,70284.4296875,3458.50830078125,1.0002930164337158,1.0006580352783203,68851.6328125,3346.11474609375,0.9993799924850464,0.999455988407135,68897.109375,3354.2138671875,1.0000710487365723,1.0002249479293823,21204930369,9931108526,4713439433,45028594985
2024-04-08,71631.359375,3695.292724609375,1.0002100467681885,1.0001660585403442,71631.359375,3695.292724609375,1.0002100467681885,1.0001660585403442,72715.359375,3727.616455078125,1.0010319948196411,1.0009870529174805,69064.2421875,3409.51171875,0.9993900060653687,0.9993879795074463,69362.5546875,3453.498779296875,0.9999499917030334,0.9999309778213501,37261432669,19055143129,8121148241,69769294376
2024-04-09,69139.015625,3505.163330078125,0.9999930262565613,0.999763011932373,69139.015625,3505.163330078125,0.9999930262565613,0.999763011932373,71742.5078125,3724.92236328125,1.0008649826049805,1.0009520053863525,68212.921875,3455.107666015625,0.9995229840278625,0.9992799758911133,71632.5,3695.341796875,1.0002739429473877,1.000169038772583,36426900409,18279773833,7949691378,70338237086
2024-04-10,70587.8828125,3543.737060546875,1.0001640319824219,1.0001169443130493,70587.8828125,3543.737060546875,1.0001640319824219,1.0001169443130493,71093.4296875,3561.516357421875,1.001062035560608,1.0008620023727417,67503.5625,3415.180419921875,0.9994419813156128,0.999239981174469,69140.2421875,3505.156005859375,0.9999840259552002,0.9997550249099731,38318601774,16872482726,7603456293,68657000944
2024-04-11,70060.609375,3505.247802734375,1.0003139972686768,1.0005500316619873,70060.609375,3505.247802734375,1.0003139972686768,1.0005500316619873,71256.234375,3616.1943359375,1.0010809898376465,1.0012069940567017,69571.8125,3477.171142578125,0.9994170069694519,0.9993090033531189,70575.734375,3543.4521484375,1.0000280141830444,1.0000070333480835,30153382941,14076734489,7223448243,57625638532
2024-04-12,67195.8671875,3243.034912109375,0.9999619722366333,1.0004479885101318,67195.8671875,3243.034912109375,0.9999619722366333,1.0004479885101318,71222.7421875,3552.589111328125,1.0016599893569946,1.0013870000839233,65254.8359375,3103.43017578125,0.9992190003395081,0.9986950159072876,70061.3828125,3505.329833984375,1.0003249645233154,1.000553011894226,44129299406,22104869556,10539883881,96319763859
2024-04-13,63821.47265625,3004.900390625,0.9999399781227112,1.0012129545211792,63821.47265625,3004.900390625,0.9999399781227112,1.0012129545211792,67931.4296875,3299.663818359375,1.001729965209961,1.0032010078430176,60919.10546875,2862.3935546875,0.9989699721336365,0.999114990234375,67188.375,3242.94091796875,0.9999380111694336,1.000445008277893,52869738185,29930408174,12008147392,118933111448
2024-04-14,65738.7265625,3156.94189453125,1.0002909898757935,1.00108003616333,65738.7265625,3156.94189453125,1.0002909898757935,1.00108003616333,65824.4296875,3174.66650390625,1.0011999607086182,1.0019240379333496,62205.8515625,2914.4228515625,0.9990869760513306,0.9995319843292236,63836.23046875,3005.547607421875,1.0000139474868774,1.0012860298156738,49084320047,25486284994,10996382552,98630391164
2024-04-15,63426.2109375,3101.600341796875,1.000156044960022,1.0003770589828491,63426.2109375,3101.600341796875,1.000156044960022,1.0003770589828491,66878.6484375,3277.5615234375,1.00101900100708,1.001878023147583,62332.0703125,3026.538818359375,0.9992660284042358,0.9997680187225342,65739.6484375,3156.830078125,1.0003060102462769,1.0011130571365356,43595917654,21925843181,9899289273,87031799798
2024-04-16,63811.86328125,3084.920166015625,1.0000009536743164,1.000393033027649,63811.86328125,3084.920166015625,1.0000009536743164,1.000393033027649,64355.66796875,3127.160888671875,1.0011650323867798,1.0017549991607666,61716.40234375,2997.754638671875,0.9994630217552185,0.9997649788856506,63419.296875,3101.140625,1.0000979900360107,1.0003000497817993,42847528078,19441391169,9306979016,77388159492
2024-04-17,61276.69140625,2984.7275390625,1.0000029802322388,0.9999939799308777,61276.69140625,2984.7275390625,1.0000029802322388,0.9999939799308777,64486.36328125,3123.669677734375,1.0011019706726074,1.0012849569320679,59768.5859375,2918.5537109375,0.9993690252304077,0.9993529915809631,63831.84765625,3084.923583984375,1.0000649690628052,1.0004769563674927,41915247049,17711869375,8797320706,71118551643
2024-04-18,63512.75390625,3066.027587890625,1.0001620054244995,1.0005509853363037,63512.75390625,3066.027587890625,1.0001620054244995,1.0005509853363037,64125.6875,3094.842041015625,1.0011719465255737,1.0016939640045166,60833.48046875,2956.12744140625,0.9994379878044128,0.9995880126953125,61275.31640625,2984.705322265625,0.9999970197677612,1.0000079870224,36006307335,15183777035,8537096534,63558115213
2024-04-19,63843.5703125,3059.278564453125,1.0000900030136108,1.000594973564148,63843.5703125,3059.278564453125,1.0000900030136108,1.000594973564148,65481.59765625,3127.114990234375,1.0008829832077026,1.0014760494232178,59651.390625,2868.7958984375,0.9995390176773071,0.9996320009231567,63510.75,3065.953125,1.0001490116119385,1.0005340576171875,49920425401,20399982867,11026707590,84354523666
2024-04-20,64994.44140625,3157.627197265625,1.0000590085983276,1.0004290342330933,64994.44140625,3157.627197265625,1.0000590085983276,1.0004290342330933,65442.45703125,3170.6728515625,1.0009599924087524,1.0013020038604736,63172.40234375,3021.784912109375,0.9996640086174011,1.0,63851.1015625,3059.47802734375,1.000216007232666,1.0006500482559204,23097485495,9918642130,5172051416,45625971025
2024-04-21,64926.64453125,3147.28857421875,1.0000070333480835,1.0002130270004272,64926.64453125,3147.28857421875,1.0000070333480835,1.0002130270004272,65723.2421875,3197.50634765625,1.0008840560913086,1.0013229846954346,64277.72265625,3119.552001953125,0.9996039867401123,0.9996510148048401,64992.81640625,3157.571044921875,1.0000410079956055,1.000411033630371,20506644853,9394387894,4622993536,40914266460
2024-04-22,66837.6796875,3201.652099609375,1.0000499486923218,1.0003360509872437,66837.6796875,3201.652099609375,1.0000499486923218,1.0003360509872437,67233.9609375,3236.6591796875,1.0009959936141968,1.0014630556106567,64548.1796875,3131.367431640625,0.9995710253715515,0.9997900128364563,64935.6328125,3147.66357421875,1.0000840425491333,1.0002750158309937,28282686673,12063858733,7099413055,52741030322
2024-04-23,66407.2734375,3219.91162109375,0.9999979734420776,1.0000929832458496,66407.2734375,3219.91162109375,0.9999979734420776,1.0000929832458496,67199.2421875,3264.41943359375,1.0008410215377808,1.0013569593429565,65864.8671875,3154.58984375,0.9996790289878845,0.9999110102653503,66839.890625,3201.588623046875,1.0000369548797607,1.0003329515457153,24310975583,11054442653,5682840288,49389574681
2024-04-24,64276.8984375,3139.80517578125,1.0004520416259766,0.9998019933700562,64276.8984375,3139.80517578125,1.0004520416259766,0.9998019933700562,67075.3671875,3292.921630859375,1.0010509490966797,1.0010969638824463,63589.87109375,3105.982177734375,0.9995909929275513,0.9988880157470703,66408.71875,3219.95703125,0.9999909996986389,1.0000979900360107,30276655120,14000234760,7285867078,60998445931
2024-04-25,64481.70703125,3156.509521484375,1.0000009536743164,0.9998270273208618,64481.70703125,3156.509521484375,1.0000009536743164,0.9998270273208618,65275.20703125,3190.976318359375,1.0011500120162964,1.0010379552841187,62783.6328125,3074.8046875,0.9995800256729126,0.9990829825401306,64275.01953125,3139.624267578125,1.0002549886703491,0.9996010065078735,32155786816,13989030260,7296808841,56150133824
2024-04-26,63755.3203125,3130.164794921875,1.0000760555267334,0.9997000098228455,63755.3203125,3130.164794921875,1.0000760555267334,0.9997000098228455,64789.65625,3166.188720703125,1.0012120008468628,1.0011539459228516,63322.3984375,3103.10400390625,0.9996230006217957,0.9992460012435913,64485.37109375,3156.384033203125,1.0000489950180054,0.9998329877853394,24139372950,10622333862,6238863810,45201516166
2024-04-27,63419.140625,3252.168212890625,1.000033974647522,0.9993939995765686,63419.140625,3252.168212890625,1.000033974647522,0.9993939995765686,63898.36328125,3279.451171875,1.0013090372085571,1.0009989738464355,62424.71875,3071.340087890625,0.999642014503479,0.9989489912986755,63750.98828125,3129.72705078125,0.9999989867210388,0.9996169805526733,19530783039,11820785577,4837869303,40609767473
2024-04-28,63113.23046875,3262.774658203125,1.0000640153884888,0.9997320175170898,63113.23046875,3262.774658203125,1.0000640153884888,0.9997320175170898,64321.484375,3351.176513671875,1.000944972038269,1.0011310577392578,62793.59765625,3249.149169921875,0.9996349811553955,0.99897700548172,63423.515625,3252.24560546875,1.000033974647522,0.9993820190429688,17334827993,11379192678,4003587751,36114073992
2024-04-29,63841.12109375,3215.428955078125,1.0000109672546387,0.9997130036354065,63841.12109375,3215.428955078125,1.0000109672546387,0.9997130036354065,64174.87890625,3285.46875,1.001170039176941,1.001526951789856,61795.45703125,3116.199951171875,0.9996740221977234,0.9993039965629578,63106.36328125,3262.3408203125,1.0000699758529663,0.9997490048408508,26635912073,15032246816,6353850718,49733140585
2024-04-30,60636.85546875,3012.286865234375,0.9999359846115112,0.9991620182991028,60636.85546875,3012.286865234375,0.9999359846115112,0.9991620182991028,64703.33203125,3249.37841796875,1.0013459920883179,1.0012580156326294,59120.06640625,2918.228759765625,0.9993330240249634,0.9981070160865784,63839.41796875,3215.381103515625,1.0000040531158447,0.9997079968452454,37840840057,18266894653,8551034898,66092463422
2024-05-01,58254.01171875,2969.78466796875,0.999966025352478,0.9985569715499878,58254.01171875,2969.78466796875,0.999966025352478,0.9985569715499878,60780.5,3020.17333984375,1.0013619661331177,1.0017950534820557,56555.29296875,2815.92333984375,0.9994360208511353,0.9980720281600952,60609.49609375,3011.015625,0.9999139904975891,0.9991369843482971,48439780271,20005057445,9451759014,76859530069
2024-05-02,59123.43359375,2988.16845703125,1.0001020431518555,1.00005304813385,59123.43359375,2988.16845703125,1.0001020431518555,1.00005304813385,59602.296875,3015.05029296875,1.0015360116958618,1.0016850233078003,56937.203125,2894.329833984375,0.9997149705886841,0.9984080195426941,58253.703125,2969.79443359375,0.9999639987945557,0.998583972454071,32711813559,13163903903,7331043686,54769809487
2024-05-03,62889.8359375,3103.5419921875,1.0001709461212158,1.0005470514297485,62889.8359375,3103.5419921875,1.0001709461212158,1.0005470514297485,63320.50390625,3127.1552734375,1.0017249584197998,1.0018830299377441,58848.3125,2960.18212890625,0.9996169805526733,0.9994680285453796,59122.30078125,2988.134521484375,1.0000959634780884,1.00005304813385,33172023048,12862183229,7138386537,53871028495
2024-05-04,63891.47265625,3117.576416015625,1.0000920295715332,1.000148057937622,63891.47265625,3117.576416015625,1.0000920295715332,1.000148057937622,64494.95703125,3167.541259765625,1.0012890100479126,1.0017399787902832,62599.3515625,3096.267578125,0.9996479749679565,0.9998170137405396,62891.03125,3103.61962890625,1.0001939535140991,1.0005550384521484,20620477992,8283229638,5593446561,39527945715
2024-05-05,64031.1328125,3137.2490234375,1.0002260208129883,1.0002540349960327,64031.1328125,3137.2490234375,1.0002260208129883,1.0002540349960327,64610.890625,3170.05517578125,1.0011630058288574,1.001747965812683,62955.3046875,3075.586181640625,0.9995610117912292,0.9998250007629395,63892.453125,3117.636962890625,1.000100016593933,1.0001510381698608,18296164805,8783447639,4318363603,36224596673
2024-05-06,63161.94921875,3062.728759765625,1.0000180006027222,1.0000380277633667,63161.94921875,3062.728759765625,1.0000180006027222,1.0000380277633667,65494.90234375,3220.15234375,1.0013530254364014,1.0016130208969116,62746.23828125,3048.238525390625,0.9996560215950012,0.9995930194854736,64038.3125,3137.51025390625,1.000296950340271,1.0003290176391602,28697928697,13008587255,6005322108,52931405950
2024-05-07,62334.81640625,3006.5771484375,0.9998499751091003,1.0,62334.81640625,3006.5771484375,0.9998499751091003,1.0,64390.45703125,3129.081298828125,1.001121997833252,1.0016820430755615,62285.98046875,3003.013671875,0.9996920228004456,0.9996140003204346,63162.76171875,3062.7509765625,1.0000269412994385,1.000048041343689,25930730982,11743187337,5575954842,46143834059
2024-05-08,61187.94140625,2973.6572265625,0.9999110102653503,0.999584972858429,61187.94140625,2973.6572265625,0.9999110102653503,0.999584972858429,62986.0859375,3037.196044921875,1.0014450550079346,1.0015219449996948,60877.12890625,2938.47265625,0.9996029734611511,0.9994459748268127,62332.640625,3006.315673828125,0.9998070001602173,0.999966025352478,26088172222,11791662158,5502550653,46623837988
2024-05-09,63049.9609375,3036.0205078125,1.000067949295044,0.9998679757118225,63049.9609375,3036.0205078125,1.000067949295044,0.9998679757118225,63404.9140625,3057.958251953125,1.0010449886322021,1.0011980533599854,60648.07421875,2951.223876953125,0.9996240139007568,0.9992690086364746,61191.19921875,2973.9716796875,0.9999430179595947,0.9995890259742737,25453338161,10861947179,5118793775,46236991775
2024-05-10,60792.77734375,2909.791259765625,1.0001020431518555,0.9998610019683838,60792.77734375,2909.791259765625,1.0001020431518555,0.9998610019683838,63446.7421875,3052.7294921875,1.0024670362472534,1.0024319887161255,60208.78125,2881.000732421875,0.9997069835662842,0.9993119835853577,63055.19140625,3036.231201171875,1.0001139640808105,0.9998959898948669,27804954694,12278653601,5916392041,50244486838
2024-05-11,60793.7109375,2911.60205078125,0.9999650120735168,0.9997590184211731,60793.7109375,2911.60205078125,0.9999650120735168,0.9997590184211731,61451.15234375,2942.1787109375,1.0009360313415527,1.0007230043411255,60492.625,2888.083251953125,0.9997180104255676,0.9993460178375244,60793.35546875,2909.845458984375,1.0001169443130493,0.9999179840087891,13842272968,6795916454,3228859416,29171047578
2024-05-12,61448.39453125,2928.701904296875,1.0000269412994385,0.9995660185813904,61448.39453125,2928.701904296875,1.0000269412994385,0.9995660185813904,61818.15625,2953.04736328125,1.0008139610290527,1.0010260343551636,60632.6015625,2902.201904296875,0.9996830224990845,0.9992370009422302,60793.50390625,2911.658203125,0.999966025352478,0.9997349977493286,13800459405,5908941395,2560805182,25865589825
2024-05-13,62901.44921875,2949.359619140625,1.0000230073928833,0.9998559951782227,62901.44921875,2949.359619140625,1.0000230073928833,0.9998559951782227,63422.66015625,2994.869140625,1.0015740394592285,1.001420021057129,60769.83984375,2865.134521484375,0.9994329810142517,0.9991809725761414,61451.21875,2928.81396484375,1.0000230073928833,0.9995790123939514,27889181179,13352264795,5504768753,53205467613
2024-05-14,61552.7890625,2881.157958984375,1.0001039505004883,0.9995920062065125,61552.7890625,2881.157958984375,1.0001039505004883,0.9995920062065125,63092.125,2959.546630859375,1.00149405002594,1.0011470317840576,61123.765625,2863.5458984375,0.9996510148048401,0.9990620017051697,62900.7734375,2949.213134765625,1.0000100135803223,0.9998400211334229,28186271527,12444516140,5790525927,57380795961
2024-05-15,66267.4921875,3037.056640625,1.0001280307769775,1.0005470514297485,66267.4921875,3037.056640625,1.0001280307769775,1.0005470514297485,66454.453125,3041.602294921875,1.0010160207748413,1.001459002494812,61330.41015625,2864.7353515625,0.9997289776802063,0.9993039965629578,61553.98828125,2881.224609375,1.0001260042190552,0.999629020690918,39815167074,14666902956,8085028154,70663923975
2024-05-16,65231.58203125,2945.131103515625,0.9999709725379944,1.0000979900360107,65231.58203125,2945.131103515625,0.9999709725379944,1.0000979900360107,66712.4296875,3041.80712890625,1.000933051109314,1.001466989517212,64613.0546875,2925.08740234375,0.9996079802513123,0.9997349977493286,66256.109375,3036.01416015625,1.0000760555267334,1.0005300045013428,31573077994,13035465176,6684369918,62000126842
2024-05-17,67051.875,3094.11865234375,1.0000180006027222,1.0003999471664429,67051.875,3094.11865234375,1.0000180006027222,1.0003999471664429,67459.4609375,3120.3017578125,1.00102698802948,1.0015950202941895,65119.31640625,2934.112548828125,0.9997109770774841,0.9998409748077393,65231.296875,2945.136962890625,0.9999790191650391,1.0000840425491333,28031279310,14449438097,6590780561,56249728895
2024-05-18,66940.8046875,3122.948974609375,1.000082015991211,1.0002059936523438,66940.8046875,3122.948974609375,1.000082015991211,1.0002059936523438,67387.328125,3146.79052734375,1.0008080005645752,1.0014630556106567,66663.5,3087.704345703125,0.9995129704475403,0.9998390078544617,67066.2109375,3094.553466796875,1.0001640319824219,1.0004849433898926,16712277406,9407051320,3748984171,39091871989
2024-05-19,66278.3671875,3071.843017578125,0.9999529719352722,0.9999120235443115,66278.3671875,3071.843017578125,0.9999529719352722,0.9999120235443115,67694.296875,3137.1484375,1.0009360313415527,1.001235008239746,65937.1796875,3056.75439453125,0.9994850158691406,0.9994999766349792,66937.9296875,3122.82470703125,1.0000439882278442,1.000180959701538,19249094538,8747800800,3531934053,38312293613
2024-05-20,71448.1953125,3663.85546875,0.9999030232429504,1.0000979900360107,71448.1953125,3663.85546875,0.9999030232429504,1.0000979900360107,71483.5625,3690.805908203125,1.0009150505065918,1.0012190341949463,66086.171875,3050.2978515625,0.9994789958000183,0.999472975730896,66278.7421875,3071.85888671875,0.9999709725379944,0.9999120235443115,43850655717,31228143948,9745625023,86442004708
2024-05-21,70136.53125,3789.312744140625,1.000038981437683,0.999879002571106,70136.53125,3789.312744140625,1.000038981437683,0.999879002571106,71946.4609375,3837.372802734375,1.0007150173187256,1.0005409717559814,69191.125,3628.096435546875,0.9993720054626465,0.9989910125732422,71443.0625,3663.01123046875,0.9998599886894226,1.0000280141830444,46932005990,37643853967,10821965697,104832621504
2024-05-22,69122.3359375,3737.2177734375,0.9998610019683838,0.999455988407135,69122.3359375,3737.2177734375,0.9998610019683838,0.999455988407135,70623.6953125,3810.948486328125,1.0007250308990479,1.0006170272827148,68977.6953125,3655.0751953125,0.9994969964027405,0.9992390275001526,70135.3203125,3789.372802734375,1.000022053718567,0.9998940229415894,32802561717,25155809461,7995414894,75458368905
2024-05-23,67929.5625,3776.92724609375,1.000082015991211,0.9995790123939514,67929.5625,3776.92724609375,1.000082015991211,0.9995790123939514,70041.2734375,3943.553955078125,1.0015740394592285,1.0007150173187256,66356.953125,3552.642578125,0.9993190169334412,0.9984899759292603,69121.3046875,3737.178466796875,0.999845027923584,0.9994440078735352,41895680979,45623656317,10711191548,107880114240
2024-05-24,68526.1015625,3726.9345703125,1.0000799894332886,0.999809980392456,68526.1015625,3726.9345703125,1.0000799894332886,0.999809980392456,69220.296875,3825.12255859375,1.000931978225708,1.0008289813995361,66622.671875,3631.990234375,0.999625027179718,0.9988610148429871,67928.1328125,3776.992431640625,1.0000779628753662,0.9996399879455566,29197308153,22257061429,6974788144,68659164363
2024-05-25,69265.9453125,3749.236572265625,0.9999139904975891,0.9998850226402283,69265.9453125,3749.236572265625,0.9999139904975891,0.9998850226402283,69579.3203125,3776.006591796875,1.0007909536361694,1.0007660388946533,68515.8203125,3710.5283203125,0.9997199773788452,0.9994519948959351,68526.921875,3726.9755859375,1.0000770092010498,0.9998250007629395,15473071741,10000027764,2916318920,41182549806
2024-05-26,68518.09375,3825.8974609375,0.9999529719352722,0.9995279908180237,68518.09375,3825.8974609375,0.9999529719352722,0.9995279908180237,69506.2265625,3879.470703125,1.0008549690246582,1.0008339881896973,68183.890625,3732.02294921875,0.9997239708900452,0.9992169737815857,69264.2890625,3749.179931640625,0.9999009966850281,0.999871015548706,15628433737,14650794791,4006530902,44796186073
2024-05-27,69394.5546875,3892.0068359375,1.0000330209732056,0.9992120265960693,69394.5546875,3892.0068359375,1.0000330209732056,0.9992120265960693,70597.8828125,3973.556396484375,1.0010050535202026,1.0004830360412598,68232.5,3821.930419921875,0.9997079968452454,0.9988170266151428,68512.1796875,3826.127197265625,0.9999459981918335,0.9994879961013794,25870990717,18949181813,5846002184,64469471473
2024-05-28,68296.21875,3840.25634765625,0.9999979734420776,0.9989020228385925,68296.21875,3840.25634765625,0.9999979734420776,0.9989020228385925,69514.640625,3924.895751953125,1.0011500120162964,1.0003880262374878,67227.15625,3771.2138671875,0.9997280240058899,0.9984869956970215,69392.1953125,3892.096923828125,1.0000330209732056,0.9992049932479858,32722265965,19846044324,7130885149,75112778670
2024-05-29,67578.09375,3763.196533203125,1.000048041343689,0.9987620115280151,67578.09375,3763.196533203125,1.000048041343689,0.9987620115280151,68852.4609375,3880.6484375,1.0012140274047852,1.0003219842910767,67101.4921875,3742.041259765625,0.9996989965438843,0.99857097864151,68296.3515625,3840.235107421875,0.9999880194664001,0.998881995677948,26707072906,17411416736,6200045453,64306272506
2024-05-30,68364.9921875,3746.849609375,0.9999909996986389,0.9996579885482788,68364.9921875,3746.849609375,0.9999909996986389,0.9996579885482788,69500.5390625,3823.643310546875,1.00101900100708,1.0008859634399414,67118.078125,3702.263671875,0.9997010231018066,0.99857097864151,67576.0859375,3763.357666015625,0.9999570250511169,0.9987279772758484,29509712534,15065849797,6596463941,66107540689
2024-05-31,67491.4140625,3760.026611328125,1.0000900030136108,0.9989950060844421,67491.4140625,3760.026611328125,1.0000900030136108,0.9989950060844421,68999.5625,3843.857666015625,1.0012710094451904,1.000789999961853,66633.421875,3723.835205078125,0.9995189905166626,0.9983760118484497,68362.515625,3746.861572265625,0.999983012676239,0.9996600151062012,27387283769,15290700646,6257893920,58892635053
2024-06-01,67706.9375,3813.198974609375,1.0000309944152832,0.9992920160293579,67706.9375,3813.198974609375,1.0000309944152832,0.9992920160293579,67839.765625,3829.294677734375,1.0008349418640137,0.9997619986534119,67386.1953125,3749.840087890625,0.9998080134391785,0.9987580180168152,67489.609375,3759.88427734375,1.0000920295715332,0.9989950060844421,11641495604,8661024535,2558109472,34114810017
2024-06-02,67751.6015625,3780.89599609375,0.999908983707428,0.9994029998779297,67751.6015625,3780.89599609375,0.999908983707428,0.9994029998779297,68409.1640625,3834.911865234375,1.000694990158081,1.0000760555267334,67315.5234375,3752.41455078125,0.9997829794883728,0.9990230202674866,67710.2734375,3813.275634765625,1.000046968460083,0.9993039965629578,17110588415,11126903059,3180459748,47966136014
2024-06-03,68804.78125,3766.38916015625,0.9999639987945557,0.9997990131378174,68804.78125,3766.38916015625,0.9999639987945557,0.9997990131378174,70230.8203125,3848.60302734375,1.0010349750518799,1.000717043876648,67589.8359375,3758.919921875,0.9995880126953125,0.998960018157959,67753.8984375,3780.854248046875,0.9999570250511169,0.9993799924850464,32401285324,14082454300,5759511394,66326852767
2024-06-04,70567.765625,3812.515869140625,1.000115990638733,1.0002180337905884,70567.765625,3812.515869140625,1.000115990638733,1.0002180337905884,71047.40625,3831.364990234375,1.0010279417037964,1.0007859468460083,68564.640625,3738.13427734375,0.999750018119812,0.9994630217552185,68804.5703125,3766.476318359375,1.0000170469284058,0.9998030066490173,33149696545,13331489271,6054685985,64592711851
2024-06-05,71082.8203125,3864.260986328125,1.0000319480895996,1.0001139640808105,71082.8203125,3864.260986328125,1.0000319480895996,1.0001139640808105,71735.4140625,3887.48583984375,1.0004539489746094,1.0006150007247925,70390.7109375,3778.65576171875,0.9995779991149902,0.9994590282440186,70568.3515625,3812.560791015625,1.000128984451294,1.000203013420105,32810771409,15480034434,6274992543,67311453236
2024-06-06,70757.1640625,3811.60595703125,0.9998239874839783,0.999521017074585,70757.1640625,3811.60595703125,0.9998239874839783,0.999521017074585,71625.734375,3878.05224609375,1.0006970167160034,1.0007319450378418,70119.125,3761.775390625,0.9996430277824402,0.999284029006958,71082.84375,3864.263427734375,1.0000330209732056,1.0001139640808105,25223152007,13606583873,5526353581,58624834999
2024-06-07,69342.5859375,3678.629150390625,1.0000929832458496,0.9996240139007568,69342.5859375,3678.629150390625,1.0000929832458496,0.9996240139007568,71907.8515625,3838.4521484375,1.001001000404358,1.0004849433898926,68507.2578125,3615.2802734375,0.9996690154075623,0.9987649917602539,70759.1875,3811.666015625,0.9998819828033447,0.9995629787445068,36188381096,18220286186,7530255040,83727148277
2024-06-08,69305.7734375,3680.949951171875,1.0000159740447998,0.9999189972877502,69305.7734375,3680.949951171875,1.0000159740447998,0.9999189972877502,69533.3203125,3707.497314453125,1.0004899501800537,1.0002310276031494,69210.7421875,3669.637939453125,0.9998199939727783,0.9994410276412964,69324.1796875,3677.400390625,0.9999740123748779,0.9995239973068237,14262185861,9096091805,3059267864,42654042043
2024-06-09,69647.9921875,3705.90380859375,0.9999520182609558,0.9999039769172668,69647.9921875,3705.90380859375,0.9999520182609558,0.9999039769172668,69817.5234375,3719.36767578125,1.0003019571304321,1.0001970529556274,69160.84375,3668.12353515625,0.9998070001602173,0.9997190237045288,69297.4921875,3680.93603515625,0.9999719858169556,0.9998229742050171,13534028500,7910768788,2509473567,38460275023
2024-06-10,69512.28125,3666.717529296875,0.99993497133255,0.999580979347229,69512.28125,3666.717529296875,0.99993497133255,0.999580979347229,70146.0703125,3711.4287109375,1.000262975692749,1.0000929832458496,69232.421875,3648.16455078125,0.9997569918632507,0.9994570016860962,69644.3125,3705.877197265625,0.9999610185623169,0.9998829960823059,20597699541,10377300126,4910419104,51346980569
2024-06-11,67332.03125,3498.33056640625,1.000082015991211,0.9999409914016724,67332.03125,3498.33056640625,1.000082015991211,0.9999409914016724,69549.4140625,3669.890869140625,1.0005420446395874,1.000380039215088,66123.6015625,3434.7490234375,0.9997389912605286,0.9988980293273926,69508.078125,3666.35888671875,0.9999639987945557,0.9995480179786682,37116136345,19184721538,6723356948,72360838236
2024-06-12,68241.1875,3559.61767578125,0.9999740123748779,0.9996820092201233,68241.1875,3559.61767578125,0.9999740123748779,0.9996820092201233,69977.890625,3652.4921875,1.0003670454025269,1.000440001487732,66902.453125,3463.784912109375,0.9997429847717285,0.9994879961013794,67321.375,3497.89697265625,1.0000269412994385,0.9999399781227112,34497940694,17142905351,6871867010,67692265125
2024-06-13,66756.3984375,3469.28125,0.9999840259552002,0.9996050000190735,66756.3984375,3469.28125,0.9999840259552002,0.9996050000190735,68365.78125,3559.725341796875,1.0004600286483765,1.000372052192688,66304.5625,3431.33349609375,0.9995989799499512,0.9994320273399353,68243.1015625,3559.725341796875,1.0001020431518555,0.9997590184211731,28955204146,14472382154,5971089832,56101863399
2024-06-14,66011.09375,3480.27197265625,0.999925971031189,0.9994710087776184,66011.09375,3480.27197265625,0.999925971031189,0.9994710087776184,67294.6484375,3528.602294921875,1.0007599592208862,1.0002009868621826,65056.89453125,3366.223876953125,0.9997720122337341,0.9990059733390808,66747.5703125,3467.969970703125,1.0000540018081665,0.999671995639801,27403884779,15793876596,6091367068,56734383862
2024-06-15,66191.0,3565.549560546875,1.000082015991211,0.9994670152664185,66191.0,3565.549560546875,1.000082015991211,0.9994670152664185,66402.1875,3589.887451171875,1.0004849433898926,1.0,65871.7734375,3473.45263671875,0.9997789859771729,0.9992049932479858,66006.7421875,3479.78564453125,0.9999909996986389,0.9994630217552185,14121265576,12733651076,2755427647,35823242153
2024-06-16,66639.046875,3620.5634765625,0.999970018863678,0.9992930293083191,66639.046875,3620.5634765625,0.999970018863678,0.9992930293083191,66894.84375,3648.093017578125,1.000661015510559,1.0001050233840942,66018.25,3541.534423828125,0.9998160004615784,0.9990389943122864,66189.359375,3566.761962890625,1.0000449419021606,0.9994379878044128,13281140541,9878388158,2632098818,31962850043
2024-06-17,66490.296875,3511.37890625,1.0000590085983276,0.9996449947357178,66490.296875,3511.37890625,1.0000590085983276,0.9996449947357178,67188.3203125,3634.285400390625,1.000707983970642,1.000182032585144,65094.96484375,3468.14892578125,0.9997450113296509,0.9990040063858032,66636.515625,3622.383544921875,1.0000300407409668,0.9993410110473633,30006354476,17838856988,5844947783,60712949361
2024-06-18,65140.74609375,3483.681396484375,1.0000289678573608,0.9995499849319458,65140.74609375,3483.681396484375,1.0000289678573608,0.9995499849319458,66556.703125,3514.17724609375,1.001554012298584,1.0013339519500732,64066.95703125,3371.59033203125,0.9996860027313232,0.9993079900741577,66490.9765625,3510.565185546875,1.0000519752502441,0.9996500015258789,39481285950,21022514455,7136467512,78695656625
2024-06-19,64960.296875,3559.347412109375,1.000100016593933,0.9997959733009338,64960.296875,3559.347412109375,1.000100016593933,0.9997959733009338,65695.3515625,3583.320068359375,1.0007270574569702,1.0005099773406982,64693.30078125,3466.48095703125,0.9997339844703674,0.9993259906768799,65146.66015625,3482.350830078125,1.0000180006027222,0.9995949864387512,21103423504,15275373778,4457463559,48283435769
2024-06-20,64828.65625,3511.0869140625,1.000048041343689,0.9993990063667297,64828.65625,3511.0869140625,1.000048041343689,0.9993990063667297,66438.9609375,3623.886474609375,1.00068199634552,1.000535011291504,64547.84765625,3485.4599609375,0.9997439980506897,0.9990019798278809,64960.296875,3559.347412109375,1.000100016593933,0.9997959733009338,25641109124,16115123753,5213531694,53052487180
2024-06-21,64096.19921875,3516.07568359375,1.000033974647522,0.9994789958000183,64096.19921875,3516.07568359375,1.000033974647522,0.9994789958000183,65007.546875,3542.957275390625,1.000831961631775,1.0003260374069214,63378.89453125,3447.935546875,0.9997550249099731,0.9989579916000366,64837.98828125,3511.268310546875,1.0000619888305664,0.9993919730186462,26188171739,15933353456,5778982985,52864626463
2024-06-22,64252.578125,3494.8134765625,1.0000020265579224,0.9995729923248291,64252.578125,3494.8134765625,1.0000020265579224,0.9995729923248291,64475.46875,3519.49755859375,1.0006860494613647,1.0002379417419434,63929.7578125,3477.169921875,0.9997820258140564,0.9992280006408691,64113.86328125,3516.55126953125,0.9999799728393555,0.9995089769363403,9858198793,7423703673,2459845315,26893846849
2024-06-23,63180.796875,3418.61181640625,0.9999480247497559,0.999343991279602,63180.796875,3418.61181640625,0.9999480247497559,0.999343991279602,64491.703125,3519.324951171875,1.000440001487732,1.0002750158309937,63180.796875,3408.5830078125,0.9997550249099731,0.9991350173950195,64248.96484375,3494.953857421875,1.0000909566879272,0.9996470212936401,11170471802,9418141333,2542629622,29265392695
2024-06-24,60277.4140625,3350.25634765625,1.0000519752502441,0.9994080066680908,60277.4140625,3350.25634765625,1.0000519752502441,0.9994080066680908,63292.52734375,3430.698974609375,1.0008219480514526,1.0004650354385376,58601.69921875,3244.241455078125,0.999547004699707,0.9987879991531372,63173.3515625,3418.783203125,0.9999780058860779,0.9993699789047241,43152133651,23137744903,8141512257,75556423079
2024-06-25,61804.640625,3395.029052734375,1.0000170469284058,0.9998080134391785,61804.640625,3395.029052734375,1.0000170469284058,0.9998080134391785,62258.26171875,3422.21337890625,1.0007950067520142,1.0004470348358154,60239.75,3335.556884765625,0.9997940063476562,0.9991599917411804,60266.28125,3350.5556640625,1.0000200271606445,0.9994339942932129,29201215431,13235546063,5991607536,52502040528
2024-06-26,60811.27734375,3369.477294921875,0.9998229742050171,0.9993240237236023,60811.27734375,3369.477294921875,0.9998229742050171,0.9993240237236023,62434.13671875,3421.509521484375,1.0007280111312866,1.0004949569702148,60695.1875,3328.390625,0.9996479749679565,0.9992070198059082,61789.67578125,3394.373291015625,0.9999570250511169,0.9997149705886841,22506003064,11694054195,4964437157,44813407523
2024-06-27,61604.80078125,3444.800537109375,0.9998070001602173,0.9985970258712769,61604.80078125,3444.800537109375,0.9998070001602173,0.9985970258712769,62293.86328125,3470.923095703125,1.0005669593811035,0.9999269843101501,60585.33203125,3362.2646484375,0.9996240139007568,0.9984470009803772,60811.2265625,3368.88623046875,0.999862015247345,0.9993799924850464,21231745045,11771834016,5254114011,45267792573
2024-06-28,60320.13671875,3373.635986328125,1.0000369548797607,0.9981369972229004,60320.13671875,3373.635986328125,1.0000369548797607,0.9981369972229004,62126.09765625,3482.95751953125,1.0007460117340088,0.999737024307251,59985.40234375,3363.4375,0.9996560215950012,0.9978190064430237,61612.8046875,3445.498779296875,0.9998890161514282,0.9986379742622375,24952866877,12861158844,5731112290,48868972915
2024-06-29,60887.37890625,3372.9677734375,0.9998160004615784,0.9983659982681274,60887.37890625,3372.9677734375,0.9998160004615784,0.9983659982681274,61097.62109375,3401.730224609375,1.0003670454025269,0.9990919828414917,60300.96484375,3369.552734375,0.9996790289878845,0.997875988483429,60319.875,3373.68994140625,0.9999319911003113,0.998108983039856,12652903396,6584792001,2662005047,28311234049
2024-06-30,62678.29296875,3432.88916015625,0.9999330043792725,0.9984089732170105,62678.29296875,3432.88916015625,0.9999330043792725,0.9984089732170105,62892.828125,3453.21142578125,1.0005509853363037,0.9996479749679565,60632.94921875,3352.284423828125,0.9996309876441956,0.997223973274231,60888.4453125,3373.07568359375,0.999809980392456,0.9983500242233276,17333226409,8396416013,3501717888,34937001727
2024-07-01,62851.98046875,3440.341552734375,0.9999449849128723,0.9989680051803589,62851.98046875,3440.341552734375,0.9999449849128723,0.9989680051803589,63777.2265625,3513.310791015625,1.0007719993591309,0.9998819828033447,62495.51171875,3425.3232421875,0.999737024307251,0.9982960224151611,62673.60546875,3432.607421875,0.9999020099639893,0.9983800053596497,25468379421,12281551839,4714986074,45876476553
2024-07-02,62029.015625,3416.354736328125,0.9998800158500671,0.9984530210494995,62029.015625,3416.354736328125,0.9998800158500671,0.9984530210494995,63203.359375,3459.761474609375,1.0005799531936646,0.9995030164718628,61752.74609375,3399.026123046875,0.9997320175170898,0.9982079863548279,62844.41015625,3439.38134765625,0.9999470114707947,0.9990299940109253,20151616992,9421757718,4088170748,39391729670
2024-07-03,60173.921875,3292.916748046875,0.9999039769172668,0.9988530278205872,60173.921875,3292.916748046875,0.9999039769172668,0.9988530278205872,62187.703125,3426.332275390625,1.000784993171692,0.9997820258140564,59419.38671875,3254.521240234375,0.9997379779815674,0.9983010292053223,62034.33203125,3416.2548828125,0.9998990297317505,0.9984750151634216,29756701685,16121324440,5941703427,57042672759
2024-07-04,56977.703125,3054.52197265625,0.999925971031189,0.9996610283851624,56977.703125,3054.52197265625,0.999925971031189,0.9996610283851624,60399.67578125,3309.20361328125,1.000972032546997,1.000141978263855,56777.8046875,3054.52197265625,0.9994829893112183,0.9987260103225708,60147.13671875,3291.81787109375,0.9999269843101501,0.9989129900932312,41149609230,20252514386,7220316786,74732714381
2024-07-05,56662.375,2981.5986328125,1.0000079870224,1.0000269412994385,56662.375,2981.5986328125,1.0000079870224,1.0000269412994385,57497.15234375,3106.152587890625,1.0009870529174805,1.0009520053863525,53717.375,2826.014404296875,0.999629020690918,0.9994339942932129,57022.80859375,3057.833251953125,1.0000669956207275,0.9997879862785339,55417544033,31131942647,10285011034,104430727675
2024-07-06,58303.5390625,3069.3779296875,0.9999359846115112,1.0000979900360107,58303.5390625,3069.3779296875,0.9999359846115112,1.0000979900360107,58472.546875,3080.107421875,1.0006500482559204,1.0011570453643799,56038.9609375,2957.395751953125,0.9997400045394897,0.9998130202293396,56659.07421875,2981.988037109375,1.0000909566879272,1.000059962272644,20610320577,11586293705,3574500456,43532116200
2024-07-07,55849.109375,2929.38720703125,0.9999020099639893,0.9998319745063782,55849.109375,2929.38720703125,0.9999020099639893,0.9998319745063782,58371.12109375,3072.814453125,1.000609040260315,1.0009030103683472,55793.32421875,2923.959228515625,0.9997400045394897,0.9995750188827515,58239.4296875,3067.405029296875,1.0000180006027222,1.0001720190048218,20553359505,10857947538,3667249702,42863990186
2024-07-08,56705.09765625,3018.73193359375,0.9999229907989502,0.9998189806938171,56705.09765625,3018.73193359375,0.9999229907989502,0.9998189806938171,58131.3359375,3090.66455078125,1.0016820430755615,1.0019149780273438,54321.01953125,2826.481689453125,0.9994900226593018,0.9994450211524963,55849.57421875,2929.861572265625,0.9998430013656616,0.9998120069503784,39766159899,22627377457,8124831163,74590713592
2024-07-09,58009.2265625,3064.032958984375,0.9999719858169556,1.000012993812561,58009.2265625,3064.032958984375,0.9999719858169556,1.000012993812561,58239.1953125,3105.800537109375,1.0010210275650024,1.0010639429092407,56316.875,3005.522216796875,0.9997599720954895,0.9996209740638733,56704.59765625,3018.80322265625,0.9999639987945557,0.9997879862785339,27849512607,15269945822,5416525622,52771534181
2024-07-10,57742.49609375,3102.21875,0.9999390244483948,0.9998769760131836,57742.49609375,3102.21875,0.9999390244483948,0.9998769760131836,59359.43359375,3148.407470703125,1.000864028930664,1.0015770196914673,57178.4140625,3026.6083984375,0.999750018119812,0.9996790289878845,58033.8828125,3066.13720703125,0.9999989867210388,1.0002139806747437,26175260526,14578679176,5380030813,48310166694
2024-07-11,57344.9140625,3100.330810546875,0.9999939799308777,1.00006902217865,57344.9140625,3100.330810546875,0.9999939799308777,1.00006902217865,59299.43359375,3208.9384765625,1.0009649991989136,1.0015859603881836,57120.37890625,3057.21923828125,0.9997680187225342,0.9997119903564453,57729.890625,3101.335205078125,1.0000449419021606,0.9999250173568726,28707803842,15230095766,6096076403,52287657808
2024-07-12,57899.46484375,3134.15869140625,0.9999970197677612,1.000223994255066,57899.46484375,3134.15869140625,0.9999970197677612,1.000223994255066,58532.5546875,3154.6015625,1.0008289813995361,1.001075029373169,56590.17578125,3048.508056640625,0.9997659921646118,0.9997680187225342,57341.1953125,3099.989990234375,0.9999790191650391,1.0000560283660889,25604805221,12751638331,5327947652,46446510451
2024-07-13,59231.953125,3177.19873046875,1.0001150369644165,1.0003000497817993,59231.953125,3177.19873046875,1.0001150369644165,1.0003000497817993,59787.078125,3199.989501953125,1.0007879734039307,1.0012199878692627,57796.44140625,3115.080322265625,0.9997749924659729,0.9999520182609558,57908.73828125,3134.550537109375,1.0001269578933716,1.0002809762954712,17080061806,8565105946,3212398138,34421372740
2024-07-14,60787.79296875,3244.0791015625,0.9999439716339111,1.0002800226211548,60787.79296875,3244.0791015625,0.9999439716339111,1.0002800226211548,61329.52734375,3266.487548828125,1.0010240077972412,1.0013469457626343,59225.25,3166.43115234375,0.9997479915618896,1.000128984451294,59225.25,3176.741455078125,1.0000050067901611,1.0002490282058716,22223416061,10517709666,4256989618,41068191081
2024-07-15,64870.15234375,3489.552734375,1.0000649690628052,1.0007929801940918,64870.15234375,3489.552734375,1.0000649690628052,1.0007929801940918,64870.15234375,3494.098388671875,1.0009900331497192,1.0016690492630005,60704.9296875,3235.776123046875,0.9996770024299622,1.0001989603042603,60815.45703125,3246.131591796875,1.0000669956207275,1.0004420280456543,38094526099,18305490390,7433084707,66578959504
2024-07-16,65097.1484375,3443.513427734375,1.0001410245895386,1.0006259679794312,65097.1484375,3443.513427734375,1.0001410245895386,1.0006259679794312,65354.33984375,3498.218994140625,1.0008430480957031,1.0013469457626343,62487.96875,3351.77978515625,0.9997249841690063,1.000156044960022,64784.41796875,3486.14404296875,1.0000590085983276,1.000607967376709,41617346768,20446664416,7796844852,76288567031
2024-07-17,64118.79296875,3388.75244140625,1.0000849962234497,1.0001859664916992,64118.79296875,3388.75244140625,1.0000849962234497,1.0001859664916992,66066.734375,3516.104248046875,1.0009520053863525,1.0013710260391235,63896.0859375,3379.099609375,0.9997239708900452,0.9999529719352722,65091.83203125,3446.73681640625,1.0002139806747437,1.00068998336792,32525071311,16739123962,6728358080,61898179810
2024-07-18,63974.06640625,3426.258544921875,0.9999390244483948,0.9998310208320618,63974.06640625,3426.258544921875,0.9999390244483948,0.9998310208320618,65104.66015625,3488.715576171875,1.0014029741287231,1.0014610290527344,63246.1640625,3374.990478515625,0.9996880292892456,0.9996839761734009,64104.73828125,3388.030029296875,1.000108003616333,1.0003060102462769,27239305337,15035622003,5968408600,53674693484
2024-07-19,66710.15625,3505.73486328125,0.9999960064888,1.0005179643630981,66710.15625,3505.73486328125,0.9999960064888,1.0005179643630981,67442.640625,3540.58837890625,1.001173973083496,1.0015679597854614,63329.34375,3377.877685546875,0.99965500831604,0.9996110200881958,63972.32421875,3425.90869140625,0.9998859763145447,0.9997910261154175,37003855410,17705629736,7526347950,64622483446
2024-07-20,67163.6484375,3519.29541015625,1.0000519752502441,1.0004470348358154,67163.6484375,3519.29541015625,1.0000519752502441,1.0004470348358154,67610.734375,3539.904296875,1.000859022140503,1.0015029907226562,66299.6171875,3482.489013671875,0.9996280074119568,1.0002110004425049,66709.921875,3505.721435546875,0.9999920129776001,1.000512957572937,19029581250,10360198325,3884141780,40368955293
2024-07-21,68154.5234375,3536.60546875,1.0000250339508057,1.0001909732818604,68154.5234375,3536.60546875,1.0000250339508057,1.0001909732818604,68372.90625,3546.619140625,1.0010449886322021,1.0016859769821167,65842.296875,3415.44384765625,0.9996029734611511,0.9999819993972778,67164.9140625,3519.426513671875,1.0000499486923218,1.0005019903182983,26652190004,13845913681,5265680633,50474174912
2024-07-22,67585.25,3440.419921875,1.0000280141830444,1.0004169940948486,67585.25,3440.419921875,1.0000280141830444,1.0004169940948486,68480.0625,3560.075439453125,1.000830054283142,1.0013339519500732,66611.296875,3425.795654296875,0.999646008014679,0.9997509717941284,68152.9765625,3536.627197265625,1.000025987625122,1.0001929998397827,42649109453,18723199034,5765488048,52730305555
2024-07-23,65927.671875,3481.995849609375,0.9999520182609558,1.000161051750183,65927.671875,3481.995849609375,0.9999520182609558,1.000161051750183,67779.015625,3539.53173828125,1.0010930299758911,1.0016169548034668,65484.4609375,3395.4208984375,0.9993540048599243,0.9995830059051514,67584.8046875,3440.768310546875,0.9999799728393555,1.000430941581726,35605668666,24468405650,8082893148,67217361972
2024-07-24,65372.1328125,3336.33935546875,0.9998660087585449,0.9998220205307007,65372.1328125,3336.33935546875,0.9998660087585449,0.9998220205307007,67113.984375,3487.653076171875,1.001217007637024,1.0014359951019287,65146.99609375,3304.039306640625,0.9995779991149902,0.999688982963562,65927.859375,3482.15185546875,0.9999709725379944,1.000154972076416,27470942309,16040945448,5549791333,51701005917
2024-07-25,65777.2265625,3174.42724609375,1.0000139474868774,0.9998109936714172,65777.2265625,3174.42724609375,1.0000139474868774,0.9998109936714172,66112.421875,3341.4384765625,1.0011539459228516,1.0018190145492554,63473.47265625,3088.764404296875,0.9995700120925903,0.9993910193443298,65375.875,3336.3623046875,0.9999039769172668,0.999858021736145,38315761670,25293745810,7654250854,69959674584
2024-07-26,67912.0625,3275.951416015625,1.0001790523529053,1.000175952911377,67912.0625,3275.951416015625,1.0001790523529053,1.000175952911377,68207.6015625,3285.760986328125,1.0010730028152466,1.0011359453201294,65743.765625,3172.777099609375,0.9995909929275513,0.9995399713516235,65771.8125,3174.051025390625,0.9999430179595947,0.9997169971466064,30488630457,15993893521,5793637323,52685688859
2024-07-27,67813.3359375,3247.60791015625,1.000054955482483,1.000087022781372,67813.3359375,3247.60791015625,1.000054955482483,1.000087022781372,69398.5078125,3327.426513671875,1.001281976699829,1.0020439624786377,66705.21875,3195.356689453125,0.9993810057640076,0.9995859861373901,67911.8125,3275.8916015625,1.000180959701538,1.000154972076416,34691905492,15198233287,5532713251,55047490100
2024-07-28,68255.8671875,3271.464599609375,0.9999060034751892,0.9999079704284668,68255.8671875,3271.464599609375,0.9999060034751892,0.9999079704284668,68301.8515625,3283.152099609375,1.001001000404358,1.001075029373169,67085.828125,3201.76318359375,0.9997280240058899,0.9997529983520508,67808.65625,3247.50732421875,0.9999989867210388,1.000040054321289,18043166945,8959236446,3031560130,33668335667
2024-07-29,66819.9140625,3320.539306640625,0.9999639987945557,0.9997950196266174,66819.9140625,3320.539306640625,0.9999639987945557,0.9997950196266174,69987.5390625,3396.625732421875,1.0010629892349243,1.0012630224227905,66532.59375,3257.715576171875,0.99965500831604,0.9995020031929016,68259.0546875,3271.453369140625,0.9999189972877502,0.9999139904975891,40780682628,18334852719,6797227757,63609014546
2024-07-30,66201.015625,3278.667724609375,1.0000020265579224,0.9998300075531006,66201.015625,3278.667724609375,1.0000020265579224,0.9998300075531006,66987.671875,3365.322509765625,1.0010279417037964,1.0012589693069458,65323.19140625,3235.760009765625,0.9996100068092346,0.9993690252304077,66819.0546875,3320.63525390625,0.9999470114707947,0.999796986579895,31380492109,14045773047,5332646102,51267032806
2024-07-31,64619.25,3231.295654296875,1.0000360012054443,0.9997329711914062,64619.25,3231.295654296875,1.0000360012054443,0.9997329711914062,66810.2109375,3347.636474609375,1.001109004020691,1.001222014427185,64532.046875,3216.07177734375,0.999675989151001,0.999288022518158,66201.2734375,3278.6865234375,1.0000059604644775,0.9998400211334229,31292785994,16135380637,5968875897,52003171104
2024-08-01,65357.5,3201.564453125,1.0000040531158447,0.9991080164909363,65357.5,3201.564453125,1.0000040531158447,0.9991080164909363,65593.2421875,3241.77734375,1.0013220310211182,1.001065969467163,62248.94140625,3078.5439453125,0.9996370077133179,0.9987260103225708,64625.83984375,3231.248779296875,1.000025987625122,0.9997320175170898,40975554494,20217639556,7390211553,65833386618
2024-08-02,61415.06640625,2986.01318359375,0.9998840093612671,0.9986749887466431,61415.06640625,2986.01318359375,0.9998840093612671,0.9986749887466431,65523.22265625,3214.527099609375,1.0011160373687744,1.00101900100708,61184.89453125,2965.73388671875,0.9994909763336182,0.9985719919204712,65353.5,3201.599365234375,0.9999759793281555,0.9990779757499695,43060875727,21400241741,8383547954,67773726855
2024-08-03,60680.09375,2903.3857421875,1.0000569820404053,0.9995989799499512,60680.09375,2903.3857421875,1.0000569820404053,0.9995989799499512,62148.37109375,3015.296142578125,1.001315951347351,1.0009510517120361,59836.52734375,2861.177490234375,0.9996359944343567,0.9983029961585999,61414.80859375,2985.950927734375,0.9998800158500671,0.9986580014228821,31753030589,17844091431,5917141670,54276527600
2024-08-04,58116.9765625,2686.39892578125,0.9999709725379944,0.9996799826622009,58116.9765625,2686.39892578125,0.9999709725379944,0.9996799826622009,61062.98828125,2931.4716796875,1.0017379522323608,1.001062035560608,57210.8046875,2639.566650390625,0.9995800256729126,0.9988600015640259,60676.09375,2903.088623046875,0.99993497133255,0.9995710253715515,31758917219,21139601426,6455293009,58452540746
2024-08-05,53991.45703125,2417.206298828125,1.0000170469284058,1.0003650188446045,53991.45703125,2417.206298828125,1.0000170469284058,1.0003650188446045,58268.828125,2695.88671875,1.0019099712371826,1.002500057220459,49121.23828125,2122.546142578125,0.9988330006599426,0.9986519813537598,58110.296875,2686.027587890625,0.9999250173568726,0.9996060132980347,108991085584,67668132244,24826261611,188926094526
2024-08-06,56034.31640625,2458.723876953125,1.0001569986343384,1.0005730390548706,56034.31640625,2458.723876953125,1.0001569986343384,1.0005730390548706,57059.91796875,2553.5810546875,1.0014979839324951,1.0023900270462036,53973.2734375,2416.527099609375,0.9993860125541687,0.9997929930686951,53991.34765625,2417.269775390625,1.0000419616699219,1.000412940979004,49300484106,26041995921,10057433619,81396416579
2024-08-07,55027.4609375,2336.58935546875,1.0000519752502441,1.0002729892730713,55027.4609375,2336.58935546875,1.0000519752502441,1.0002729892730713,57726.8828125,2551.560791015625,1.0013409852981567,1.0022079944610596,54620.5078125,2312.168701171875,0.999405026435852,0.9997919797897339,56040.6328125,2458.989013671875,0.9999769926071167,1.0003759860992432,41637562185,24264218606,9172640907,72320106597
2024-08-08,61710.13671875,2683.352783203125,0.999925971031189,1.0002789497375488,61710.13671875,2683.352783203125,0.999925971031189,1.0002789497375488,62673.765625,2721.95458984375,1.001600980758667,1.0019110441207886,54766.7265625,2322.529541015625,0.9987499713897705,0.9986220002174377,55030.02734375,2336.9150390625,0.999888002872467,1.0000829696655273,45298472567,23468291180,8609634275,73383041658
2024-08-09,60880.11328125,2599.5986328125,1.0001720190048218,1.0005780458450317,60880.11328125,2599.5986328125,1.0001720190048218,1.0005780458450317,61751.86328125,2706.451171875,1.0011969804763794,1.001723051071167,59587.859375,2555.2294921875,0.9995319843292236,0.9995899796485901,61728.20703125,2683.719970703125,0.9999309778213501,1.0004500150680542,33425553115,17907141655,6203173859,55251256632
2024-08-10,60945.8125,2610.02294921875,0.9999589920043945,1.0002110004425049,60945.8125,2610.02294921875,0.9999589920043945,1.0002110004425049,61464.51171875,2642.92578125,1.001204013824463,1.0018739700317383,60287.56640625,2580.661865234375,0.999638020992279,0.9999949932098389,60881.23046875,2599.582275390625,1.0001740455627441,1.000573992729187,15745822278,9361014219,2840668190,31042565436
2024-08-11,58719.484375,2553.252197265625,0.9998440146446228,1.0000449419021606,58719.484375,2553.252197265625,0.9998440146446228,1.0000449419021606,61778.66015625,2718.797607421875,1.0012320280075073,1.0017889738082886,58348.82421875,2544.1748046875,0.9995229840278625,0.9998350143432617,60944.890625,2609.9697265625,0.9999409914016724,1.0001909732818604,22759754812,13595441987,4241023138,41909131618
2024-08-12,59354.515625,2724.431884765625,0.9999210238456726,1.0001800060272217,59354.515625,2724.431884765625,0.9999210238456726,1.0001800060272217,60680.33203125,2749.135009765625,1.0012760162353516,1.0017650127410889,57688.8984375,2513.39404296875,0.9995279908180237,0.999750018119812,58719.39453125,2553.49658203125,0.999858021736145,1.000046968460083,37078637820,21653090666,7736713766,63275431596
2024-08-13,60609.56640625,2703.671875,0.9998980164527893,1.0002659559249878,60609.56640625,2703.671875,0.9998980164527893,1.0002659559249878,61572.3984375,2737.990478515625,1.0012010335922241,1.001865029335022,58506.25390625,2613.80126953125,0.999243974685669,0.9996169805526733,59356.20703125,2724.303466796875,0.9999430179595947,1.000262975692749,30327698167,16383053029,5704692463,51440569199
2024-08-14,58737.26953125,2662.914794921875,0.9999809861183167,1.000290036201477,58737.26953125,2662.914794921875,0.9999809861183167,1.000290036201477,61687.7578125,2775.281005859375,1.0012199878692627,1.0018579959869385,58472.875,2636.705322265625,0.9994649887084961,0.9997609853744507,60611.05078125,2703.5869140625,0.9999269843101501,1.0003130435943604,29961696180,15825365408,6330884911,52144724490
2024-08-15,57560.09765625,2570.087646484375,1.0000929832458496,1.000236988067627,57560.09765625,2570.087646484375,1.0000929832458496,1.000236988067627,59838.6484375,2675.314453125,1.001289963722229,1.0014779567718506,56161.59375,2518.670654296875,0.9994159936904907,0.9996439814567566,58733.26171875,2662.885498046875,0.9999679923057556,1.0002959966659546,35682112440,16345801912,7187161595,56751936622
2024-08-16,58894.10546875,2593.1865234375,0.9999629855155945,1.0002909898757935,58894.10546875,2593.1865234375,0.9999629855155945,1.0002909898757935,59847.359375,2629.383544921875,1.0011520385742188,1.0015499591827393,57110.01953125,2553.071533203125,0.9994159936904907,0.9995869994163513,57560.2734375,2570.085205078125,1.000087022781372,1.0002180337905884,29350938673,13275561555,5554835179,49001060836
2024-08-17,59478.97265625,2614.546875,1.0000020265579224,1.0002089738845825,59478.97265625,2614.546875,1.0000020265579224,1.0002089738845825,59694.66796875,2626.6728515625,1.0007599592208862,1.0013840198516846,58814.83203125,2588.78515625,0.9996370077133179,0.9999070167541504,58893.53125,2593.1669921875,0.9999549984931946,1.0002820491790771,13589684021,6676568717,2312459420,27396981274
2024-08-18,58483.96484375,2613.357177734375,1.0004769563674927,1.000641942024231,58483.96484375,2613.357177734375,1.0004769563674927,1.000641942024231,60262.71875,2684.031005859375,1.0010119676589966,1.0015289783477783,58445.40234375,2596.735107421875,0.99959397315979,0.9998639822006226,59468.1328125,2614.109619140625,0.9998700022697449,1.0000410079956055,17740625837,9207267415,3106041184,34966981759
2024-08-19,59493.453125,2637.306396484375,1.0001670122146606,1.000525951385498,59493.453125,2637.306396484375,1.0001670122146606,1.000525951385498,59612.66015625,2648.284423828125,1.0013530254364014,1.0018160343170166,57864.7109375,2566.401123046875,0.9993230104446411,0.9997730255126953,58480.7109375,2612.718505859375,1.0002429485321045,1.0003889799118042,25911207712,11968963282,4852810943,46796006984
2024-08-20,59012.79296875,2573.10693359375,0.9999579787254333,1.0000460147857666,59012.79296875,2573.10693359375,0.9999579787254333,1.0000460147857666,61396.328125,2695.913818359375,1.0010700225830078,1.0016039609909058,58610.8828125,2556.74755859375,0.9994590282440186,0.9998630285263062,59493.453125,2637.306396484375,1.0001670122146606,1.000525951385498,31613400008,13249483464,5325316305,53591125880
2024-08-21,61175.19140625,2631.3955078125,1.0000180006027222,1.0003060102462769,61175.19140625,2631.3955078125,1.0000180006027222,1.0003060102462769,61834.3515625,2662.953369140625,1.0011550188064575,1.0017280578613281,58823.4453125,2538.65771484375,0.9993259906768799,0.9994369745254517,59014.98828125,2573.10888671875,0.999983012676239,1.0000699758529663,32731154072,12766015263,5665095199,53113473486
2024-08-22,60381.9140625,2622.951416015625,0.9999809861183167,1.0002280473709106,60381.9140625,2622.951416015625,0.9999809861183167,1.0002280473709106,61408.109375,2644.82373046875,1.0010989904403687,1.001539945602417,59815.25390625,2587.110595703125,0.9995110034942627,0.9998589754104614,61168.31640625,2630.8642578125,0.999891996383667,1.0002130270004272,27625734377,10723280428,4782782342,45673020568
2024-08-23,64094.35546875,2764.447021484375,1.0,1.0008389949798584,64094.35546875,2764.447021484375,1.0,1.0008389949798584,64947.0625,2799.329833984375,1.0011260509490967,1.001932978630066,60372.05078125,2622.5810546875,0.9995179772377014,0.9997090101242065,60380.953125,2622.916015625,0.9999679923057556,1.0002139806747437,42530509233,16857181970,8562443281,66435913915
2024-08-24,64178.9921875,2769.3896484375,0.9999470114707947,1.0004119873046875,64178.9921875,2769.3896484375,0.9999470114707947,1.0004119873046875,64513.7890625,2820.0205078125,1.0009089708328247,1.0017460584640503,63619.91796875,2737.776611328125,0.9996410012245178,1.0000660419464111,64103.87109375,2765.4814453125,1.0000079870224,1.0008130073547363,21430585163,11765811307,4057904148,46227369084
2024-08-25,64333.54296875,2749.15771484375,1.0000369548797607,1.0005450248718262,64333.54296875,2749.15771484375,1.0000369548797607,1.0005450248718262,64996.421875,2793.012939453125,1.0008549690246582,1.001621961593628,63833.51953125,2736.0888671875,0.9995350241661072,1.0001200437545776,64176.3671875,2769.09814453125,0.9999369978904724,1.0004140138626099,18827683555,9375535539,3777049671,40361519650
2024-08-26,62880.66015625,2681.340576171875,0.9999189972877502,1.000201940536499,62880.66015625,2681.340576171875,0.9999189972877502,1.000201940536499,64489.70703125,2763.004150390625,1.001147985458374,1.0018839836120605,62849.55859375,2668.88671875,0.9996259808540344,0.999987006187439,64342.2265625,2749.24755859375,0.9999579787254333,1.000512957572937,27682040631,12282035835,5394349814,51030197598
2024-08-27,59504.1328125,2458.7265625,1.0000269412994385,1.0003269910812378,59504.1328125,2458.7265625,1.0000269412994385,1.0003269910812378,63210.796875,2700.15283203125,1.001736044883728,1.0020619630813599,58116.75,2401.175048828125,0.999459981918335,0.999396026134491,62879.70703125,2681.622802734375,0.999879002571106,1.0001800060272217,39103882198,18028996056,6943030162,65120597214
2024-08-28,59027.625,2528.41552734375,0.9999189972877502,1.0001499652862549,59027.625,2528.41552734375,0.9999189972877502,1.0001499652862549,60236.44921875,2553.820068359375,1.001446008682251,1.0019160509109497,57890.67578125,2422.293701171875,0.9992499947547913,0.99931401014328,59507.92578125,2458.90478515625,1.0000009536743164,1.000324010848999,40289564698,20359545410,7652368988,69866785923
2024-08-29,59388.1796875,2528.792724609375,0.9999629855155945,1.0001590251922607,59388.1796875,2528.792724609375,0.9999629855155945,1.0001590251922607,61184.08203125,2595.97705078125,1.0020380020141602,1.0024290084838867,58786.2265625,2507.50244140625,0.9996489882469177,0.9997810125350952,59027.46875,2528.3623046875,0.999925971031189,1.000162959098816,32224990582,13946434277,6251270493,51557558279
2024-08-30,59119.4765625,2525.822021484375,0.9999719858169556,0.9998930096626282,59119.4765625,2525.822021484375,0.9999719858169556,0.9998930096626282,59896.88671875,2539.915283203125,1.0012660026550293,1.0018529891967773,57768.53125,2432.83447265625,0.9992799758911133,0.9994450211524963,59388.6015625,2528.732177734375,0.9999399781227112,1.0001169443130493,32292756405,15526218255,6018973038,53462688174
2024-08-31,58969.8984375,2513.393798828125,0.9999719858169556,0.9998840093612671,58969.8984375,2513.393798828125,0.9999719858169556,0.9998840093612671,59432.59375,2532.389892578125,1.00062096118927,1.0011370182037354,58768.78515625,2493.70556640625,0.9996659755706787,0.9995999932289124,59117.48046875,2525.859130859375,1.0000029802322388,0.9999809861183167,12403470760,6646876013,1982580539,24536311364
2024-09-01,57325.48828125,2427.90234375,0.9999930262565613,1.0000059604644775,57325.48828125,2427.90234375,0.9999930262565613,1.0000059604644775,59062.0703125,2515.46728515625,1.0012400150299072,1.001654028892517,57217.82421875,2401.88916015625,0.9993410110473633,0.999210000038147,58969.80078125,2513.42431640625,0.999966025352478,0.9998829960823059,24592449997,11800443265,3944521735,40816634044
2024-09-02,59112.48046875,2538.187255859375,0.9999330043792725,0.9998949766159058,59112.48046875,2538.187255859375,0.9999330043792725,0.9998949766159058,59403.0703125,2563.0859375,1.001202940940857,1.0017379522323608,57136.02734375,2426.095947265625,0.999580979347229,0.9996200203895569,57326.96875,2427.973388671875,1.000012993812561,1.0000380277633667,27036454524,12520444224,4433901472,45617837521
2024-09-03,57431.0234375,2420.603759765625,0.9999979734420776,0.9997509717941284,57431.0234375,2420.603759765625,0.9999979734420776,0.9997509717941284,59815.05859375,2552.802734375,1.0009039640426636,1.0010279417037964,57425.16796875,2419.875244140625,0.9996960163116455,0.9994019865989685,59106.19140625,2538.16064453125,0.9999060034751892,0.9998649954795837,26666961053,11406800197,4872467519,43284063635
2024-09-04,57971.5390625,2448.97705078125,1.0000150203704834,1.0000189542770386,57971.5390625,2448.97705078125,1.0000150203704834,1.0000189542770386,58511.5703125,2488.91650390625,1.0012539625167847,1.0015310049057007,55673.1640625,2313.26513671875,0.999547004699707,0.999468982219696,57430.34765625,2420.1923828125,0.9999840259552002,0.9997199773788452,35627680312,16709600747,6477656833,57499396611
2024-09-05,56160.48828125,2367.737548828125,1.0000419616699219,0.999754011631012,56160.48828125,2367.737548828125,1.0000419616699219,0.999754011631012,58300.58203125,2465.38525390625,1.001209020614624,1.0015079975128174,55712.453125,2348.86328125,0.9995399713516235,0.9993370175361633,57971.703125,2448.98681640625,1.0000170469284058,1.000022053718567,31030280656,13632325040,5761221107,47219392114
2024-09-06,53948.75390625,2223.87646484375,1.0000560283660889,0.9997419714927673,53948.75390625,2223.87646484375,1.0000560283660889,0.9997419714927673,56976.109375,2406.511962890625,1.0012849569320679,1.0012530088424683,52598.69921875,2150.86328125,0.9994819760322571,0.998645007610321,56160.19140625,2367.700927734375,0.9999690055847168,0.9997349977493286,49361693566,25825618367,10002129981,76063648537
2024-09-07,54139.6875,2274.107177734375,0.9999679923057556,0.9998499751091003,54139.6875,2274.107177734375,0.9999679923057556,0.9998499751091003,54838.14453125,2310.19482421875,1.0009729862213135,1.0014679431915283,53740.0703125,2222.100830078125,0.9996910095214844,0.9994750022888184,53949.0859375,2223.92919921875,1.0000879764556885,0.9997860193252563,19061486526,11124608320,3252565092,34349157560
2024-09-08,54841.56640625,2297.29296875,0.9999120235443115,0.99993497133255,54841.56640625,2297.29296875,0.9999120235443115,0.99993497133255,55300.859375,2332.359375,1.0012789964675903,1.0012880563735962,53653.7578125,2243.911376953125,0.9996650218963623,0.9996020197868347,54147.93359375,2274.437744140625,1.0000319480895996,0.9998980164527893,18268287531,10718443487,3426790820,32754298136
2024-09-09,57019.53515625,2358.482177734375,0.9999120235443115,1.0001449584960938,57019.53515625,2358.482177734375,0.9999120235443115,1.0001449584960938,58041.125,2379.78662109375,1.0011299848556519,1.0016809701919556,54598.43359375,2274.115478515625,0.9995980262756348,0.9996160268783569,54851.88671875,2297.896240234375,1.0000540018081665,1.0001449584960938,34618096173,15887712451,6525561297,53645369813
2024-09-10,57648.7109375,2389.5810546875,0.9999070167541504,1.0000170469284058,57648.7109375,2389.5810546875,0.9999070167541504,1.0000170469284058,58029.9765625,2398.50390625,1.0010709762573242,1.0012880563735962,56419.4140625,2323.07177734375,0.9994789958000183,0.9996470212936401,57020.09765625,2358.497802734375,0.9999210238456726,1.0001519918441772,28857630507,12795818970,4970979431,44958459857
2024-09-11,57343.171875,2339.841552734375,0.9999560117721558,1.0001369714736938,57343.171875,2339.841552734375,0.9999560117721558,1.0001369714736938,57991.3203125,2389.71826171875,1.0012099742889404,1.0016249418258667,55567.33984375,2279.0537109375,0.9993090033531189,0.9993450045585632,57650.2890625,2389.603759765625,0.9999290108680725,0.9999819993972778,37049062672,15355180967,6194531532,53910355372
2024-09-12,58127.01171875,2361.78173828125,1.000012993812561,0.9999719858169556,58127.01171875,2361.78173828125,1.000012993812561,0.9999719858169556,58534.359375,2390.186767578125,1.0014640092849731,1.0015289783477783,57330.1015625,2316.15771484375,0.9992830157279968,0.999396026134491,57343.171875,2339.8408203125,0.9999560117721558,1.0001369714736938,33835707949,12162634681,5583428255,49496227393
2024-09-13,60571.30078125,2441.607177734375,1.0001709461212158,1.0007779598236084,60571.30078125,2441.607177734375,1.0001709461212158,1.0007779598236084,60648.0234375,2462.802978515625,1.0013129711151123,1.0016850233078003,57650.11328125,2338.14404296875,0.999301016330719,0.999642014503479,58130.32421875,2361.740966796875,1.0000460147857666,1.0000410079956055,32490528356,13759640866,5979995702,50561943685
2024-09-14,60005.12109375,2418.595703125,0.999891996383667,1.0002069473266602,60005.12109375,2418.595703125,0.999891996383667,1.0002069473266602,60656.72265625,2442.632080078125,1.0006250143051147,1.002189040184021,59517.8828125,2386.979736328125,0.9995840191841125,0.9999920129776001,60569.1171875,2441.580810546875,1.0000929832458496,1.0007070302963257,16428405496,8170291680,3141619292,31284959922
2024-09-15,59182.8359375,2320.897216796875,1.0000499486923218,1.000067949295044,59182.8359375,2320.897216796875,1.0000499486923218,1.000067949295044,60381.91796875,2430.38330078125,1.0006539821624756,1.001121997833252,58696.30859375,2286.628173828125,0.9996470212936401,0.9998030066490173,60000.7265625,2418.26611328125,0.9998260140419006,1.0001519918441772,18120960867,10155470375,3316385139,33574816326
2024-09-16,58192.5078125,2295.28369140625,0.9999420046806335,0.9999369978904724,58192.5078125,2295.28369140625,0.9999420046806335,0.9999369978904724,59205.51171875,2334.789794921875,1.0010550022125244,1.0016679763793945,57501.33984375,2253.715087890625,0.9993259906768799,0.9994649887084961,59185.2265625,2320.89453125,0.9999970197677612,1.0000540018081665,32032822113,16819033263,6009825679,52359857999
2024-09-17,60308.5390625,2341.707763671875,0.9998469948768616,1.0000879764556885,60308.5390625,2341.707763671875,0.9998469948768616,1.0000879764556885,61316.08984375,2392.149169921875,1.0014690160751343,1.0015950202941895,57628.0703125,2263.79296875,0.9995160102844238,0.9996169805526733,58192.5078125,2295.284423828125,0.9999420046806335,0.9999369978904724,38075570118,15356783863,6832779460,55698782715
2024-09-18,61649.6796875,2369.72900390625,0.999809980392456,1.0004349946975708,61649.6796875,2369.72900390625,0.999809980392456,1.0004349946975708,61664.06640625,2369.72900390625,1.0012589693069458,1.001952052116394,59218.25390625,2278.66455078125,0.9995269775390625,0.9997339844703674,60309.0,2341.73291015625,0.9998540282249451,1.0000959634780884,40990702891,18159056422,6960600328,62277811817
2024-09-19,62940.45703125,2464.752197265625,0.9999449849128723,1.0001980066299438,62940.45703125,2464.752197265625,0.9999449849128723,1.0001980066299438,63872.44140625,2492.20458984375,1.0010440349578857,1.0018819570541382,61609.8671875,2369.374755859375,0.9994500279426575,0.9997130036354065,61651.15625,2369.374755859375,0.999813973903656,1.0000959634780884,42710252573,18437147349,7071100441,68815065769
2024-09-20,63192.9765625,2561.072021484375,1.0000150203704834,1.0001109838485718,63192.9765625,2561.072021484375,1.0000150203704834,1.0001109838485718,64119.53125,2571.99267578125,1.0011260509490967,1.0012929439544678,62364.60546875,2439.3779296875,0.9994940161705017,0.9996569752693176,62941.42578125,2464.7822265625,0.9999579787254333,1.0002110004425049,35177164222,19112788620,6050168399,62999225593
2024-09-21,63394.83984375,2615.857177734375,1.0001510381698608,1.000309944152832,63394.83984375,2615.857177734375,1.0001510381698608,1.000309944152832,63543.359375,2621.62255859375,1.0009160041809082,1.0010930299758911,62783.10546875,2530.837890625,0.9997869729995728,0.999879002571106,63184.33984375,2560.879638671875,0.9998829960823059,1.000054955482483,14408616220,10797825021,2570745139,33954200576
2024-09-22,63648.7109375,2582.862548828125,1.0000200271606445,1.0000879764556885,63648.7109375,2582.862548828125,1.0000200271606445,1.0000879764556885,63993.421875,2632.039306640625,1.001209020614624,1.0015009641647339,62440.7265625,2528.522216796875,0.9996449947357178,0.9997770190238953,63396.8046875,2615.84814453125,1.0002189874649048,1.0003550052642822,20183348802,13180663011,3722435881,41426101070
2024-09-23,63329.80078125,2648.54638671875,1.0000449419021606,0.9999989867210388,63329.80078125,2648.54638671875,1.0000449419021606,0.9999989867210388,64733.55859375,2701.677734375,1.001296043395996,1.0013569593429565,62628.078125,2541.910400390625,0.9996950030326843,0.99965900182724,63643.1015625,2582.77490234375,1.000025987625122,1.0001120567321777,31400285425,19912841456,6075070143,60077721757
2024-09-24,64301.96875,2654.35498046875,0.9999269843101501,0.9999679923057556,64301.96875,2654.35498046875,0.9999269843101501,0.9999679923057556,64695.21484375,2671.27587890625,1.0009740591049194,1.0013660192489624,62737.41796875,2593.152099609375,0.9992380142211914,0.9996539950370789,63326.83984375,2648.482177734375,1.0000109672546387,0.999966025352478,29938335243,16658812503,6354408025,56967919219
2024-09-25,63143.14453125,2579.388671875,0.9999880194664001,0.9998549818992615,63143.14453125,2579.388671875,0.9999880194664001,0.9998549818992615,64804.50390625,2672.4619140625,1.0010030269622803,1.001297950744629,62945.375,2557.724365234375,0.9996539950370789,0.9995830059051514,64302.58984375,2654.361572265625,0.9999189972877502,0.999970018863678,25078377700,14119729962,5027597589,50797578929
2024-09-26,65181.01953125,2632.199951171875,1.000095009803772,1.0002429485321045,65181.01953125,2632.199951171875,1.000095009803772,1.0002429485321045,65790.796875,2665.99267578125,1.001013994216919,1.001541018486023,62669.26953125,2559.954345703125,0.999413013458252,0.9995530247688293,63138.546875,2579.217529296875,0.9999150037765503,0.999754011631012,36873129847,17336033595,6835010999,66981158381
2024-09-27,65790.6640625,2695.900634765625,0.9999309778213501,1.0001790523529053,65790.6640625,2695.900634765625,0.9999309778213501,1.0001790523529053,66480.6953125,2728.067626953125,1.0010240077972412,1.0018160343170166,64852.9921875,2616.950927734375,0.9995459914207458,0.9997990131378174,65180.6640625,2632.241943359375,1.000100016593933,1.0002479553222656,32058813449,17023020294,5842305183,61923482857
2024-09-28,65887.6484375,2677.5390625,0.9999669790267944,1.0001859664916992,65887.6484375,2677.5390625,0.9999669790267944,1.0001859664916992,66255.53125,2704.9287109375,1.0008670091629028,1.0011550188064575,65458.03515625,2652.25048828125,0.9996500015258789,0.9998949766159058,65792.1796875,2695.81591796875,0.9999819993972778,1.000223994255066,15243637984,10252590559,2872721698,38585123416
2024-09-29,65635.3046875,2659.346923828125,0.9998990297317505,1.0001399517059326,65635.3046875,2659.346923828125,0.9998990297317505,1.0001399517059326,66069.34375,2683.44580078125,1.0008189678192139,1.0019299983978271,65450.015625,2635.5849609375,0.9996809959411621,0.9998520016670227,65888.8984375,2677.628662109375,0.9999859929084778,1.0001980066299438,14788214575,11126215671,3054087540,39151842030
2024-09-30,63329.5,2603.062744140625,0.9999449849128723,0.999813973903656,63329.5,2603.062744140625,0.9999449849128723,0.999813973903656,65635.0546875,2662.489013671875,1.0008989572525024,1.001423954963684,62873.6171875,2576.97607421875,0.9993410110473633,0.9994699954986572,65634.65625,2659.292724609375,0.9998930096626282,1.0001410245895386,37112957475,17826446789,6665769413,64288823984
2024-10-01,60837.0078125,2448.921142578125,0.9999579787254333,0.9997879862785339,60837.0078125,2448.921142578125,0.9999579787254333,0.9997879862785339,64110.98046875,2657.615478515625,1.0013600587844849,1.00177001953125,60189.27734375,2415.07861328125,0.9994959831237793,0.9990739822387695,63335.60546875,2603.26416015625,0.9999949932098389,0.9998310208320618,50220923500,25482371785,10848900888,87661652549
2024-10-02,60632.78515625,2365.231689453125,0.9999690055847168,0.9997509717941284,60632.78515625,2365.231689453125,0.9999690055847168,0.9997509717941284,62357.6875,2498.121337890625,1.001209020614624,1.0014690160751343,59996.94921875,2354.539306640625,0.9995930194854736,0.9994710087776184,60836.32421875,2448.877197265625,0.9999499917030334,0.999779999256134,40762722398,20148256472,6994868258,70063566098
2024-10-03,60759.40234375,2349.791259765625,1.0000540018081665,0.9999939799308777,60759.40234375,2349.791259765625,1.0000540018081665,0.9999939799308777,61469.0390625,2402.862548828125,1.0013309717178345,1.0014610290527344,59878.8046875,2311.02783203125,0.9995999932289124,0.9994770288467407,60632.484375,2365.213623046875,0.9999639987945557,0.9997460246086121,36106447279,18051447791,6648292023,63125979096
2024-10-04,62067.4765625,2414.7939453125,1.0000890493392944,1.0001510381698608,62067.4765625,2414.7939453125,1.0000890493392944,1.0001510381698608,62465.9921875,2440.242431640625,1.0013279914855957,1.0012329816818237,60459.94140625,2339.870849609375,0.9996600151062012,0.9994940161705017,60754.625,2349.73291015625,1.0000089406967163,0.9999300241470337,29585472513,14879264082,6045872517,52705769943
2024-10-05,62089.94921875,2415.6318359375,0.9999849796295166,0.9999759793281555,62089.94921875,2415.6318359375,0.9999849796295166,0.9999759793281555,62371.0234375,2427.517578125,1.0006849765777588,1.000959038734436,61689.58203125,2390.844482421875,0.9997580051422119,0.9996119737625122,62067.609375,2414.84716796875,1.0000890493392944,1.0001490116119385,13305410749,8152969183,2483346552,29417406990
2024-10-06,62818.953125,2439.957763671875,0.9999390244483948,0.9998459815979004,62818.953125,2439.957763671875,0.9999390244483948,0.9998459815979004,62959.5703125,2456.630615234375,1.0007760524749756,1.0012270212173462,61833.1484375,2407.099365234375,0.9995880126953125,0.9995260238647461,62084.98828125,2415.53173828125,0.9999769926071167,0.9999880194664001,14776233667,8458690205,2566380267,31287737203
2024-10-07,62236.66015625,2421.796630859375,1.0001150369644165,0.9999709725379944,62236.66015625,2421.796630859375,1.0001150369644165,0.9999709725379944,64443.70703125,2520.40625,1.0010679960250854,1.0011260509490967,62152.55078125,2405.13427734375,0.9994869828224182,0.9994459748268127,62819.109375,2439.94482421875,0.9999129772186279,0.9997959733009338,34253562610,17414044416,6657443142,62209887550
2024-10-08,62131.96875,2439.8408203125,0.9999279975891113,0.9994199872016907,62131.96875,2439.8408203125,0.9999279975891113,0.9994199872016907,63174.3046875,2464.12744140625,1.0011370182037354,1.0007599592208862,61843.5625,2400.5107421875,0.9994900226593018,0.9991000294685364,62221.64453125,2421.98095703125,0.9999769926071167,0.9998379945755005,28134475157,14067361080,6015193014,52704043947
2024-10-09,60582.1015625,2368.283447265625,0.9998400211334229,0.9990710020065308,60582.1015625,2368.283447265625,0.9998400211334229,0.9990710020065308,62508.8359375,2470.9130859375,1.0008440017700195,1.0008310079574585,60314.61328125,2350.946533203125,0.9994869828224182,0.9987969994544983,62131.7265625,2439.840087890625,0.9999290108680725,0.9994239807128906,27670982363,14954047093,5488861733,51841377811
2024-10-10,60274.5,2383.85791015625,1.0000050067901611,0.9992089867591858,60274.5,2383.85791015625,1.0000050067901611,0.9992089867591858,61236.72265625,2417.2880859375,1.0010759830474854,1.0002779960632324,58895.20703125,2329.78466796875,0.9995030164718628,0.9985089898109436,60581.9296875,2368.273193359375,0.9998379945755005,0.9990689754486084,30452813570,15327769940,5487546707,53496953156
2024-10-11,62445.08984375,2436.513427734375,0.999879002571106,0.9997559785842896,62445.08984375,2436.513427734375,0.999879002571106,0.9997559785842896,63400.87109375,2470.395751953125,1.0007450580596924,1.0007569789886475,60046.125,2380.504638671875,0.9996029734611511,0.998773992061615,60275.4609375,2383.940185546875,1.0000200271606445,0.9992250204086304,30327141594,13489061564,5062260065,51632274020
2024-10-12,63193.0234375,2476.523193359375,0.9999250173568726,0.9997569918632507,63193.0234375,2476.523193359375,0.9999250173568726,0.9997569918632507,63448.78515625,2488.23779296875,1.0006359815597534,1.001142978668213,62443.26953125,2434.202880859375,0.9996650218963623,0.9994210004806519,62444.6171875,2436.515625,0.9998720288276672,0.9997419714927673,16744110886,9372169184,2688400173,35944351076
2024-10-13,62851.375,2467.677001953125,0.9998000264167786,0.9995570182800293,62851.375,2467.677001953125,0.9998000264167786,0.9995570182800293,63272.65234375,2484.12939453125,1.0006320476531982,1.0008360147476196,62035.63671875,2436.9697265625,0.9995430111885071,0.9993150234222412,63192.9453125,2476.520263671875,0.9999240040779114,0.9997550249099731,18177529690,9189490605,2864489654,36960774632
2024-10-14,66046.125,2628.89990234375,0.9997680187225342,0.9995030164718628,66046.125,2628.89990234375,0.9997680187225342,0.9995030164718628,66482.4921875,2652.8818359375,1.0007189512252808,1.0005539655685425,62442.15234375,2443.552978515625,0.9985769987106323,0.9981380105018616,62848.3984375,2467.6474609375,0.9997950196266174,0.9995480179786682,43706958056,21434687898,7287349529,73645211355
2024-10-15,67041.109375,2606.02197265625,0.999908983707428,0.9998080134391785,67041.109375,2606.02197265625,0.999908983707428,0.9998080134391785,67881.6796875,2685.166748046875,1.0009909868240356,1.0011320114135742,64809.1953125,2537.94091796875,0.9994189739227295,0.9992030262947083,66050.3671875,2629.017578125,0.9997749924659729,0.9995480179786682,48863870879,22003780898,8158392140,83963242850
2024-10-16,67612.71875,2611.10205078125,0.999845027923584,0.9998350143432617,67612.71875,2611.10205078125,0.999845027923584,0.9998350143432617,68375.2890625,2644.854248046875,1.0009870529174805,1.0008289813995361,66758.7265625,2589.60693359375,0.9994770288467407,0.9993659853935242,67042.4609375,2606.01953125,0.9999009966850281,0.9997929930686951,38195189534,17012396419,6696380074,63169854723
2024-10-17,67399.8359375,2604.2734375,0.9998649954795837,0.9996830224990845,67399.8359375,2604.2734375,0.9998649954795837,0.9996830224990845,67912.2109375,2646.8740234375,1.0006970167160034,1.0007660388946533,66647.390625,2577.305908203125,0.9994850158691406,0.9992499947547913,67617.078125,2611.192138671875,0.9998999834060669,0.999845027923584,32790898511,15150712321,5414632057,55057801321
2024-10-18,68418.7890625,2641.55224609375,0.9999200105667114,0.9999079704284668,68418.7890625,2641.55224609375,0.9999200105667114,0.9999079704284668,68969.75,2674.371826171875,1.0007450580596924,1.000594973564148,67177.8203125,2595.958984375,0.9994500279426575,0.9991409778594971,67419.109375,2604.814453125,0.9999240040779114,0.9996860027313232,36857165014,17043738652,6032177392,59487210585
2024-10-19,68362.734375,2648.656982421875,0.9999759793281555,0.9999489784240723,68362.734375,2648.656982421875,0.9999759793281555,0.9999489784240723,68668.0078125,2661.872802734375,1.0001499652862549,1.0002059936523438,68024.640625,2631.656982421875,0.999468982219696,0.9992380142211914,68418.9765625,2641.48828125,0.999921977519989,0.9999099969863892,14443497908,8557834553,2433012234,32490132300
2024-10-20,69001.703125,2746.364013671875,0.9999070167541504,0.999701976776123,69001.703125,2746.364013671875,0.9999070167541504,0.999701976776123,69359.0078125,2756.436767578125,1.0003999471664429,1.0003429651260376,68105.71875,2635.94580078125,0.9994770288467407,0.9992629885673523,68364.1796875,2648.665771484375,0.9999930262565613,0.9999669790267944,18975847518,14559296242,3407729614,45409324314
2024-10-21,67367.8515625,2665.712158203125,0.999908983707428,0.9998329877853394,67367.8515625,2665.712158203125,0.999908983707428,0.9998329877853394,69462.734375,2765.549560546875,1.0008059740066528,1.0004980564117432,66829.8515625,2655.29443359375,0.9995459914207458,0.9990419745445251,69002.0,2746.3056640625,0.9998949766159058,0.9996910095214844,37498611780,17328615363,6942827868,66839777317
2024-10-22,67361.40625,2620.197509765625,0.9998499751091003,0.9993879795074463,67361.40625,2620.197509765625,0.9998499751091003,0.9993879795074463,67801.578125,2669.7900390625,1.0007530450820923,1.0005340576171875,66581.3671875,2605.61865234375,0.9993829727172852,0.9989579916000366,67360.703125,2665.65673828125,1.0000159740447998,0.9997339844703674,31808472566,15541911074,6299084767,58886789137
2024-10-23,66432.1953125,2509.098876953125,0.9999880194664001,0.9991940259933472,66432.1953125,2509.098876953125,0.9999880194664001,0.9991940259933472,67402.7421875,2624.450439453125,1.0007259845733643,1.0001829862594604,65188.03515625,2457.169921875,0.9994289875030518,0.9983659982681274,67362.375,2620.088623046875,0.999809980392456,0.9993510246276855,32263980353,17876984551,7180272273,60689585382
2024-10-24,68161.0546875,2534.49853515625,1.0000020265579224,0.9995070099830627,68161.0546875,2534.49853515625,1.0000020265579224,0.9995070099830627,68798.9609375,2559.1513671875,1.0005919933319092,0.9999639987945557,66454.1015625,2506.722900390625,0.9994469881057739,0.9985340237617493,66653.703125,2523.60693359375,0.9999300241470337,0.9990100264549255,31414428647,16128627601,6751752975,57614263583
2024-10-25,66642.4140625,2435.93408203125,0.9998229742050171,0.9981629848480225,66642.4140625,2435.93408203125,0.9998229742050171,0.9981629848480225,68722.15625,2563.734130859375,1.0010290145874023,1.0001790523529053,65521.79296875,2381.45068359375,0.9993669986724854,0.9969260096549988,68165.296875,2534.454833984375,1.0000239610671997,0.9995309710502625,41469984306,22560233078,10349261606,78091841017
2024-10-26,67014.6953125,2479.603271484375,0.9998289942741394,0.9987220168113708,67014.6953125,2479.603271484375,0.9998289942741394,0.9987220168113708,67317.921875,2503.23046875,1.0012389421463013,1.0000489950180054,66360.59375,2427.46142578125,0.9994879961013794,0.9978370070457458,66628.734375,2436.050048828125,0.9996280074119568,0.9979529976844788,19588098156,13597102184,4501871708,44076956725
2024-10-27,67929.296875,2505.940673828125,0.9999570250511169,0.9987450242042542,67929.296875,2505.940673828125,0.9999570250511169,0.9987450242042542,68221.3125,2523.17138671875,1.0005810260772705,0.9996060132980347,66847.2265625,2462.27197265625,0.9995139837265015,0.9983270168304443,67023.4765625,2479.93701171875,0.9999390244483948,0.9988530278205872,16721307878,9801434566,3435115036,34453667355
2024-10-28,69907.7578125,2565.34814453125,0.9998549818992615,0.999305009841919,69907.7578125,2565.34814453125,0.9998549818992615,0.999305009841919,70212.265625,2587.43017578125,1.0008080005645752,1.0002870559692383,67535.1328125,2470.268310546875,0.9995080232620239,0.9982870221138,67922.671875,2505.590576171875,0.9998909831047058,0.9986940026283264,38799856657,18971841402,7852957302,66855500410
2024-10-29,72720.4921875,2637.95751953125,0.9999340176582336,0.9997289776802063,72720.4921875,2637.95751953125,0.9999340176582336,0.9997289776802063,73577.2109375,2680.054443359375,1.0006669759750366,1.0003199577331543,69729.9140625,2560.15380859375,0.9992430210113525,0.9987540245056152,69910.046875,2565.41796875,0.9998810291290283,0.9993330240249634,58541874402,22185845095,9596165797,87586242107
2024-10-30,72339.5390625,2657.37255859375,0.9998319745063782,0.9996320009231567,72339.5390625,2657.37255859375,0.9998319745063782,0.9996320009231567,72905.296875,2720.271484375,1.0007870197296143,1.0007879734039307,71411.734375,2600.609619140625,0.9990280270576477,0.9984880089759827,72715.3671875,2637.64013671875,0.9999240040779114,0.9997119903564453,40646637831,22382690746,7228206285,69142436437
2024-10-31,70215.1875,2515.79931640625,1.0000120401382446,0.9986230134963989,70215.1875,2515.79931640625,1.0000120401382446,0.9986230134963989,72662.3125,2667.5595703125,1.0009180307388306,1.0005719661712646,69590.5,2501.572265625,0.9994029998779297,0.9982110261917114,72335.046875,2657.213134765625,0.9997850060462952,0.9995959997177124,40627912076,19760409505,8076588759,67445977914
2024-11-01,69482.46875,2511.885498046875,0.9998480081558228,0.9994419813156128,69482.46875,2511.885498046875,0.9998480081558228,0.9994419813156128,71559.015625,2583.777099609375,1.0008989572525024,1.0005789995193481,68779.703125,2467.8193359375,0.9993630051612854,0.9981600046157837,70216.8984375,2515.870361328125,1.00005304813385,0.9986519813537598,49989795365,20215438328,9015564727,75894767746
2024-11-02,69289.2734375,2491.068603515625,0.9999740123748779,0.9996569752693176,69289.2734375,2491.068603515625,0.9999740123748779,0.9996569752693176,69867.3515625,2522.360595703125,1.0007959604263306,1.0004889965057373,69033.71875,2471.95556640625,0.9997209906578064,0.9993199706077576,69486.0234375,2512.208251953125,0.9999150037765503,0.9995179772377014,18184612091,9639457439,3452412889,35453783349
2024-11-03,68741.1171875,2456.42529296875,0.9999060034751892,0.9995909929275513,68741.1171875,2456.42529296875,0.9999060034751892,0.9995909929275513,69361.65625,2495.4365234375,1.000993013381958,1.000709056854248,67482.5234375,2411.3984375,0.9996640086174011,0.9992629885673523,69296.3828125,2491.094482421875,0.9999979734420776,0.9997429847717285,34868307655,15667779706,5813342971,57567131255
2024-11-04,67811.5078125,2397.0263671875,1.000182032585144,0.9995650053024292,67811.5078125,2397.0263671875,1.000182032585144,0.9995650053024292,69433.1796875,2488.350341796875,1.0012179613113403,1.0006359815597534,66803.6484375,2359.578125,0.9995020031929016,0.9989079833030701,68742.1328125,2456.09521484375,0.9999750256538391,0.9995759725570679,41184819348,17110200696,7276116614,64129566492
2024-11-05,69359.5625,2422.650634765625,1.0000369548797607,1.0000009536743164,69359.5625,2422.650634765625,1.0000369548797607,1.0000009536743164,70522.7890625,2478.618896484375,1.0010089874267578,1.0009740591049194,67458.8671875,2380.601318359375,0.9997239708900452,0.9990879893302917,67811.171875,2397.036376953125,1.0001709461212158,0.9995499849319458,46046889204,17894057485,7134708417,69890308288
2024-11-06,75639.078125,2724.169189453125,0.9999769926071167,1.000830054283142,75639.078125,2724.169189453125,0.9999769926071167,1.000830054283142,76460.15625,2743.964111328125,1.0012049674987793,1.0017520189285278,69322.03125,2421.81298828125,0.9989020228385925,0.9989140033721924,69358.5,2422.539306640625,1.000038981437683,0.9999759793281555,118592653963,41887574364,18761282529,174263401161
2024-11-07,75904.859375,2895.58544921875,0.9999759793281555,1.0007150173187256,75904.859375,2895.58544921875,0.9999759793281555,1.0007150173187256,76943.1171875,2918.744384765625,1.0003759860992432,1.0017999410629272,74480.421875,2701.5908203125,0.9988089799880981,0.9996820092201233,75637.0859375,2724.005859375,0.9999690055847168,1.0008330345153809,63467654989,35352318438,11496612662,113210698441
2024-11-08,76545.4765625,2962.296630859375,0.9996539950370789,1.0004589557647705,76545.4765625,2962.296630859375,0.9996539950370789,1.0004589557647705,77252.75,2983.744873046875,1.0003739595413208,1.0014840364456177,75648.7421875,2889.484375,0.9990329742431641,0.9997829794883728,75902.8359375,2895.597900390625,0.9999740123748779,1.0007189512252808,55176858003,32303261101,9887580646,102072246665
2024-11-09,76778.8671875,3131.14453125,0.9999179840087891,1.000440001487732,76778.8671875,3131.14453125,0.9999179840087891,1.000440001487732,76932.765625,3156.3662109375,1.0001519918441772,1.0008360147476196,75773.7890625,2957.182373046875,0.9991490244865417,0.9998350143432617,76556.1875,2962.791015625,0.9997889995574951,1.0005489587783813,29009480361,29210133088,5656279369,79860693662
2024-11-10,80474.1875,3191.331298828125,0.9999939799308777,1.0006929636001587,80474.1875,3191.331298828125,0.9999939799308777,1.0006929636001587,81474.421875,3249.9140625,1.0003550052642822,1.0013070106506348,76565.4296875,3073.248779296875,0.9987620115280151,0.9990019798278809,76775.546875,3130.729248046875,0.9999189972877502,1.0004509687423706,82570594495,47418730187,12234527657,178936402107
2024-11-11,88701.484375,3374.81298828125,0.9997779726982117,1.0011160373687744,88701.484375,3374.81298828125,0.9997779726982117,1.0011160373687744,89604.5,3389.529296875,1.000458002090454,1.0024000406265259,80283.25,3109.76953125,0.9988660216331482,0.9997329711914062,80471.4140625,3191.656982421875,1.000048041343689,1.0007619857788086,117966845037,55417771668,17333067299,221704336713
2024-11-12,87955.8125,3246.25732421875,1.00006103515625,1.0009820461273193,87955.8125,3246.25732421875,1.00006103515625,1.0009820461273193,89956.8828125,3444.154052734375,1.0005240440368652,1.0020339488983154,85155.109375,3211.198486328125,0.9981880187988281,0.9991850256919861,88705.5625,3375.15478515625,0.9998049736022949,1.0010499954223633,133673285375,56686078066,19965628237,263991047405
2024-11-13,90584.1640625,3192.595947265625,1.0000430345535278,1.0012710094451904,90584.1640625,3192.595947265625,1.0000430345535278,1.0012710094451904,93434.3515625,3337.877197265625,1.00068998336792,1.002701997756958,86256.9296875,3121.666015625,0.9986500144004822,0.9997990131378174,87929.96875,3244.543212890625,1.0000100135803223,1.000972032546997,123559027869,52010205682,19408804164,249998968429
2024-11-14,87250.4296875,3058.94873046875,0.9999290108680725,1.0000189542770386,87250.4296875,3058.94873046875,0.9999290108680725,1.0000189542770386,91765.21875,3240.270751953125,1.0004249811172485,1.0014770030975342,86682.8125,3032.971923828125,0.9990450143814087,0.9993559718132019,90574.8828125,3192.5205078125,0.9999989867210388,1.0012530088424683,87616705248,35743352141,14655228620,191362214233
2024-11-15,91066.0078125,3103.04052734375,0.9998279809951782,1.0003670454025269,91066.0078125,3103.04052734375,0.9998279809951782,1.0003670454025269,91868.7421875,3130.703857421875,1.0006730556488037,1.000959038734436,87124.8984375,3016.14404296875,0.999472975730896,0.9992330074310303,87284.1796875,3059.526123046875,0.9998720288276672,0.9999520182609558,78243109518,32701369872,11937522034,162767483205
2024-11-16,90558.4765625,3133.27392578125,0.9997379779815674,1.0002599954605103,90558.4765625,3133.27392578125,0.9997379779815674,1.0002599954605103,91763.9453125,3218.089599609375,1.0002230405807495,1.0007870197296143,90094.2265625,3073.286376953125,0.9993889927864075,0.999567985534668,91064.3671875,3089.739990234375,0.9999619722366333,1.0003470182418823,44333192814,26650658846,6860911415,132581111290
2024-11-17,89845.8515625,3075.66162109375,1.0000439882278442,1.0002189874649048,89845.8515625,3075.66162109375,1.0000439882278442,1.0002189874649048,91433.0390625,3160.152587890625,1.0005669593811035,1.0007410049438477,88741.6640625,3039.246826171875,0.9993420243263245,0.9995499849319458,90558.4609375,3133.306640625,0.9997550249099731,1.0002950429916382,46350159305,28348163224,8340439536,132049931364
2024-11-18,90542.640625,3207.8564453125,0.9999690055847168,1.0005910396575928,90542.640625,3207.8564453125,0.9999690055847168,1.0005910396575928,92596.7890625,3225.130615234375,1.0008089542388916,1.0013409852981567,89393.59375,3052.4912109375,0.9996050000190735,0.9996790289878845,89843.71875,3075.722900390625,1.0000590085983276,1.0002009868621826,75535775084,35445557613,11308072958,160315204053
2024-11-19,92343.7890625,3111.384033203125,1.000033974647522,1.0013370513916016,92343.7890625,3111.384033203125,1.000033974647522,1.0013370513916016,94002.8671875,3222.00439453125,1.0005149841308594,1.0015920400619507,90426.984375,3070.36279296875,0.9991829991340637,0.9997050166130066,90536.8125,3208.25048828125,0.9999639987945557,1.000581979751587,74521048295,29823634432,10786686009,145026896702
2024-11-20,94339.4921875,3072.18798828125,0.9998990297317505,1.0007619857788086,94339.4921875,3072.18798828125,0.9998990297317505,1.0007619857788086,94902.0234375,3159.949462890625,1.0003830194473267,1.0017670392990112,91619.5,3032.603271484375,0.9989910125732422,0.9995930194854736,92341.890625,3111.116943359375,1.0000309944152832,1.001373052597046,71730956426,29785491216,11034592309,140774842890
2024-11-21,98504.7265625,3361.053955078125,0.9999470114707947,1.001054048538208,98504.7265625,3361.053955078125,0.9999470114707947,1.001054048538208,99014.21875,3388.54296875,1.0003670454025269,1.0014899969100952,94132.6015625,3035.8466796875,0.9988790154457092,0.9989759922027588,94334.640625,3072.05517578125,0.999888002872467,1.000709056854248,106024505582,51619069348,14804992372,196629125698
2024-11-22,98997.6640625,3331.600830078125,1.0000250339508057,1.0011210441589355,98997.6640625,3331.600830078125,1.0000250339508057,1.0011210441589355,99655.5,3428.46044921875,1.0003859996795654,1.0015599727630615,97222.6640625,3262.808837890625,0.9987810254096985,0.9993990063667297,98496.4296875,3360.654296875,0.9999380111694336,1.0010759830474854,78473580551,36775716442,12996186019,168744865627
2024-11-23,97777.28125,3396.223388671875,0.9999549984931946,1.0009260177612305,97777.28125,3396.223388671875,0.9999549984931946,1.0009260177612305,99014.6796875,3499.370849609375,1.0004340410232544,1.0026710033416748,97232.890625,3317.65478515625,0.9991599917411804,0.9999340176582336,99006.7421875,3331.6455078125,1.0000180006027222,1.0011049509048462,44414644677,38835184688,9667189128,175794188544
2024-11-24,98013.8203125,3363.659912109375,0.9998120069503784,1.000862956047058,98013.8203125,3363.659912109375,0.9998120069503784,1.000862956047058,98647.1796875,3451.80224609375,1.0002830028533936,1.0014580488204956,95788.078125,3288.430908203125,0.998869001865387,0.9995080232620239,97778.09375,3396.99951171875,0.9999840259552002,1.0009440183639526,51712020623,27901454185,8372990053,161179026067
2024-11-25,93102.296875,3413.5439453125,0.9999849796295166,0.9999889731407166,93102.296875,3413.5439453125,0.9999849796295166,0.9999889731407166,98935.03125,3545.27880859375,1.000920057296753,1.0013970136642456,92642.9140625,3304.093994140625,0.9985780119895935,0.9990890026092529,98033.4453125,3364.6015625,1.0000230073928833,1.001039981842041,80909462490,51544793988,13994888761,191694839817
2024-11-26,91985.3203125,3326.517333984375,1.0000920295715332,0.9996539950370789,91985.3203125,3326.517333984375,1.0000920295715332,0.9996539950370789,94991.75,3461.29296875,1.0011179447174072,1.0014230012893677,90770.8125,3255.54296875,0.9993129968643188,0.9990270137786865,93087.28125,3412.950927734375,0.99993497133255,0.9999269843101501,91656519855,39902959158,13492395639,181473614140
2024-11-27,95962.53125,3657.249267578125,0.999970018863678,1.0009939670562744,95962.53125,3657.249267578125,0.999970018863678,1.0009939670562744,97361.1796875,3687.009033203125,1.0011160373687744,1.0016599893569946,91778.6640625,3303.56787109375,0.9994999766349792,0.9992579817771912,91978.140625,3326.029052734375,1.0000230073928833,0.9995689988136292,71133452438,43383987191,11875242690,160374457051
2024-11-28,95652.46875,3579.8115234375,1.0000309944152832,1.0001540184020996,95652.46875,3579.8115234375,1.0000309944152832,1.0001540184020996,96650.203125,3664.878173828125,1.000704050064087,1.0012530088424683,94677.3515625,3531.87060546875,0.9995229840278625,0.9998189806938171,95954.9453125,3656.609619140625,0.9998930096626282,1.0009139776229858,52260008261,32362724276,8182163025,129679180306
2024-11-29,97461.5234375,3593.494384765625,0.9998689889907837,1.000365972518921,97461.5234375,3593.494384765625,0.9998689889907837,1.000365972518921,98693.171875,3647.264404296875,1.0010310411453247,1.0014959573745728,95407.8828125,3538.44677734375,0.9997079968452454,0.999879002571106,95653.953125,3579.91064453125,1.0000460147857666,1.0001620054244995,54968682476,27622629486,9445741613,134186448971
2024-11-30,96449.0546875,3705.705322265625,1.0000580549240112,1.0006300210952759,96449.0546875,3705.705322265625,1.0000580549240112,1.0006300210952759,97499.34375,3739.934814453125,1.000581979751587,1.0010600090026855,96144.21875,3572.254150390625,0.9996449947357178,1.0001640319824219,97468.8125,3593.59814453125,0.9999250173568726,1.0003830194473267,31634227866,30670867436,6674129328,120928470477
2024-12-01,97279.7890625,3711.1650390625,0.9999920129776001,1.0007619857788086,97279.7890625,3711.1650390625,0.9999920129776001,1.0007619857788086,97888.125,3747.455322265625,1.0005830526351929,1.0012249946594238,95770.1875,3663.234130859375,0.9996950030326843,1.0001859664916992,96461.3359375,3706.619873046875,1.0001729726791382,1.0007489919662476,36590695296,28018113530,7199615705,130353277727
2024-12-02,95865.3046875,3644.198486328125,0.9999560117721558,1.0003490447998047,95865.3046875,3644.198486328125,0.9999560117721558,1.0003490447998047,98152.6015625,3761.343017578125,1.0008599758148193,1.0015380382537842,94482.8671875,3557.252197265625,0.9995930194854736,0.9996669888496399,97276.0078125,3710.495361328125,1.0000139474868774,1.0007920265197754,72680784305,47284967570,13993252120,227268445649
2024-12-03,96002.1640625,3620.711669921875,1.0002590417861938,1.0009859800338745,96002.1640625,3620.711669921875,1.0002590417861938,1.0009859800338745,96297.203125,3670.2197265625,1.0010210275650024,1.0012760162353516,93629.5625,3504.226318359375,0.9995660185813904,0.9993579983711243,95854.59375,3643.7421875,0.9998930096626282,1.0003089904785156,67067810961,36839829742,12588468097,228432340978
2024-12-04,98768.53125,3841.3310546875,0.9998700022697449,1.0013370513916016,98768.53125,3841.3310546875,0.9998700022697449,1.0013370513916016,99207.328125,3895.17431640625,1.0008169412612915,1.0026830434799194,94660.5234375,3617.74462890625,0.9992679953575134,1.0001649856567383,95988.53125,3620.03759765625,1.000082015991211,1.0008620023727417,77199817112,56799745752,14566231354,230862012926
2024-12-05,96593.5703125,3811.00830078125,1.0002399682998657,1.0022239685058594,96593.5703125,3811.00830078125,1.0002399682998657,1.0022239685058594,103900.46875,3956.54150390625,1.000641942024231,1.0026079416275024,91998.78125,3683.4208984375,0.9981669783592224,0.9994329810142517,98741.5390625,3840.844482421875,1.0000009536743164,1.0012669563293457,149218945580,60568296606,21397586720,300668571420
2024-12-06,99920.7109375,4005.810546875,0.9998430013656616,1.001539945602417,99920.7109375,4005.810546875,0.9998430013656616,1.001539945602417,102039.8828125,4093.172119140625,1.0004210472106934,1.002089023590088,96514.875,3782.681396484375,0.9990720152854919,0.9996110200881958,97074.2265625,3792.20849609375,0.9999150037765503,1.0010950565338135,94534772658,52853668566,14138620427,217009391726
2024-12-07,99923.3359375,4002.692626953125,0.9999589920043945,1.000910997390747,99923.3359375,4002.692626953125,0.9999589920043945,1.000910997390747,100563.3828125,4029.452880859375,1.0002700090408325,1.0018019676208496,99030.8828125,3974.17626953125,0.9991509914398193,1.000372052192688,99916.7109375,4006.02880859375,0.9998769760131836,1.001531958580017,44177510897,22574636761,6778500949,134071994829
2024-12-08,101236.015625,4005.70458984375,1.000133991241455,1.0008009672164917,101236.015625,4005.70458984375,1.000133991241455,1.0008009672164917,101399.9921875,4018.0,1.0004680156707764,1.0012439489364624,98771.515625,3927.85400390625,0.9996770024299622,1.0002080202102661,99921.9140625,4007.690673828125,0.9998689889907837,1.000898003578186,44125751925,20943378971,6377521647,124097864930
2024-12-09,97432.71875,3718.6904296875,0.9999600052833557,1.0004470348358154,97432.71875,3718.6904296875,0.9999600052833557,1.0004470348358154,101272.5078125,4008.77783203125,1.001574993133545,1.0023959875106812,94355.9140625,3525.23291015625,0.9988120198249817,0.9981719851493835,101237.0625,4006.101806640625,1.0000109672546387,1.0006829500198364,110676473908,57029832059,17356499121,268299692134
2024-12-10,96675.4296875,3631.833740234375,1.0000089406967163,1.0006979703903198,96675.4296875,3631.833740234375,1.0000089406967163,1.0006979703903198,98270.15625,3780.75341796875,1.0007059574127197,1.0015729665756226,94321.2578125,3520.365234375,0.9995530247688293,0.9997910261154175,97441.234375,3719.00048828125,0.9999979734420776,1.000488042831421,104823780634,58416417599,16205054595,258614541407
2024-12-11,101173.03125,3832.822021484375,0.999763011932373,1.0005509853363037,101173.03125,3832.822021484375,0.999763011932373,1.0005509853363037,101913.359375,3850.765380859375,1.000717043876648,1.0013819932937622,95747.2265625,3567.56640625,0.999193012714386,0.9999560117721558,96656.0625,3631.276123046875,1.0000230073928833,1.0006669759750366,85391409936,35968053196,11895234521,183494290144
2024-12-12,100043.0,3883.1015625,0.9999150037765503,1.0001039505004883,100043.0,3883.1015625,0.9999150037765503,1.0001039505004883,102524.9140625,3987.005859375,1.000324010848999,1.001109004020691,99339.953125,3800.0908203125,0.9987249970436096,0.9991030097007751,101167.8046875,3833.172119140625,0.9997550249099731,1.0005630254745483,72073983533,42971675764,12062083208,175416498704
2024-12-13,101459.2578125,3911.205322265625,0.9998869895935059,1.0001319646835327,101459.2578125,3911.205322265625,0.9998869895935059,1.0001319646835327,101888.8046875,3967.395263671875,1.0004489421844482,1.0007100105285645,99233.28125,3855.023681640625,0.9993559718132019,0.9992650151252747,100046.6484375,3883.030029296875,0.999888002872467,1.0000829696655273,56894751583,34895127659,9114211832,138144222106
2024-12-14,101372.96875,3868.4052734375,0.9997209906578064,0.9997119903564453,101372.96875,3868.4052734375,0.9997209906578064,0.9997119903564453,102618.8828125,3943.278076171875,1.0002119541168213,1.0003310441970825,100634.0546875,3826.761962890625,0.9992510080337524,0.9993230104446411,101451.4375,3910.847900390625,0.9998419880867004,1.0000540018081665,40422968793,28756190559,6251462807,105119424690
2024-12-15,104298.6953125,3951.941162109375,0.9997289776802063,0.9994379878044128,104298.6953125,3951.941162109375,0.9997289776802063,0.9994379878044128,105047.5390625,3971.498046875,1.0002820491790771,1.0001380443572998,101227.03125,3832.0966796875,0.9995020031929016,0.9991949796676636,101373.53125,3868.441162109375,0.9997259974479675,0.9997180104255676,51145914137,25069616984,7231351889,110558845836
2024-12-16,106029.71875,3987.48095703125,0.9997760057449341,1.0001410245895386,106029.71875,3987.48095703125,0.9997760057449341,1.0001410245895386,107780.578125,4106.95556640625,1.0003290176391602,1.0006150007247925,103322.984375,3882.705322265625,0.9990000128746033,0.9985169768333435,104293.578125,3951.65283203125,0.9996650218963623,0.9993469715118408,91020417816,46536359669,12630474818,182117784211
2024-12-17,106140.6015625,3886.76611328125,0.9999200105667114,1.0000519752502441,106140.6015625,3886.76611328125,0.9999200105667114,1.0000519752502441,108268.4453125,4040.337890625,1.000229001045227,1.0005249977111816,105291.734375,3849.28662109375,0.9986400008201599,0.9986010193824768,106030.6875,3987.333984375,0.9998499751091003,1.000175952911377,68589364868,35418700472,11318307939,153946818098
2024-12-18,100041.5390625,3618.791259765625,1.0000070333480835,0.9996659755706787,100041.5390625,3618.791259765625,1.0000070333480835,0.9996659755706787,106470.609375,3902.715576171875,1.0003730058670044,1.0003390312194824,100041.5390625,3617.840576171875,0.9981650114059448,0.9980829954147339,106147.296875,3886.886962890625,0.9999629855155945,1.0000560283660889,93865656139,48946681636,13913234580,204621508146
2024-12-19,97490.953125,3417.927978515625,1.0001250505447388,0.9991999864578247,97490.953125,3417.927978515625,1.0001250505447388,0.9991999864578247,102748.1484375,3717.662353515625,1.0015770196914673,1.000586986541748,95587.6796875,3330.87255859375,0.9987120032310486,0.9976900219917297,100070.6875,3619.58203125,0.9999780058860779,0.9995229840278625,97221662392,58879190250,13783077258,235961162359
2024-12-20,97755.9296875,3472.553466796875,1.0000360012054443,0.9995260238647461,97755.9296875,3472.553466796875,1.0000360012054443,0.9995260238647461,98098.9140625,3496.327392578125,1.001376986503601,1.000717043876648,92175.1796875,3098.20361328125,0.9994339942932129,0.9979360103607178,97484.6953125,3417.93017578125,1.0001280307769775,0.9992169737815857,105634083408,66383827229,14518266682,259587932676
2024-12-21,97224.7265625,3337.222412109375,1.0000020265579224,0.9997699856758118,97224.7265625,3337.222412109375,1.0000020265579224,0.9997699856758118,99507.1015625,3552.921630859375,1.0009770393371582,1.0005619525909424,96426.5234375,3293.505615234375,0.9995740056037903,0.9991030097007751,97756.1953125,3472.589111328125,1.0000430345535278,0.9995350241661072,51765334294,31579389836,7762954179,145138019727
2024-12-22,95104.9375,3277.53515625,1.0000050067901611,0.9990730285644531,95104.9375,3277.53515625,1.0000050067901611,0.9990730285644531,97360.265625,3398.657470703125,1.000910997390747,1.000627040863037,94202.1875,3219.294921875,0.9995650053024292,0.9986109733581543,97218.3203125,3336.998779296875,0.9999909996986389,0.9996510148048401,43147981314,24780768375,6004278873,113706935887
2024-12-23,94686.2421875,3415.785400390625,1.0000170469284058,0.9987210035324097,94686.2421875,3415.785400390625,1.0000170469284058,0.9987210035324097,96416.2109375,3461.52783203125,1.001207947731018,1.0000970363616943,92403.1328125,3217.36865234375,0.999189019203186,0.9982360005378723,95099.390625,3277.51416015625,0.9999920129776001,0.9990230202674866,65239002919,34496081389,9456995473,143549331087
2024-12-24,98676.09375,3492.0498046875,1.0000070333480835,0.9993100166320801,98676.09375,3492.0498046875,1.0000070333480835,0.9993100166320801,99404.0625,3535.857666015625,1.0008889436721802,1.0003750324249268,93448.015625,3355.609130859375,0.9996439814567566,0.9981859922409058,94684.34375,3415.738037109375,1.0000040531158447,0.9987069964408875,47114953674,23083678195,7328436637,110251264354
2024-12-25,99299.1953125,3493.2353515625,1.0000070333480835,0.9991679787635803,99299.1953125,3493.2353515625,1.0000070333480835,0.9991679787635803,99478.75,3542.833740234375,1.0012389421463013,1.000535011291504,97593.46875,3440.09716796875,0.9996269941329956,0.9987639784812927,98675.9140625,3491.95751953125,1.0000020265579224,0.9992889761924744,33700394629,17651873225,4968406014,95006873018
2024-12-26,95795.515625,3331.225830078125,0.9998890161514282,0.9987840056419373,95795.515625,3331.225830078125,0.9998890161514282,0.9987840056419373,99884.5703125,3512.6044921875,1.0012329816818237,1.0005979537963867,95137.8828125,3302.306396484375,0.99965500831604,0.9985600113868713,99297.6953125,3493.30419921875,1.000040054321289,0.9991509914398193,47054980873,22247726776,6293907750,103981654028
2024-12-27,94164.859375,3328.9169921875,1.0000499486923218,0.9986330270767212,94164.859375,3328.9169921875,1.0000499486923218,0.9986330270767212,97294.84375,3436.710693359375,1.0011550188064575,1.0000159740447998,93310.7421875,3302.57568359375,0.9994909763336182,0.997767984867096,95704.9765625,3331.0537109375,0.9999849796295166,0.9988639950752258,52419934565,24091627403,7058593949,109643243034
2024-12-28,95163.9296875,3397.90234375,1.0000410079956055,0.9981849789619446,95163.9296875,3397.90234375,1.0000410079956055,0.9981849789619446,95525.8984375,3419.920166015625,1.0007330179214478,0.999638020992279,94014.2890625,3318.033935546875,0.9995830059051514,0.9979029893875122,94160.1875,3328.774658203125,1.0000649690628052,0.9985780119895935,24107436185,14305648523,4275867712,67439233134
2024-12-29,93530.2265625,3349.513427734375,0.9999759793281555,0.9981480240821838,93530.2265625,3349.513427734375,0.9999759793281555,0.9981480240821838,95174.875,3406.6484375,1.0010050535202026,0.9993169903755188,92881.7890625,3321.664794921875,0.9997349977493286,0.9976149797439575,95174.0546875,3397.862548828125,1.0000079870224,0.9982190132141113,29635885267,13440907792,4676908159,69693606139
2024-12-30,92643.2109375,3356.392578125,0.9998779892921448,0.9980729818344116,92643.2109375,3356.392578125,0.9998779892921448,0.9980729818344116,94903.3203125,3428.52734375,1.0010050535202026,0.9997159838676453,91317.1328125,3298.804443359375,0.9995629787445068,0.9971460103988647,93527.1953125,3349.5859375,1.000072956085205,0.9981560111045837,56188003691,26981583962,8198256021,115072081499
2024-12-31,93429.203125,3332.53173828125,0.9999819993972778,0.9980779886245728,93429.203125,3332.53173828125,0.9999819993972778,0.9980779886245728,96090.6015625,3444.396728515625,1.0010379552841187,0.999987006187439,91914.03125,3311.41259765625,0.9996399879455566,0.9978129863739014,92643.25,3356.394775390625,0.999879002571106,0.9980739951133728,43625106843,20845452085,6536628101,91819301596
2025-01-01,94419.7578125,3353.504150390625,0.9999449849128723,0.9978430271148682,94419.7578125,3353.504150390625,0.9999449849128723,0.9978430271148682,94929.8671875,3366.531494140625,1.0007059574127197,0.999235987663269,92788.125,3310.255859375,0.9996269941329956,0.9973520040512085,93425.1015625,3332.406494140625,0.9999690055847168,0.9980319738388062,24519888919,14195410493,4814331123,68502735817
2025-01-02,96886.875,3451.392578125,1.0000380277633667,0.999114990234375,96886.875,3451.392578125,1.0000380277633667,0.999114990234375,97739.8203125,3493.4482421875,1.0012760162353516,1.0006059408187866,94201.5703125,3348.35205078125,0.9996240139007568,0.9976199865341187,94416.2890625,3353.412109375,0.9999250173568726,0.997842013835907,46009564411,22243574698,7015734565,105203615172
2025-01-03,98107.4296875,3605.009765625,0.9998909831047058,0.9995020031929016,98107.4296875,3605.009765625,0.9998909831047058,0.9995020031929016,98956.9140625,3627.0556640625,1.0009150505065918,1.0004349946975708,96034.6171875,3421.83154296875,0.9997239708900452,0.9987379908561707,96881.7265625,3451.680908203125,0.9999600052833557,0.9990010261535645,35611391163,21877299255,7108083150,98538090257
2025-01-04,98236.2265625,3657.706787109375,1.0002089738845825,0.999983012676239,98236.2265625,3657.706787109375,1.0002089738845825,0.999983012676239,98734.4296875,3669.19677734375,1.0006109476089478,1.0004899501800537,97562.9765625,3574.326904296875,0.9997490048408508,0.9994249939918518,98106.9921875,3605.20068359375,0.9999179840087891,0.9995369911193848,22342608078,16060610759,4779945985,74021836865
2025-01-05,98314.9609375,3634.103759765625,1.0000619888305664,0.9998540282249451,98314.9609375,3634.103759765625,1.0000619888305664,0.9998540282249451,98813.3046875,3673.81298828125,1.0007309913635254,1.000525951385498,97291.765625,3594.616943359375,0.9997050166130066,0.9993969798088074,98233.90625,3657.7431640625,1.0002089738845825,0.9999970197677612,20525254825,12830306908,3837973655,64028140855
2025-01-06,102078.0859375,3688.611328125,0.999966025352478,1.000427007675171,102078.0859375,3688.611328125,0.999966025352478,1.000427007675171,102482.875,3743.941650390625,1.0007740259170532,1.00096595287323,97926.1484375,3611.21435546875,0.9995200037956238,0.999351978302002,98314.953125,3634.11376953125,1.0000619888305664,0.9998520016670227,51823432705,23973574043,7731799916,108122902094
2025-01-07,96922.703125,3381.577392578125,1.0001089572906494,0.9999240040779114,96922.703125,3381.577392578125,1.0001089572906494,0.9999240040779114,102712.484375,3701.10693359375,1.0007630586624146,1.0008399486541748,96132.875,3358.08984375,0.9995800256729126,0.998878002166748,102248.8515625,3688.34130859375,0.9998980164527893,1.0003670454025269,58685738547,32235312545,9456450545,131667426225
2025-01-08,95043.5234375,3326.329345703125,0.9999840259552002,0.9997599720954895,95043.5234375,3326.329345703125,0.9999840259552002,0.9997599720954895,97258.3203125,3413.682861328125,1.0011999607086182,1.0010039806365967,92525.84375,3209.214599609375,0.9994860291481018,0.9991269707679749,96924.1640625,3381.615478515625,1.0001189708709717,0.9999060034751892,63875859171,34337730882,9359722628,136465081033
2025-01-09,92484.0390625,3219.4306640625,1.0000180006027222,0.9999650120735168,92484.0390625,3219.4306640625,1.0000180006027222,0.9999650120735168,95349.71875,3355.8623046875,1.0014890432357788,1.0013819932937622,91220.84375,3159.384033203125,0.9995890259742737,0.999101996421814,95043.484375,3326.359619140625,1.0000079870224,0.999750018119812,62777261693,28815726276,8459464210,123330689723
2025-01-10,94701.453125,3267.489990234375,1.0000760555267334,0.9999110102653503,94701.453125,3267.489990234375,1.0000760555267334,0.9999110102653503,95770.609375,3320.50048828125,1.0014020204544067,1.0014640092849731,92250.09375,3196.1103515625,0.999330997467041,0.9991710186004639,92494.4921875,3219.49658203125,1.0000430345535278,0.9999970197677612,62058693684,26503845190,7843222136,118957513491
2025-01-11,94566.59375,3282.2177734375,0.9999520182609558,0.9996119737625122,94566.59375,3282.2177734375,0.9999520182609558,0.9996119737625122,94977.6875,3317.654296875,1.0008859634399414,1.0008089542388916,93840.046875,3219.69873046875,0.9996849894523621,0.9992499947547913,94700.8359375,3267.5224609375,0.9999529719352722,0.9999160170555115,18860894100,11772144561,3760069434,57535335308
2025-01-12,94488.4375,3265.951171875,0.9999669790267944,0.999534010887146,94488.4375,3265.951171875,0.9999669790267944,0.999534010887146,95367.5390625,3298.018310546875,1.0007679462432861,1.0005229711532593,93712.5078125,3224.510498046875,0.9995189905166626,0.9991250038146973,94565.7265625,3282.150390625,0.9999669790267944,0.9996169805526733,20885130965,11647743556,3330316049,54637025454
2025-01-13,94516.5234375,3135.499755859375,0.9999639987945557,0.9995449781417847,94516.5234375,3135.499755859375,0.9999639987945557,0.9995449781417847,95837.0,3335.193603515625,1.0015720129013062,1.001001000404358,89260.1015625,2920.5927734375,0.999550998210907,0.9983029961585999,94488.890625,3266.095458984375,0.999970018863678,0.9995409846305847,72978998252,39911742769,9931508302,144300712698
2025-01-14,96534.046875,3223.6845703125,1.0001330375671387,0.9997929930686951,96534.046875,3223.6845703125,1.0001330375671387,0.9997929930686951,97352.6640625,3254.75146484375,1.00114905834198,1.0009410381317139,94322.15625,3126.805908203125,0.9995539784431458,0.999206006526947,94519.0078125,3135.670166015625,1.0000560283660889,0.9996209740638733,53769675818,22847737224,6762370105,98005957394
2025-01-15,100504.4921875,3450.53759765625,0.9998900294303894,1.0000330209732056,100504.4921875,3450.53759765625,0.9998900294303894,1.0000330209732056,100697.234375,3473.1015625,1.0010889768600464,1.0009609460830688,96501.640625,3186.139892578125,0.9990730285644531,0.9979069828987122,96534.046875,3223.6845703125,1.0001330375671387,0.9997929930686951,57805923627,25991614661,8920524801,123293293794
2025-01-16,99756.90625,3308.34521484375,1.0000100135803223,0.9998999834060669,99756.90625,3308.34521484375,1.0000100135803223,0.9998999834060669,100781.5859375,3458.1806640625,1.0004500150680542,1.0004650354385376,97364.4453125,3265.67578125,0.9992690086364746,0.9988139867782593,100505.296875,3450.30517578125,0.9998999834060669,1.0000519752502441,54103781805,26395516475,8642062676,121313098677
2025-01-17,104462.0390625,3474.107177734375,0.9999290108680725,1.000296950340271,104462.0390625,3474.107177734375,0.9999290108680725,1.000296950340271,105884.2265625,3525.54345703125,1.0004220008850098,1.0009839534759521,99948.90625,3307.31103515625,0.9989950060844421,0.9990360140800476,100025.765625,3308.191162109375,0.9999920129776001,0.9998599886894226,71888972663,28200207229,9993616896,134437311375
2025-01-18,104408.0703125,3305.78955078125,1.0000330209732056,0.9990590214729309,104408.0703125,3305.78955078125,1.0000330209732056,0.9990590214729309,104913.203125,3493.06005859375,1.0006589889526367,1.0005569458007812,102226.6171875,3228.333740234375,0.9992979764938354,0.99857497215271,104124.953125,3473.563720703125,0.9999340176582336,1.0003149509429932,50445655726,32420094038,20031244124,142636119598
2025-01-19,101089.609375,3208.96435546875,1.000519037246704,0.9990329742431641,101089.609375,3208.96435546875,1.000519037246704,0.9990329742431641,106299.796875,3444.20654296875,1.0022950172424316,1.0000629425048828,99570.53125,3127.623046875,0.999550998210907,0.9978809952735901,104411.2890625,3305.39794921875,0.9999719858169556,0.9990559816360474,76789928525,57242875399,25940426522,242157716336
2025-01-20,102016.6640625,3278.035400390625,1.0001070499420166,0.9989510178565979,102016.6640625,3278.035400390625,1.0001070499420166,0.9989510178565979,109114.8828125,3444.28271484375,1.0017319917678833,1.001001000404358,99471.359375,3147.52294921875,0.9991239905357361,0.99760901927948,101083.75,3208.933837890625,1.000473976135254,0.998986005783081,126279678351,52383187336,26853357037,273447339459
2025-01-21,106146.265625,3327.40625,0.9998760223388672,0.9999179840087891,106146.265625,3327.40625,0.9998760223388672,0.9999179840087891,107180.921875,3365.778076171875,1.0010830163955688,1.0005279779434204,100103.953125,3202.49267578125,0.9993299841880798,0.9981610178947449,102052.578125,3278.43603515625,0.9999560117721558,0.9987199902534485,88733878242,32804001146,14830922157,174822279640
2025-01-22,103653.0703125,3240.224609375,0.9999740123748779,0.9995419979095459,103653.0703125,3240.224609375,0.9999740123748779,0.9995419979095459,106294.34375,3364.74609375,1.000741958618164,1.0006599426269531,103360.265625,3223.385986328125,0.9995430111885071,0.9994040131568909,106136.3828125,3327.2373046875,0.9998120069503784,0.9998300075531006,53878181052,22171220981,10044372261,112098975855
2025-01-23,103960.171875,3334.714111328125,0.9999650120735168,1.0001579523086548,103960.171875,3334.714111328125,0.9999650120735168,1.0001579523086548,106820.328125,3346.732421875,1.0005929470062256,1.000862956047058,101257.8046875,3184.06689453125,0.9993569850921631,0.9988809823989868,103657.671875,3240.475341796875,0.9999780058860779,0.9996010065078735,104104515428,32419520084,21214955925,156427496541
2025-01-24,104819.484375,3309.554931640625,0.9999189972877502,0.999891996383667,104819.484375,3309.554931640625,0.9999189972877502,0.999891996383667,107098.546875,3424.89990234375,1.0003340244293213,1.0007400512695312,102772.125,3277.3232421875,0.9993259906768799,0.999468982219696,103965.671875,3334.808349609375,1.0000050067901611,1.0001790523529053,52388229265,25578325671,10239429179,106044721443
2025-01-25,104714.6484375,3317.26953125,0.9999889731407166,0.9998819828033447,104714.6484375,3317.26953125,0.9999889731407166,0.9998819828033447,105243.7890625,3349.29833984375,1.0003679990768433,1.000223994255066,104120.375,3270.273193359375,0.9994189739227295,0.9992589950561523,104824.03125,3309.711669921875,0.9999619722366333,0.9998959898948669,23888996502,13744316078,6639518364,65014479482
2025-01-26,102682.5,3236.13427734375,0.9999809861183167,0.9996500015258789,102682.5,3236.13427734375,0.9999809861183167,0.9996500015258789,105438.6484375,3359.3125,1.0005680322647095,1.0004700422286987,102507.7109375,3233.922119140625,0.9996299743652344,0.9993979930877686,104713.2109375,3317.29150390625,0.9999859929084778,0.9998570084571838,22543395879,14471528757,6265241677,63723125224
2025-01-27,102087.6875,3178.92041015625,1.0000669956207275,0.9999600052833557,102087.6875,3178.92041015625,1.0000669956207275,0.9999600052833557,103214.109375,3250.396484375,1.0013209581375122,1.001315951347351,97795.9375,3024.091552734375,0.9994699954986572,0.9988300204277039,102680.3046875,3235.855224609375,1.000074028968811,0.9997109770774841,89006608428,39412486482,14155994278,162852896419
2025-01-28,101332.4765625,3077.112548828125,1.0001790523529053,0.9996489882469177,101332.4765625,3077.112548828125,1.0001790523529053,0.9996489882469177,103730.8203125,3222.7373046875,1.0011600255966187,1.0010119676589966,100238.1875,3040.09228515625,0.9994339942932129,0.9989989995956421,102095.4140625,3179.0869140625,1.0001139640808105,1.000020980834961,47180685494,20718206194,8727690529,91853415796
2025-01-29,103703.2109375,3112.9990234375,1.000048041343689,1.0001399517059326,103703.2109375,3112.9990234375,1.000048041343689,1.0001399517059326,104750.8046875,3177.98046875,1.0008699893951416,1.0006330013275146,101283.8203125,3055.181640625,0.9995350241661072,0.9990050196647644,101317.5234375,3076.380126953125,0.9999510049819946,0.9994379878044128,47432049818,22727786058,8752826477,94067494817
2025-01-30,104735.3046875,3247.780029296875,1.0000009536743164,1.0001219511032104,104735.3046875,3247.780029296875,1.0000009536743164,1.0001219511032104,106418.765625,3282.986328125,1.0009260177612305,1.0009340047836304,103321.6484375,3093.123779296875,0.9995579719543457,0.9994580149650574,103709.3359375,3113.289794921875,1.0000519752502441,1.0001929998397827,41915744521,19958405782,7862432550,83411405756
2025-01-31,102405.0234375,3298.26513671875,1.0001300573349,0.999770998954773,102405.0234375,3298.26513671875,1.0001300573349,0.999770998954773,106026.3515625,3437.569091796875,1.0007890462875366,1.0005919933319092,101543.8828125,3214.935546875,0.9995700120925903,0.9992129802703857,104737.5625,3247.8671875,1.0000009536743164,1.0001189708709717,45732764360,30128115902,8846936448,96233410167
2025-02-01,100655.90625,3118.32861328125,1.0000269412994385,0.9998430013656616,100655.90625,3118.32861328125,1.0000269412994385,0.9998430013656616,102755.7265625,3329.6552734375,1.0010130405426025,1.000844955444336,100297.7109375,3103.9189453125,0.9994800090789795,0.9992809891700745,102402.796875,3298.822265625,1.0000890493392944,0.9997310042381287,27757944848,19917507079,6185622117,72792811129
2025-02-02,97688.9765625,2868.69287109375,0.9999420046806335,0.9997599720954895,97688.9765625,2868.69287109375,0.9999420046806335,0.9997599720954895,101430.6640625,3161.894287109375,1.0008549690246582,1.0008070468902588,96216.078125,2755.474609375,0.9987599849700928,0.9984269738197327,100661.5390625,3118.611572265625,1.0001150369644165,0.9998959898948669,63091816853,42060930305,11920276473,147745588018
2025-02-03,101405.421875,2884.566650390625,0.9999399781227112,1.0010509490966797,101405.421875,2884.566650390625,0.9999399781227112,1.0010509490966797,102514.171875,2919.477294921875,1.0016380548477173,1.0025149583816528,91242.890625,2159.280517578125,0.9983320236206055,0.9975860118865967,97681.1015625,2868.07861328125,0.999871015548706,0.9997239708900452,115400897748,92453553253,25631139115,292831861639
2025-02-04,97871.8203125,2735.05126953125,0.9999020099639893,1.0001579523086548,97871.8203125,2735.05126953125,0.9999020099639893,1.0001579523086548,101745.6171875,2888.25,1.000594973564148,1.0015920400619507,96208.109375,2636.165771484375,0.9986839890480042,0.9994279742240906,101398.71875,2883.818359375,0.9999160170555115,1.0010440349578857,73002130211,48795275985,13781033980,155187896041
2025-02-05,96615.4453125,2787.779052734375,1.000059962272644,1.0001319646835327,96615.4453125,2787.779052734375,1.000059962272644,1.0001319646835327,99113.2109375,2824.400146484375,1.0009859800338745,1.0011759996414185,96174.828125,2701.10498046875,0.9991239905357361,0.9993230104446411,97878.0078125,2735.225830078125,0.9998720288276672,1.0001319646835327,49125911241,31960764447,9168611887,100967848652
2025-02-06,96593.296875,2688.40087890625,1.0000569820404053,1.0001699924468994,96593.296875,2688.40087890625,1.0000569820404053,1.0001699924468994,99168.609375,2857.14208984375,1.0015369653701782,1.0017520189285278,95707.3515625,2662.44580078125,0.9995909929275513,0.9995869994163513,96610.640625,2787.65869140625,1.0000079870224,1.0001059770584106,45302471947,29500645692,9168007548,99009274148
2025-02-07,96529.0859375,2622.211181640625,1.0001070499420166,1.0003050565719604,96529.0859375,2622.211181640625,1.0001070499420166,1.0003050565719604,100154.140625,2798.02880859375,1.0008419752120972,1.0013010501861572,95653.8828125,2564.96826171875,0.9993820190429688,0.9995009899139404,96581.3203125,2688.8974609375,0.9999250173568726,1.000074028968811,55741290456,29526663418,9658671792,107866064908
2025-02-08,96482.453125,2632.308349609375,1.0000890493392944,1.000236988067627,96482.453125,2632.308349609375,1.0000890493392944,1.000236988067627,96877.8046875,2665.484619140625,1.000838041305542,1.0010490417480469,95702.4921875,2591.778564453125,0.9996680021286011,0.9997159838676453,96533.2578125,2623.001953125,1.0001540184020996,1.000349998474121,22447526395,17059263074,4752901210,59882139192
2025-02-09,96500.09375,2628.72119140625,1.0000269412994385,1.0001939535140991,96500.09375,2628.72119140625,1.0000269412994385,1.0001939535140991,97325.28125,2695.222412109375,1.0013760328292847,1.0016469955444336,94745.2578125,2530.435791015625,0.9995930194854736,0.9995530247688293,96481.3125,2632.578125,1.0001020431518555,1.000290036201477,27732901800,17517088276,5561659216,67025155232
2025-02-10,97437.5546875,2661.166748046875,0.9999390244483948,1.0001349449157715,97437.5546875,2661.166748046875,0.9999390244483948,1.0001349449157715,98333.21875,2692.80859375,1.0010370016098022,1.0014050006866455,95320.84375,2564.0185546875,0.9994739890098572,0.9995930194854736,96499.4609375,2628.650146484375,1.0000289678573608,1.0001779794692993,40078962391,19414208113,7290485956,82150710154
2025-02-11,95747.4296875,2602.781982421875,0.9999459981918335,0.9998599886894226,95747.4296875,2602.781982421875,0.9999459981918335,0.9998599886894226,98492.8984375,2724.90234375,1.0011459589004517,1.001325011253357,94875.0390625,2565.397216796875,0.9996020197868347,0.999538004398346,97438.1328125,2661.315673828125,0.9999309778213501,1.0002219676971436,37488783272,21156550492,7590822419,84538857183
2025-02-12,97885.859375,2736.902099609375,1.000040054321289,1.00006103515625,97885.859375,2736.902099609375,1.000040054321289,1.00006103515625,98151.0234375,2794.867431640625,1.0018579959869385,1.002392053604126,94101.203125,2551.174560546875,0.9994289875030518,0.9994189739227295,95745.6953125,2602.828125,0.9999359846115112,0.9998520016670227,49340445530,26919387954,9290154331,102503671614
2025-02-13,96623.8671875,2675.902587890625,1.0000300407409668,1.000161051750183,96623.8671875,2675.902587890625,1.0000300407409668,1.000161051750183,98111.0859375,2756.443359375,1.001101016998291,1.0011919736862183,95269.7109375,2615.667724609375,0.9991199970245361,0.9989950060844421,97888.75,2737.028564453125,1.000082015991211,1.0000770092010498,37147280860,19481004625,7971520510,83624826615
2025-02-14,97508.96875,2726.091552734375,0.9999300241470337,1.0000840425491333,97508.96875,2726.091552734375,0.9999300241470337,1.0000840425491333,98819.46875,2790.023681640625,1.0010850429534912,1.0012669563293457,96342.8046875,2666.26806640625,0.9994540214538574,0.9994999766349792,96623.3671875,2675.939453125,1.0000590085983276,1.0002000331878662,32697987277,17732289901,8868475735,82431082792
2025-02-15,97580.3515625,2693.559814453125,0.9999629855155945,1.0001540184020996,97580.3515625,2693.559814453125,0.9999629855155945,1.0001540184020996,97975.0390625,2738.68115234375,1.0003470182418823,1.000491976737976,97240.1953125,2668.53173828125,0.9997590184211731,0.9998589754104614,97508.3828125,2726.07470703125,0.999921977519989,1.0001039505004883,17047266288,10803019357,4631171038,49511991572
2025-02-16,96175.03125,2663.31591796875,0.9999470114707947,1.0000849962234497,96175.03125,2663.31591796875,0.9999470114707947,1.0000849962234497,97725.59375,2724.096435546875,1.000635027885437,1.0008150339126587,96060.9765625,2655.297607421875,0.9997109770774841,0.9997889995574951,97580.4921875,2693.5625,0.9999920129776001,1.0001490116119385,16536755396,10593602117,4310300996,45737337095
2025-02-17,95773.3828125,2743.19970703125,0.9999589920043945,0.9999330043792725,95773.3828125,2743.19970703125,0.9999589920043945,0.9999330043792725,97032.234375,2848.7841796875,1.0010260343551636,1.0012969970703125,95243.546875,2640.18212890625,0.9996489882469177,0.9997529983520508,96179.0078125,2663.2294921875,1.0000150203704834,1.0001319646835327,27336550690,24170425078,6994398261,73802340406
2025-02-18,95539.546875,2669.3388671875,0.9998210072517395,0.9993789792060852,95539.546875,2669.3388671875,0.9998210072517395,0.9993789792060852,96695.375,2754.6767578125,1.001039981842041,1.001204013824463,93388.8359375,2606.900390625,0.999305009841919,0.9991130232810974,95773.8125,2743.02294921875,0.9999639987945557,0.9999380111694336,37325720482,23004152928,8525503716,85488692072
2025-02-19,96635.609375,2715.77099609375,0.99993497133255,0.9999290108680725,96635.609375,2715.77099609375,0.99993497133255,0.9999290108680725,96855.59375,2735.917724609375,1.0008920431137085,1.0012550354003906,95011.96875,2656.375732421875,0.9995930194854736,0.9991239905357361,95532.53125,2669.21337890625,0.999809980392456,0.9993690252304077,28990872862,15272401903,6140029876,65862475675
2025-02-20,98333.9375,2740.386474609375,0.9999819993972778,1.000331997871399,98333.9375,2740.386474609375,0.9999819993972778,1.000331997871399,98767.1953125,2770.030517578125,1.0006769895553589,1.0014270544052124,96442.671875,2708.216064453125,0.9995449781417847,0.9996569752693176,96632.6796875,2715.6826171875,0.9999480247497559,0.9999060034751892,31668022771,15917259320,7453422390,72455845464
2025-02-21,96125.546875,2659.655517578125,1.0001169443130493,0.9995219707489014,96125.546875,2659.655517578125,1.0001169443130493,0.9995219707489014,99497.96875,2842.8271484375,1.000959038734436,1.0014549493789673,94852.9609375,2616.91943359375,0.9993320107460022,0.9988380074501038,98340.671875,2740.022216796875,0.999987006187439,1.0003180503845215,49608706470,31441524621,10738574137,108902119689
2025-02-22,96577.7578125,2764.029296875,1.0001330375671387,1.0002189874649048,96577.7578125,2764.029296875,1.0001330375671387,1.0002189874649048,96950.15625,2797.057861328125,1.000754952430725,1.0007590055465698,95765.34375,2653.867431640625,0.9997490048408508,0.9993619918823242,96134.203125,2660.035888671875,1.0002169609069824,0.9995790123939514,18353824477,16403164397,5462121672,57283088675
2025-02-23,96273.921875,2821.310302734375,1.0000439882278442,1.0001150369644165,96273.921875,2821.310302734375,1.0000439882278442,1.0001150369644165,96671.875,2850.6103515625,1.0008859634399414,1.0013370513916016,95270.453125,2746.773681640625,0.9996579885482788,0.999737024307251,96577.8046875,2764.031005859375,1.000133991241455,1.0002189874649048,16999478976,20493767269,5105617640,54022199584
2025-02-24,91418.171875,2513.8212890625,0.9998040199279785,0.999750018119812,91418.171875,2513.8212890625,0.9998040199279785,0.999750018119812,96503.453125,2839.010009765625,1.0013010501861572,1.0013660192489624,91371.7421875,2478.8994140625,0.9993860125541687,0.9992960095405579,96277.9609375,2820.456298828125,1.000038981437683,1.0000720024108887,44046480529,29127380459,10369215725,100852116996
2025-02-25,88736.171875,2493.592529296875,0.9999930262565613,0.9989879727363586,88736.171875,2493.592529296875,0.9999930262565613,0.9989879727363586,92511.078125,2529.669189453125,1.0017659664154053,1.00177800655365,86008.234375,2326.632080078125,0.999002993106842,0.9980869889259338,91437.1171875,2514.2109375,0.9998319745063782,0.999692976474762,92139104128,40044790246,16057418626,170041838176
2025-02-26,84347.0234375,2331.45263671875,0.9999150037765503,1.0001970529556274,84347.0234375,2331.45263671875,0.9999150037765503,1.0001970529556274,89286.25,2503.422119140625,1.001134991645813,1.0005090236663818,82131.8984375,2255.054931640625,0.9991689920425415,0.9978330135345459,88638.890625,2493.381591796875,0.9999340176582336,0.9987969994544983,64597492134,28815111323,11546719465,119836685405
2025-02-27,84704.2265625,2305.484375,0.9998180270195007,0.9989799857139587,84704.2265625,2305.484375,0.9998180270195007,0.9989799857139587,87000.78125,2378.08740234375,1.001281976699829,1.0012309551239014,83144.9609375,2230.4482421875,0.9994410276412964,0.9981889724731445,84076.859375,2331.51025390625,0.9999160170555115,0.9985150098800659,52659591954,24286213447,9719464108,98043035762
2025-02-28,84373.0078125,2237.9052734375,0.9998779892921448,0.9995290040969849,84373.0078125,2237.9052734375,0.9998779892921448,0.9995290040969849,85036.3203125,2310.94921875,1.0016649961471558,1.0014599561691284,78248.9140625,2076.169921875,0.9991269707679749,0.9980700016021729,84705.625,2305.56005859375,0.9997659921646118,0.9989320039749146,83610570576,35737904667,14081466100,146908454227
2025-03-01,86031.9140625,2216.643310546875,0.9997810125350952,0.9994490146636963,86031.9140625,2216.643310546875,0.9997810125350952,0.9994490146636963,86522.3046875,2279.873046875,1.0012120008468628,1.00149405002594,83794.234375,2144.090087890625,0.9994890093803406,0.9990460276603699,84373.8671875,2237.942138671875,0.999904990196228,0.9995499849319458,29190628396,16135258239,5501083056,62938723492
2025-03-02,94248.3515625,2519.694580078125,1.0000280141830444,1.0001250505447388,94248.3515625,2519.694580078125,1.0000280141830444,1.0001250505447388,95043.4375,2548.811767578125,1.0025999546051025,1.0029850006103516,85040.2109375,2175.321533203125,0.999534010887146,0.9990630149841309,86036.2578125,2216.521728515625,0.9998170137405396,0.999504029750824,58398341092,34854193845,13210357333,133280929229
2025-03-03,86065.671875,2145.573974609375,0.9998660087585449,0.9991940259933472,86065.671875,2145.573974609375,0.9998660087585449,0.9991940259933472,94429.75,2522.316650390625,1.0026969909667969,1.0020580291748047,85081.3046875,2097.076171875,0.9992480278015137,0.998524010181427,94248.421875,2519.531005859375,1.0000050067901611,1.000082015991211,70072228536,31473561910,13808944206,135811207338
2025-03-04,87222.1953125,2170.01513671875,0.9998530149459839,0.9996780157089233,87222.1953125,2170.01513671875,0.9998530149459839,0.9996780157089233,88911.2734375,2220.358642578125,1.002128005027771,1.0019489526748657,81529.2421875,1996.767578125,0.9992309808731079,0.9987080097198486,86064.0703125,2145.65283203125,0.999858021736145,0.999210000038147,68095241474,33935738380,14008589283,130594229329
2025-03-05,90623.5625,2241.977294921875,0.9999970197677612,0.9999439716339111,90623.5625,2241.977294921875,0.9999970197677612,0.9999439716339111,90998.2421875,2272.79736328125,1.0013829469680786,1.001662015914917,86379.7734375,2156.099365234375,0.9988210201263428,0.9992560148239136,87222.953125,2169.98681640625,0.9999009966850281,0.9997140169143677,50498988027,22105432727,9271446360,91447454228
2025-03-06,89961.7265625,2202.476806640625,1.0001029968261719,1.0001460313796997,89961.7265625,2202.476806640625,1.0001029968261719,1.0001460313796997,92804.9375,2319.396240234375,1.0015820264816284,1.0021189451217651,87852.140625,2177.677001953125,0.9993500113487244,0.9993690252304077,90622.359375,2241.906494140625,0.9999759793281555,0.9999849796295166,47749810486,18509069102,9861139718,87306564550
2025-03-07,86742.671875,2138.987548828125,0.9998270273208618,0.9995579719543457,86742.671875,2138.987548828125,0.9998270273208618,0.9995579719543457,91191.046875,2254.232421875,1.0019099712371826,1.0021400451660156,84717.6796875,2103.47265625,0.9990050196647644,0.9991419911384583,89963.28125,2202.498291015625,1.0001180171966553,1.0001260042190552,65945677657,22425792863,12032728232,111427883161
2025-03-08,86154.59375,2201.51025390625,0.9999279975891113,0.9997190237045288,86154.59375,2201.51025390625,0.9999279975891113,0.9997190237045288,86847.265625,2232.3271484375,1.001459002494812,1.0015209913253784,85247.484375,2107.72802734375,0.9994829893112183,0.9991520047187805,86742.65625,2139.7978515625,0.9999120235443115,0.9996089935302734,18206118081,10533204814,4127743059,45463660288
2025-03-09,80601.0390625,2015.5091552734375,0.9998530149459839,0.9997329711914062,80601.0390625,2015.5091552734375,0.9998530149459839,0.9997329711914062,86471.1328125,2210.313720703125,1.0012869834899902,1.0017069578170776,80052.484375,1991.1934814453125,0.9995149970054626,0.9994069933891296,86154.3046875,2201.708740234375,0.9999520182609558,0.9997329711914062,30899345977,16103964994,6144542711,66660356811
2025-03-10,78532.0,1861.1513671875,1.0000430345535278,0.9996799826622009,78532.0,1861.1513671875,1.0000430345535278,0.9996799826622009,83955.9296875,2150.706298828125,1.001613974571228,1.002020001411438,77420.59375,1812.766845703125,0.9993060231208801,0.9987080097198486,80597.1484375,2015.430419921875,0.9999319911003113,0.9997720122337341,54061099422,35005066442,17810860152,106068799847
2025-03-11,82862.2109375,1919.844970703125,0.9999319911003113,0.9997760057449341,82862.2109375,1919.844970703125,0.9999319911003113,0.9997760057449341,83577.7578125,1961.7977294921875,1.0015820264816284,1.0024670362472534,76624.25,1760.9417724609375,0.9988470077514648,0.9987859725952148,78523.875,1859.7777099609375,1.0000909566879272,0.9997239708900452,54702837196,30898385863,14833420303,104880955133
2025-03-12,83722.359375,1908.982666015625,0.999767005443573,0.9996870160102844,83722.359375,1908.982666015625,0.999767005443573,0.9996870160102844,84358.578125,1954.5711669921875,1.001567006111145,1.0019810199737549,80635.25,1832.01904296875,0.9990670084953308,0.9987829923629761,82857.375,1919.664794921875,0.9998940229415894,0.9997479915618896,40353484454,22898872951,11962339616,78841806978
2025-03-13,81066.703125,1862.9696044921875,0.9999979734420776,0.9996259808540344,81066.703125,1862.9696044921875,0.9999979734420776,0.9996259808540344,84301.6953125,1919.688232421875,1.0014139413833618,1.0014480352401733,79931.8515625,1823.525390625,0.9995030164718628,0.9991829991340637,83724.921875,1909.015380859375,0.9998329877853394,0.9997439980506897,31412940153,17977225564,11856838776,69499068047
2025-03-14,83969.1015625,1909.467529296875,0.9999989867210388,1.0000289678573608,83969.1015625,1909.467529296875,0.9999989867210388,1.0000289678573608,85263.2890625,1945.0914306640625,1.0021469593048096,1.0018219947814941,80797.5625,1861.10595703125,0.9994940161705017,0.9992589950561523,81066.9921875,1862.9979248046875,1.0000170469284058,0.999646008014679,29588112414,12122715282,8847938133,60468227136
2025-03-15,84343.109375,1937.3946533203125,0.9999709725379944,1.0000439882278442,84343.109375,1937.3946533203125,0.9999709725379944,1.0000439882278442,84672.671875,1955.2384033203125,1.000764012336731,1.001127004623413,83639.59375,1904.9656982421875,0.9996680021286011,0.9997119903564453,83968.40625,1909.528076171875,0.9999409914016724,1.0000449419021606,13650491277,6456484591,4232926386,38617325773
2025-03-16,82579.6875,1887.43505859375,1.0001180171966553,1.0001120567321777,82579.6875,1887.43505859375,1.0001180171966553,1.0001120567321777,85051.6015625,1940.474365234375,1.0012680292129517,1.0016690492630005,82017.90625,1863.489013671875,0.99959397315979,0.9994649887084961,84333.3203125,1937.384765625,0.9999690055847168,0.9999949932098389,21330270174,9292997638,5342376239,48641020262
2025-03-17,84075.6875,1927.0029296875,1.0000439882278442,1.0000309944152832,84075.6875,1927.0029296875,1.0000439882278442,1.0000309944152832,84725.328125,1951.6259765625,1.0009289979934692,1.0012420415878296,82492.15625,1880.484375,0.9990479946136475,0.9989320039749146,82576.3359375,1887.44921875,1.0001189708709717,1.000133991241455,25092785558,10436892087,7364251292,56970443832
2025-03-18,82718.5,1932.54345703125,0.9999129772186279,0.9998000264167786,82718.5,1932.54345703125,0.9999129772186279,0.9998000264167786,84075.71875,1935.1820068359375,1.0010249614715576,1.0012160539627075,81179.9921875,1872.5089111328125,0.9995890259742737,0.9994770288467407,84075.71875,1927.0057373046875,1.0000439882278442,1.0000009536743164,24095774594,10170844746,7571744811,55568882437
2025-03-19,86854.2265625,2057.7490234375,1.0000879764556885,1.000290036201477,86854.2265625,2057.7490234375,1.0000879764556885,1.000290036201477,87021.1875,2068.764404296875,1.0018800497055054,1.0018750429153442,82569.7265625,1928.24951171875,0.9991970062255859,0.9992240071296692,82718.8046875,1932.5445556640625,0.9999129772186279,0.9997979998588562,34931960257,20065206266,11517621398,77454470815
2025-03-20,84167.1953125,1982.099853515625,0.9998720288276672,0.9994919896125793,84167.1953125,1982.099853515625,0.9998720288276672,0.9994919896125793,87443.265625,2067.483642578125,1.0009130239486694,1.001481056213379,83647.1953125,1952.2432861328125,0.9996209740638733,0.9991949796676636,86872.953125,2057.951171875,1.0000079870224,1.0002460479736328,29028988961,13217865782,10484925681,61655037854
2025-03-21,84043.2421875,1964.8475341796875,1.000040054321289,0.9996479749679565,84043.2421875,1964.8475341796875,1.000040054321289,0.9996479749679565,84782.2734375,1994.8914794921875,1.0009649991989136,1.0005719661712646,83171.0703125,1937.2115478515625,0.9996610283851624,0.9991639852523804,84164.5390625,1981.85302734375,0.9998469948768616,0.9993879795074463,19030452299,9708125480,8056596360,47826756168
2025-03-22,83832.484375,1980.037841796875,1.000020980834961,0.9998779892921448,83832.484375,1980.037841796875,1.000020980834961,0.9998779892921448,84513.875,2005.0411376953125,1.0006810426712036,1.0007590055465698,83674.78125,1964.27099609375,0.9996970295906067,0.9993460178375244,84046.2578125,1964.9404296875,1.0000710487365723,0.9996870160102844,9863214091,6117036512,3687086901,33001997620
2025-03-23,86054.375,2005.2991943359375,1.0000269412994385,1.0000170469284058,86054.375,2005.2991943359375,1.0000269412994385,1.0000170469284058,86094.78125,2019.889404296875,1.0007359981536865,1.0007810592651367,83794.9140625,1977.7093505859375,0.9997209906578064,0.9995200037956238,83831.8984375,1979.983642578125,1.0000269412994385,0.999879002571106,12594615537,7522339707,4334955293,39613720219
2025-03-24,87498.9140625,2077.47900390625,1.0001070499420166,1.000357985496521,87498.9140625,2077.47900390625,1.0001070499420166,1.000357985496521,88758.7265625,2101.9833984375,1.000741958618164,1.001054048538208,85541.1953125,1978.7637939453125,0.9997010231018066,0.9997000098228455,86070.9296875,2005.7183837890625,1.0001330375671387,1.0001130104064941,34582604933,14044912402,10763138743,67599933158
2025-03-25,87471.703125,2067.76416015625,0.9999930262565613,1.0001879930496216,87471.703125,2067.76416015625,0.9999930262565613,1.0001879930496216,88542.3984375,2096.518310546875,1.0008349418640137,1.001160979270935,86346.078125,2038.64453125,0.9996349811553955,0.9997400045394897,87512.8203125,2078.568115234375,1.000012993812561,1.000203013420105,30005840049,11735658914,9053718025,58456757340
2025-03-26,86900.8828125,2009.1893310546875,0.9998949766159058,1.0000519752502441,86900.8828125,2009.1893310546875,0.9998949766159058,1.0000519752502441,88292.15625,2078.369140625,1.0008000135421753,1.0013179779052734,85861.453125,1982.412353515625,0.9996449947357178,0.9996860027313232,87460.234375,2067.5087890625,1.0000330209732056,1.0001469850540161,26704046038,13178523590,8964829253,58872800987
2025-03-27,87177.1015625,2002.357421875,0.9999330043792725,0.9997180104255676,87177.1015625,2002.357421875,0.9999330043792725,0.9997180104255676,87786.7265625,2037.3961181640625,1.0008289813995361,1.001173973083496,85837.9375,1987.7177734375,0.9996560215950012,0.999517023563385,86896.2578125,2008.9405517578125,0.9998480081558228,1.0000109672546387,24413471941,11593274543,9335553639,55911263699
2025-03-28,84353.1484375,1895.5029296875,1.000020980834961,0.9995089769363403,84353.1484375,1895.5029296875,1.000020980834961,0.9995089769363403,87489.859375,2015.454345703125,1.0015660524368286,1.001283049583435,83557.640625,1863.0106201171875,0.9995669722557068,0.9990159869194031,87185.234375,2002.4105224609375,0.9999539852142334,0.9997410178184509,34198619509,18160526498,11720323398,71112920720
2025-03-29,82597.5859375,1827.3203125,0.9999169707298279,0.9995909929275513,82597.5859375,1827.3203125,0.9999169707298279,0.9995909929275513,84567.3359375,1911.90087890625,1.001065969467163,1.0011919736862183,81634.140625,1799.2008056640625,0.9996899962425232,0.9991790056228638,84352.0703125,1895.5496826171875,1.0000100135803223,0.9994940161705017,16969396135,12194771785,6452445830,45385777468
2025-03-30,82334.5234375,1806.2186279296875,1.000059962272644,0.9998700022697449,82334.5234375,1806.2186279296875,1.000059962272644,0.9998700022697449,83505.0,1847.570556640625,1.001127004623413,1.000920057296753,81573.25,1769.4127197265625,0.9996190071105957,0.9994249939918518,82596.984375,1827.31103515625,0.9999120235443115,0.9995859861373901,14763760943,9854857162,5545589305,38085432412
2025-03-31,82548.9140625,1823.47998046875,0.9998859763145447,0.9997680187225342,82548.9140625,1823.47998046875,0.9998859763145447,0.9997680187225342,83870.125,1852.5513916015625,1.0010770559310913,1.0014820098876953,81293.890625,1778.6922607421875,0.9994000196456909,0.9994969964027405,82336.0625,1806.3165283203125,1.0000449419021606,0.9999039769172668,29004228247,15765030938,10972505506,59967779901
2025-04-01,85169.171875,1905.491455078125,1.0000369548797607,1.0,85169.171875,1905.491455078125,1.0000369548797607,1.0,85487.3671875,1926.302978515625,1.000844955444336,1.0007200241088867,82429.359375,1820.350341796875,0.9996280074119568,0.9994890093803406,82551.921875,1823.5623779296875,0.9999099969863892,0.9997850060462952,28175650319,15001220420,8951500963,58370134998
2025-04-02,82485.7109375,1795.313232421875,1.0000009536743164,0.999796986579895,82485.7109375,1795.313232421875,1.0000009536743164,0.999796986579895,88466.953125,1951.1802978515625,1.0005580186843872,1.0007989406585693,82343.5390625,1782.76025390625,0.9984700083732605,0.9981920123100281,85180.609375,1905.484619140625,1.0000569820404053,1.000038981437683,47584398470,22593742104,15685504944,91631661187
2025-04-03,83102.828125,1815.63720703125,0.9999409914016724,0.999567985534668,83102.828125,1815.63720703125,0.9999409914016724,0.999567985534668,83909.296875,1844.071044921875,1.0006569623947144,1.000440001487732,81282.1015625,1751.380859375,0.999472975730896,0.9990059733390808,82487.4765625,1794.97607421875,0.9999859929084778,0.9998090267181396,36852112080,16450974373,12665493909,74632997745
2025-04-04,83843.8046875,1815.335205078125,0.999921977519989,0.9996160268783569,83843.8046875,1815.335205078125,0.999921977519989,0.9996160268783569,84696.1484375,1833.956787109375,1.000648021697998,1.0004260540008545,81670.75,1760.588623046875,0.9991679787635803,0.9987940192222595,83100.25,1815.60986328125,0.9999369978904724,0.9995719790458679,45157640207,18061720814,14661520062,79619710660
2025-04-05,83504.796875,1805.9732666015625,0.9999930262565613,0.9995840191841125,83504.796875,1805.9732666015625,0.9999930262565613,0.9995840191841125,84207.015625,1826.298583984375,1.0009180307388306,1.0005110502243042,82377.734375,1767.5135498046875,0.9995359778404236,0.9992039799690247,83844.703125,1815.344970703125,0.9999309778213501,0.9996340274810791,14380803631,6374712479,4505740439,34108090670
2025-04-06,78214.484375,1576.72802734375,0.9999430179595947,0.9992759823799133,78214.484375,1576.72802734375,0.9999430179595947,0.9992759823799133,83704.71875,1815.5748291015625,1.0008620023727417,1.0007070302963257,77097.7421875,1539.43798828125,0.9993590116500854,0.9986810088157654,83504.5078125,1805.9630126953125,0.9999889731407166,0.9995800256729126,36294853736,22154445576,11438674601,74366051040
2025-04-07,79235.3359375,1555.240966796875,1.0002410411834717,0.9997730255126953,79235.3359375,1555.240966796875,1.0002410411834717,0.9997730255126953,81119.0625,1634.0411376953125,1.0012949705123901,1.001006007194519,74436.6796875,1415.37353515625,0.9986079931259155,0.9979379773139954,78221.3359375,1576.9498291015625,1.0000120401382446,0.9993060231208801,91262424987,46073959047,25379799007,159480342752
2025-04-08,76271.953125,1472.5531005859375,0.9998390078544617,0.9989749789237976,76271.953125,1472.5531005859375,0.9998390078544617,0.9989749789237976,80823.890625,1617.33984375,1.0008909702301025,1.000560998916626,76198.0234375,1447.610107421875,0.9988920092582703,0.9985129833221436,79218.4765625,1554.93212890625,1.0002210140228271,0.9997310042381287,48314590749,21315312919,15359090304,81564232647
2025-04-09,82573.953125,1668.0400390625,0.9999290108680725,0.9996860027313232,82573.953125,1668.0400390625,0.9999290108680725,0.9996860027313232,83541.0,1687.18798828125,1.0010379552841187,1.000512957572937,74589.671875,1386.79931640625,0.9987090229988098,0.9983850121498108,76273.5625,1472.6014404296875,0.9998599886894226,0.9990320205688477,84213627038,39252195855,22801529129,139544979611
2025-04-10,79626.140625,1522.518798828125,0.9999470114707947,0.9992910027503967,79626.140625,1522.518798828125,0.9999470114707947,0.9992910027503967,82700.9296875,1669.3941650390625,1.0006070137023926,1.0005840063095093,78456.1328125,1474.9141845703125,0.9991549849510193,0.9985690116882324,82565.9765625,1668.2017822265625,0.9999030232429504,0.9996669888496399,44718000633,21379604307,12968188424,80163124209
2025-04-11,83404.8359375,1567.1497802734375,0.9999669790267944,0.9994919896125793,83404.8359375,1567.1497802734375,0.9999669790267944,0.9994919896125793,84247.4765625,1587.53857421875,1.000380039215088,1.0000699758529663,78936.3203125,1505.001953125,0.9992079734802246,0.998665988445282,79625.046875,1522.4730224609375,0.9998829960823059,0.9993159770965576,41656778779,14871838813,11171173047,69911193868
2025-04-12,85287.109375,1643.528564453125,0.9999930262565613,0.9998840093612671,85287.109375,1643.528564453125,0.9999930262565613,0.9998840093612671,85856.1875,1666.017578125,1.0004539489746094,1.0002219676971436,82769.375,1546.819580078125,0.9994210004806519,0.9989290237426758,83404.515625,1567.15576171875,0.9999650120735168,0.9994980096817017,24258059104,12110995013,7676882234,53780414831
2025-04-13,83684.9765625,1596.685791015625,0.999904990196228,0.9996529817581177,83684.9765625,1596.685791015625,0.999904990196228,0.9996529817581177,86015.1875,1648.2867431640625,1.0004140138626099,1.0003000497817993,83027.0078125,1564.8388671875,0.9992790222167969,0.9989780187606812,85279.46875,1643.5010986328125,0.9998970031738281,0.999783992767334,28796984817,13909890792,8398473378,60193768880
2025-04-14,84542.390625,1622.7698974609375,0.9997509717941284,0.9996989965438843,84542.390625,1622.7698974609375,0.9997509717941284,0.9996989965438843,85785.0,1689.8575439453125,1.0004149675369263,1.0002880096435547,83690.640625,1596.0865478515625,0.9994059801101685,0.9991700053215027,83694.5234375,1596.8818359375,0.9999499917030334,0.9996950030326843,34090769777,16518325094,11279262236,65444521521
2025-04-15,83668.9921875,1588.6324462890625,0.9999269843101501,0.9998840093612671,83668.9921875,1588.6324462890625,0.9999269843101501,0.9998840093612671,86429.3515625,1659.836181640625,1.0004010200500488,1.000370979309082,83598.8203125,1585.2291259765625,0.999422013759613,0.9992790222167969,84539.6953125,1622.7718505859375,0.9997439980506897,0.999705970287323,28040322885,13175452875,9638173514,54947280667
2025-04-16,84033.8671875,1578.1053466796875,0.9999619722366333,0.9999459981918335,84033.8671875,1578.1053466796875,0.9999619722366333,0.9999459981918335,85428.28125,1610.7821044921875,1.0006170272827148,1.0006459951400757,83100.6171875,1540.0338134765625,0.9994770288467407,0.9994459748268127,83674.5078125,1589.031005859375,0.9999709725379944,0.9998940229415894,29617804112,15339621551,10258839386,59750641080
2025-04-17,84895.75,1582.54833984375,0.9998850226402283,0.99993497133255,84895.75,1582.54833984375,0.9998850226402283,0.99993497133255,85449.0703125,1615.306884765625,1.0003139972686768,1.0002789497375488,83749.75,1564.1956787109375,0.9992200136184692,0.998744010925293,84030.671875,1578.01416015625,0.9999300241470337,0.9999020099639893,21276866029,11312160796,8550832288,47118773907
2025-04-18,84450.8046875,1588.9246826171875,0.9997879862785339,0.9997379779815674,84450.8046875,1588.9246826171875,0.9997879862785339,0.9997379779815674,85095.046875,1599.4168701171875,1.0003859996795654,1.0003830194473267,84298.8828125,1573.9039306640625,0.9991179704666138,0.9990180134773254,84900.1875,1582.397216796875,0.999908983707428,0.9998970031738281,12728372364,7123507323,4681472583,33063109617
2025-04-19,85063.4140625,1612.9228515625,0.9999489784240723,0.999879002571106,85063.4140625,1612.9228515625,0.9999489784240723,0.999879002571106,85597.703125,1629.051513671875,1.0003000497817993,1.0001009702682495,84353.4609375,1585.4730224609375,0.9991040229797363,0.99891597032547,84450.8671875,1588.9697265625,0.9998220205307007,0.9997329711914062,15259300427,7168138700,4255964173,34424066182
2025-04-20,85174.3046875,1587.5142822265625,0.999987006187439,0.9999120235443115,85174.3046875,1587.5142822265625,0.999987006187439,0.9999120235443115,85306.3828125,1618.436767578125,1.0003910064697266,1.0002650022506714,83976.84375,1566.6915283203125,0.9993299841880798,0.9991059899330139,85066.0703125,1612.966064453125,0.999970018863678,0.9998999834060669,14664050812,7642784469,4503260698,37039868478
2025-04-21,87518.90625,1579.7344970703125,0.9999030232429504,0.9999399781227112,87518.90625,1579.7344970703125,0.9999030232429504,0.9999399781227112,88460.09375,1656.11962890625,1.0005160570144653,1.0005810260772705,85143.8359375,1566.1474609375,0.9987689852714539,0.9982190132141113,85171.5390625,1587.4609375,0.9999729990959167,0.9999240040779114,41396190190,15403785611,10453764698,72249779354
2025-04-22,93441.890625,1757.3316650390625,0.9998040199279785,1.00027596950531,93441.890625,1757.3316650390625,0.9998040199279785,1.00027596950531,93817.3828125,1773.63916015625,1.000815987586975,1.001081943511963,87084.53125,1542.0003662109375,0.998885989189148,0.9989749789237976,87521.875,1579.815185546875,0.9999420046806335,0.9999669790267944,55899038456,23747917555,14475389659,97051535759
2025-04-23,93699.109375,1796.104248046875,0.9998980164527893,1.0002959966659546,93699.109375,1796.104248046875,0.9998980164527893,1.0002959966659546,94535.734375,1829.7099609375,1.0004589557647705,1.0007489919662476,91962.9609375,1746.924072265625,0.9989079833030701,0.9990220069885254,93427.5859375,1757.196533203125,0.9997730255126953,1.0002880096435547,41719568821,22904644756,13860599906,89456481949
2025-04-24,93943.796875,1769.8316650390625,0.9998430013656616,1.0002739429473877,93943.796875,1769.8316650390625,0.9998430013656616,1.0002739429473877,94016.1953125,1801.69140625,1.0005559921264648,1.0008339881896973,91696.7109375,1724.74072265625,0.9994310140609741,0.9995080232620239,93692.3984375,1795.9794921875,0.9998639822006226,1.0003160238265991,31483175315,15207402759,11129405830,70478465816
2025-04-25,94720.5,1786.634521484375,0.9999409914016724,1.0006020069122314,94720.5,1786.634521484375,0.9999409914016724,1.0006020069122314,95768.390625,1826.696044921875,1.0003780126571655,1.00108802318573,92898.59375,1740.3319091796875,0.9991430044174194,0.9998769760131836,93954.25,1770.003662109375,0.9999240040779114,1.0003540515899658,40915232364,17459399281,12976876537,82748542699
2025-04-26,94646.9296875,1821.881103515625,1.0000109672546387,1.0003360509872437,94646.9296875,1821.881103515625,1.0000109672546387,1.0003360509872437,95251.359375,1839.363037109375,1.0006519556045532,1.001099944114685,93927.25,1781.473876953125,0.9994649887084961,1.0000439882278442,94714.6484375,1786.532958984375,0.9998840093612671,1.0005290508270264,17612825123,11926379867,7151498585,50556786801
2025-04-27,93754.84375,1792.864990234375,0.9999020099639893,1.0003470182418823,93754.84375,1792.864990234375,0.9999020099639893,1.0003470182418823,95301.203125,1856.44384765625,1.0007890462875366,1.0011210441589355,93665.3984375,1785.902099609375,0.9995890259742737,0.99993497133255,94660.90625,1822.175537109375,1.0001389980316162,1.000478982925415,18090367764,11321944113,6350730742,45636119067
2025-04-28,94978.75,1798.851806640625,1.0000040531158447,1.0002670288085938,94978.75,1798.851806640625,1.0000040531158447,1.0002670288085938,95598.4921875,1827.4822998046875,1.000704050064087,1.0010700225830078,92860.8046875,1747.726806640625,0.9995369911193848,0.9997900128364563,93755.3046875,1792.4461669921875,0.9999169707298279,1.0003470182418823,32363449569,17043640437,10867333898,71418678616
2025-04-29,94284.7890625,1799.1756591796875,1.0000040531158447,1.0003050565719604,94284.7890625,1799.1756591796875,1.0000040531158447,1.0003050565719604,95485.4140625,1842.0330810546875,1.000633955001831,1.0010700225830078,93796.6328125,1782.28125,0.999675989151001,0.9999229907989502,94981.859375,1798.9122314453125,1.0000319480895996,1.0003080368041992,25806129921,14734257744,9391457251,58847439395
2025-04-30,94207.3125,1793.775390625,1.0000410079956055,1.0001649856567383,94207.3125,1793.775390625,1.0000410079956055,1.0001649856567383,95249.3203125,1816.68994140625,1.0009369850158691,1.0013660192489624,92979.640625,1736.1429443359375,0.9994570016860962,0.9997640252113342,94286.46875,1799.2091064453125,1.0000230073928833,1.0003279447555542,28344679831,14810431362,9764127557,60565082309
2025-05-01,96492.3359375,1839.2215576171875,0.9998660087585449,1.0002650022506714,96492.3359375,1839.2215576171875,0.9998660087585449,1.0002650022506714,97437.9609375,1872.9395751953125,1.0008879899978638,1.0011340379714966,94153.6328125,1793.151123046875,0.9995729923248291,0.9998059868812561,94212.859375,1794.041015625,1.0001009702682495,1.0002110004425049,32875889623,15861442721,10463292535,63545852894
2025-05-02,96910.0703125,1842.7078857421875,0.9998900294303894,1.000324010848999,96910.0703125,1842.7078857421875,0.9998900294303894,1.000324010848999,97905.8984375,1869.530029296875,1.000311017036438,1.0007139444351196,96375.9453125,1814.73046875,0.9994930028915405,0.9998930096626282,96494.96875,1839.1748046875,0.9998490214347839,1.0002859830856323,26421924677,13570171872,8583953657,53577687728
2025-05-03,95891.796875,1833.8397216796875,0.9999740123748779,1.0002399682998657,95891.796875,1833.8397216796875,0.9999740123748779,1.0002399682998657,96943.8828125,1848.246826171875,1.0007270574569702,1.001101016998291,95821.2890625,1812.815673828125,0.9996939897537231,1.0000150203704834,96904.6328125,1842.7181396484375,0.9998959898948669,1.0003180503845215,15775154889,8344452620,4826910165,37059197790
2025-05-04,94315.9765625,1808.59423828125,0.9999740123748779,1.0000239610671997,94315.9765625,1808.59423828125,0.9999740123748779,1.0000239610671997,96318.921875,1849.99853515625,1.0010499954223633,1.0013550519943237,94173.4296875,1804.4951171875,0.9996939897537231,0.9998419880867004,95877.1875,1833.647216796875,0.9998660087585449,1.0001510381698608,18198688416,8918979887,5567029250,39019645137
2025-05-05,94748.0546875,1819.697509765625,0.9998840093612671,0.9998720288276672,94748.0546875,1819.697509765625,0.9998840093612671,0.9998720288276672,95193.1875,1832.05078125,1.0009870529174805,1.0015289783477783,93566.265625,1783.3148193359375,0.9996880292892456,0.999688982963562,94319.5625,1808.7049560546875,1.0000250339508057,1.0000369548797607,25816260327,11389336489,8446419371,52376592856
2025-05-06,96802.4765625,1815.0875244140625,0.999983012676239,0.9999769926071167,96802.4765625,1815.0875244140625,0.999983012676239,0.9999769926071167,96889.1796875,1820.796630859375,1.000985026359558,1.0013530254364014,93399.859375,1753.3154296875,0.999671995639801,0.9995869994163513,94748.3828125,1819.7340087890625,0.9999060034751892,0.9998859763145447,26551275827,13206516310,9735549194,56328642132
2025-05-07,97032.3203125,1811.606689453125,0.999921977519989,1.0001490116119385,97032.3203125,1811.606689453125,0.999921977519989,1.0001490116119385,97625.8046875,1849.658447265625,1.0007669925689697,1.0010019540786743,95829.3359375,1788.6873779296875,0.9994680285453796,0.9996629953384399,96800.1953125,1815.0189208984375,0.9999529719352722,0.9999430179595947,76983822462,50540755039,9504150861,58714502443
2025-05-08,103241.4609375,2206.5146484375,0.9999480247497559,1.00006902217865,103241.4609375,2206.5146484375,0.9999480247497559,1.00006902217865,103969.5390625,2222.20556640625,1.0008749961853027,1.0014749765396118,96913.875,1809.4569091796875,0.9993280172348022,0.9994710087776184,97034.25,1811.54638671875,0.9999269843101501,1.0001469850540161,69895404397,37777245241,18666751902,113086692647
2025-05-09,102970.8515625,2345.50732421875,0.9999979734420776,1.0000319480895996,102970.8515625,2345.50732421875,0.9999979734420776,1.0000319480895996,104297.4921875,2486.0068359375,1.000923991203308,1.0011399984359741,102343.09375,2186.054443359375,0.999409019947052,0.9993690252304077,103239.125,2206.128173828125,0.9999229907989502,0.9999390244483948,58198593958,43766026875,20283556220,123013026162
2025-05-10,104696.328125,2582.422607421875,1.0000280141830444,1.0001089572906494,104696.328125,2582.422607421875,1.0000280141830444,1.0001089572906494,104961.765625,2597.54345703125,1.0002989768981934,1.000359058380127,102830.484375,2320.235107421875,0.9990910291671753,0.9990890026092529,102973.7109375,2345.760498046875,1.0000250339508057,1.0000289678573608,42276713994,30265913403,11056735651,88086126429
2025-05-11,104106.359375,2510.23779296875,0.9999790191650391,1.0001250505447388,104106.359375,2510.23779296875,0.9999790191650391,1.0001250505447388,104937.9921875,2603.264404296875,1.0004119873046875,1.00062894821167,103364.7421875,2441.730712890625,0.9992420077323914,0.9993079900741577,104701.0703125,2582.71044921875,1.000040054321289,1.0001529455184937,46285517406,26496368543,9538712033,88874924689
2025-05-12,102812.953125,2496.397705078125,1.0000760555267334,1.0001150369644165,102812.953125,2496.397705078125,1.0000760555267334,1.0001150369644165,105747.453125,2620.897216796875,1.0007250308990479,1.000756025314331,100814.40625,2411.594482421875,0.9994329810142517,0.9992169737815857,104106.9609375,2510.289306640625,0.9999849796295166,1.0001330375671387,63250475404,32121858921,15429153390,130321621664
2025-05-13,104169.8125,2680.129638671875,1.0000749826431274,1.0002009868621826,104169.8125,2680.129638671875,1.0000749826431274,1.0002009868621826,104997.421875,2736.89013671875,1.0006380081176758,1.0008410215377808,101515.09375,2418.32568359375,0.9996299743652344,0.9995359778404236,102812.4921875,2496.33740234375,1.0000749826431274,1.000169038772583,52608876410,33528741590,12265069905,104321151541
2025-05-14,103539.4140625,2610.063232421875,0.999970018863678,1.0002429485321045,103539.4140625,2610.063232421875,0.999970018863678,1.0002429485321045,104303.5625,2721.949951171875,1.000396966934204,1.0005539655685425,102618.296875,2549.68505859375,0.999442994594574,0.999442994594574,104167.328125,2680.26220703125,1.0000079870224,1.0001939535140991,45956071155,26602676588,11084092068,86030378330
2025-05-15,103744.640625,2546.85693359375,0.9998739957809448,1.0000699758529663,103744.640625,2546.85693359375,0.9998739957809448,1.0000699758529663,104153.6171875,2645.07421875,1.0004669427871704,1.00068199634552,101440.8125,2482.212890625,0.9993820190429688,0.9994829893112183,103538.828125,2610.02783203125,0.9999769926071167,1.0002360343933105,50408241840,26637688883,11937891647,90553673786
2025-05-16,103489.2890625,2536.297607421875,0.9999060034751892,1.000251054763794,103489.2890625,2536.297607421875,0.9999060034751892,1.000251054763794,104533.484375,2645.60791015625,1.0003410577774048,1.0005780458450317,103137.4765625,2532.027099609375,0.9992409944534302,0.999459981918335,103735.65625,2547.058349609375,0.9998210072517395,1.0000189542770386,44386499364,21298907763,9520953398,71549071733
2025-05-17,103191.0859375,2475.75439453125,0.9999240040779114,1.000262975692749,103191.0859375,2475.75439453125,0.9999240040779114,1.000262975692749,103716.9453125,2537.78173828125,1.0002399682998657,1.0006710290908813,102659.1796875,2449.0693359375,0.999334990978241,0.9996129870414734,103489.2890625,2536.297607421875,0.9999060034751892,1.000251054763794,37898552742,18830706230,6911257570,60177866672
2025-05-18,106446.0078125,2498.233642578125,0.9999399781227112,1.0004240274429321,106446.0078125,2498.233642578125,0.9999399781227112,1.0004240274429321,106597.171875,2585.697021484375,1.0003509521484375,1.000825047492981,103142.6015625,2344.668212890625,0.9990879893302917,0.9994860291481018,103186.953125,2475.76953125,0.9999009966850281,1.0002570152282715,49887082058,25005164865,9206519661,83080469498
2025-05-19,105606.1796875,2529.166748046875,0.9999619722366333,1.0003060102462769,105606.1796875,2529.166748046875,0.9999619722366333,1.0003060102462769,107068.71875,2545.461181640625,1.0003340244293213,1.0006999969482422,102112.6875,2353.427001953125,0.9991080164909363,0.9993839859962463,106430.53125,2498.800048828125,0.999862015247345,1.0003039836883545,61761126647,27351331811,13501319705,94868169113
2025-05-20,106791.0859375,2524.173095703125,0.9998940229415894,1.0002830028533936,106791.0859375,2524.173095703125,0.9998940229415894,1.0002830028533936,107307.1171875,2585.619873046875,1.0003750324249268,1.0007619857788086,104206.515625,2446.44677734375,0.9990280270576477,0.9993060231208801,105605.40625,2529.135009765625,0.9999579787254333,1.0003050565719604,36515726122,23453322578,11702597699,83143664164
2025-05-21,109678.078125,2552.34716796875,0.9998970031738281,1.0003349781036377,109678.078125,2552.34716796875,0.9998970031738281,1.0003349781036377,110724.4609375,2614.060791015625,1.000419020652771,1.0010260343551636,106127.234375,2454.537841796875,0.9991300106048584,0.9995030164718628,106791.3125,2524.1591796875,0.9998930096626282,1.000288963317871,78086364051,31952904125,16330278133,123466069083
2025-05-22,111673.28125,2664.156982421875,0.9994379878044128,0.9995790123939514,111673.28125,2664.156982421875,0.9994379878044128,0.9995790123939514,111970.171875,2691.102294921875,1.0002230405807495,1.0007059574127197,109285.0703125,2546.434814453125,0.9987229704856873,0.9988610148429871,109673.4921875,2552.766845703125,0.9998360276222229,1.0002650022506714,70157575642,26596978352,14980112894,110975437486
2025-05-23,107287.796875,2526.44189453125,0.9997850060462952,1.0000449419021606,107287.796875,2526.44189453125,0.9997850060462952,1.0000449419021606,111798.90625,2731.220703125,1.0004279613494873,1.0005899667739868,106841.3046875,2504.87353515625,0.9990079998970032,0.9990379810333252,111679.359375,2664.08203125,0.9993749856948853,0.9996219873428345,67548133399,30536501878,16085759239,120184388351
2025-05-24,107791.15625,2530.646240234375,0.9999340176582336,1.0003230571746826,107791.15625,2530.646240234375,0.9999340176582336,1.0003230571746826,109454.5234375,2575.13134765625,1.000285029411316,1.0006879568099976,106895.2890625,2516.01806640625,0.9989830255508423,0.9991220235824585,107278.5078125,2526.387939453125,0.9997749924659729,1.0000180006027222,45903627163,11380899856,7377433614,60282877255
2025-05-25,109035.390625,2551.763916015625,0.9998660087585449,1.0003199577331543,109035.390625,2551.763916015625,0.9998660087585449,1.0003199577331543,109313.3046875,2553.869140625,1.0002779960632324,1.0005940198898315,106683.375,2467.880126953125,0.9989200234413147,0.9991599917411804,107802.2734375,2530.89013671875,1.0000159740447998,1.0004140138626099,47518041841,14556431364,8742768426,65478311659
2025-05-26,109440.3671875,2564.138427734375,0.9998120069503784,1.0003249645233154,109440.3671875,2564.138427734375,0.9998120069503784,1.0003249645233154,110376.8828125,2598.566650390625,1.000383973121643,1.0006489753723145,108735.640625,2530.321533203125,0.9990170001983643,0.999547004699707,109023.78125,2551.380859375,0.9997609853744507,1.0002230405807495,45950461571,14936610009,10605358709,65825717009
2025-05-27,108994.640625,2663.06982421875,0.9997749924659729,1.000349998474121,108994.640625,2663.06982421875,0.9997749924659729,1.000349998474121,110744.2109375,2712.28515625,1.0002729892730713,1.000709056854248,107609.5546875,2512.588623046875,0.9988579750061035,0.999468982219696,109440.40625,2564.140869140625,0.9998130202293396,1.0003260374069214,57450176272,26264200536,12566362778,88511058748
2025-05-28,107802.328125,2682.212890625,0.9998170137405396,1.0001959800720215,107802.328125,2682.212890625,0.9998170137405396,1.0001959800720215,109298.2890625,2688.7421875,1.0001670122146606,1.0006990432739258,106812.9296875,2611.160888671875,0.9989200234413147,0.9988660216331482,108992.171875,2663.01025390625,0.9997829794883728,1.0003470182418823,49155377493,19087366068,10577895466,75666999754
2025-05-29,105641.7578125,2632.65478515625,0.9996089935302734,0.9997829794883728,105641.7578125,2632.65478515625,0.9996089935302734,0.9997829794883728,108910.046875,2784.75244140625,1.0001859664916992,1.0006109476089478,105374.3984375,2620.982666015625,0.9991729855537415,0.9994630217552185,107795.5703125,2681.84326171875,0.9997990131378174,1.0001909732818604,56022752042,27567479811,12819165934,132016426246
2025-05-30,103998.5703125,2529.943603515625,0.9997419714927673,1.0001389980316162,103998.5703125,2529.943603515625,0.9997419714927673,1.0001389980316162,106308.9453125,2648.2607421875,1.0004279613494873,1.000859022140503,103685.7890625,2510.163818359375,0.9992280006408691,0.9993860125541687,105646.2109375,2632.8359375,0.999629020690918,0.9997950196266174,57655287183,24599403943,14037798803,103196627033
2025-05-31,104638.09375,2529.08740234375,0.9998319745063782,1.000372052192688,104638.09375,2529.08740234375,0.9998319745063782,1.000372052192688,104927.1015625,2550.483642578125,1.000309944152832,1.0009030103683472,103136.1171875,2484.215576171875,0.9994000196456909,0.9996129870414734,103994.71875,2529.833984375,0.9996920228004456,1.0000640153884888,38997843858,13992843765,8112828884,66326914702
2025-06-01,105652.1015625,2536.266357421875,0.999750018119812,1.0003050565719604,105652.1015625,2536.266357421875,0.999750018119812,1.0003050565719604,105884.546875,2547.77294921875,1.0002570152282715,1.0008139610290527,103826.953125,2472.540771484375,0.9994149804115295,0.9999579787254333,104637.296875,2529.0966796875,0.9998319745063782,1.0003730058670044,37397056873,13287852482,6956757549,53989612056
2025-06-02,105881.53125,2607.097412109375,0.9998990297317505,1.0004700422286987,105881.53125,2607.097412109375,0.9998990297317505,1.0004700422286987,105958.3125,2615.515625,1.0001469850540161,1.0007250308990479,103727.546875,2477.292724609375,0.9994350075721741,0.999871015548706,105649.8125,2536.184814453125,0.9997310042381287,1.0002330541610718,45819706290,16744168824,9976424446,66085098943
2025-06-03,105432.46875,2593.2802734375,0.9997119903564453,1.000488042831421,105432.46875,2593.2802734375,0.9997119903564453,1.000488042831421,106813.578125,2652.418701171875,1.0002310276031494,1.0009889602661133,104920.84375,2582.25048828125,0.9990580081939697,0.9997619986534119,105888.4765625,2607.197509765625,0.9999139904975891,1.000473976135254,46196508367,18291179016,11229827940,71013728169
2025-06-04,104731.984375,2608.64306640625,0.999763011932373,1.0004349946975708,104731.984375,2608.64306640625,0.999763011932373,1.0004349946975708,105997.6953125,2677.970458984375,1.0000770092010498,1.0008080005645752,104232.703125,2585.73779296875,0.9988719820976257,0.9993669986724854,105434.3671875,2593.482666015625,0.9997779726982117,1.0005569458007812,44544857105,18621211035,8468630531,67119856911
2025-06-05,101575.953125,2416.28564453125,1.00005304813385,1.0005370378494263,101575.953125,2416.28564453125,1.00005304813385,1.0005370378494263,105936.6875,2640.60400390625,1.001438021659851,1.0015820264816284,100436.8828125,2395.753662109375,0.998881995677948,0.9991739988327026,104750.78125,2608.607177734375,0.9998120069503784,1.000499963760376,57479298400,26194462737,12971199685,92185172217
2025-06-06,104390.34375,2477.19482421875,0.9998319745063782,1.0006680488586426,104390.34375,2477.19482421875,0.9998319745063782,1.0006680488586426,105376.7734375,2530.391845703125,1.0010019540786743,1.0016189813613892,101169.5703125,2387.608642578125,0.999396026134491,1.000035047531128,101574.3671875,2416.455078125,1.000148057937622,1.0005730390548706,48856653697,19407449565,10624202500,72405540439
2025-06-07,105615.625,2526.50537109375,0.9998040199279785,1.0005559921264648,105615.625,2526.50537109375,0.9998040199279785,1.0005559921264648,105972.7578125,2543.048828125,1.0004489421844482,1.0013259649276733,103987.3125,2459.13720703125,0.9995610117912292,1.0002490282058716,104390.6484375,2477.183349609375,0.9998180270195007,1.0006849765777588,38365033776,11664303387,5939831750,53104974465
2025-06-08,105793.6484375,2510.787109375,0.9999009966850281,1.0004260540008545,105793.6484375,2510.787109375,0.9999009966850281,1.0004260540008545,106497.0625,2547.467041015625,1.000427007675171,1.0012279748916626,105075.328125,2493.920166015625,0.9994779825210571,0.9999909996986389,105617.5078125,2526.193359375,0.9998310208320618,1.000527024269104,36626232328,12097170203,5642596754,56579422544
2025-06-09,110294.1015625,2681.51708984375,0.9999359846115112,1.0004609823226929,110294.1015625,2681.51708984375,0.9999359846115112,1.0004609823226929,110561.421875,2693.806640625,1.0004719495773315,1.0011919736862183,105400.234375,2479.867919921875,0.9994760155677795,0.999858021736145,105793.0234375,2510.838134765625,0.9999139904975891,1.000440001487732,55903193732,20605172560,11121173460,78229739798
2025-06-10,110257.234375,2813.517578125,0.9998049736022949,1.0000779628753662,110257.234375,2813.517578125,0.9998049736022949,1.0000779628753662,110380.125,2824.80810546875,1.0002089738845825,1.0006870031356812,108367.7109375,2658.67724609375,0.9986109733581543,0.9990299940109253,110295.6875,2681.285400390625,0.9999030232429504,1.0004160404205322,54700101509,35555755055,12534543490,96538967029
2025-06-11,108686.625,2773.529296875,0.9998279809951782,1.0001569986343384,108686.625,2773.529296875,0.9998279809951782,1.0001569986343384,110384.21875,2877.62939453125,1.0002779960632324,1.0006580352783203,108086.328125,2746.4599609375,0.9989780187606812,0.9990389943122864,110261.796875,2813.73974609375,0.9998490214347839,1.0000970363616943,50842662052,30705408054,12114377963,86823756798
2025-06-12,105929.0546875,2651.795166015625,0.9997289776802063,1.0003069639205933,105929.0546875,2651.795166015625,0.9997289776802063,1.0003069639205933,108780.6953125,2784.2626953125,1.0003600120544434,1.000823974609375,105785.6875,2619.966552734375,0.9991139769554138,0.9991059899330139,108685.9140625,2773.597900390625,0.9998289942741394,1.000177025794983,54843867968,25924959613,12038406500,83390494825
2025-06-13,106090.96875,2579.486083984375,0.9997109770774841,1.000290036201477,106090.96875,2579.486083984375,0.9997109770774841,1.000290036201477,106182.546875,2651.91552734375,1.0003629922866821,1.0011420249938965,102822.0234375,2443.962646484375,0.9989140033721924,0.9992949962615967,105924.59375,2651.91552734375,0.9997850060462952,1.0002650022506714,69550440846,37986747138,15711024871,113707726435
2025-06-14,105472.40625,2533.444091796875,0.9999489784240723,1.0004730224609375,105472.40625,2533.444091796875,0.9999489784240723,1.0004730224609375,106203.7578125,2580.158203125,1.0007009506225586,1.0012869834899902,104379.3671875,2491.49072265625,0.9995620250701904,1.0000180006027222,106108.0859375,2579.721435546875,0.9997979998588562,1.000370979309082,38007870453,14285000473,5927291347,49035562806
2025-06-15,105552.0234375,2546.837158203125,0.9998049736022949,1.0000489950180054,105552.0234375,2546.837158203125,0.9998049736022949,1.0000489950180054,106157.1015625,2558.677734375,1.0006259679794312,1.001291036605835,104519.8828125,2493.20458984375,0.999422013759613,0.9999070167541504,105464.84375,2533.183349609375,0.9999030232429504,1.0004260540008545,36744307742,13961893828,6601492165,47283178771
2025-06-16,106796.7578125,2540.60498046875,0.9999340176582336,1.0005040168762207,106796.7578125,2540.60498046875,0.9999340176582336,1.0005040168762207,108915.375,2680.087646484375,1.0009039640426636,1.0010720491409302,104997.625,2517.145263671875,0.9995319843292236,0.9998070001602173,105555.59375,2547.226806640625,0.9998570084571838,1.0001399517059326,50366626945,22792449577,11821030209,81243114660
2025-06-17,104601.1171875,2510.761474609375,0.9999189972877502,1.0002230405807495,104601.1171875,2510.761474609375,0.9999189972877502,1.0002230405807495,107750.1953125,2617.9013671875,1.0006400346755981,1.0010720491409302,103396.53125,2456.64892578125,0.9994450211524963,0.9996690154075623,106794.1171875,2540.314453125,0.9998670220375061,1.0004849433898926,55964092176,25653232897,11930708142,88541509931
2025-06-18,104883.328125,2524.301513671875,0.9998329877853394,1.0002059936523438,104883.328125,2524.301513671875,0.9998329877853394,1.0002059936523438,105581.8515625,2546.62744140625,1.00102698802948,1.0013550519943237,103602.265625,2469.05029296875,0.9991469979286194,0.9994609951972961,104602.0703125,2510.81689453125,0.9999189972877502,1.0002269744873047,47318089133,19873957905,10252994413,72884896811
2025-06-19,104684.2890625,2521.653564453125,0.9998990297317505,1.0001859664916992,104684.2890625,2521.653564453125,0.9998990297317505,1.0001859664916992,105250.890625,2546.76953125,1.0006699562072754,1.0012489557266235,103940.7734375,2486.101806640625,0.9995750188827515,0.9999160170555115,104886.7734375,2524.404052734375,0.9998440146446228,1.0002139806747437,37333806920,12782730709,7012804058,51812908672
2025-06-20,103309.6015625,2407.30419921875,0.9999420046806335,1.0001490116119385,103309.6015625,2407.30419921875,0.9999420046806335,1.0001490116119385,106539.3828125,2569.0146484375,1.0006200075149536,1.0008870363235474,102372.2109375,2371.474365234375,0.9994620084762573,0.9995869994163513,104681.03125,2521.5263671875,0.9998729825019836,1.0001590251922607,50951862476,22592586688,10219555385,75209794639
2025-06-21,102257.40625,2300.49560546875,0.9997220039367676,1.000059962272644,102257.40625,2300.49560546875,0.9997220039367676,1.000059962272644,104015.78125,2448.41162109375,1.0012149810791016,1.001518964767456,100973.0625,2222.8125,0.9994369745254517,0.9992830157279968,103315.078125,2407.34765625,0.9999420046806335,1.0001670122146606,38360555118,16108791762,7263078240,59391042865
2025-06-22,100987.140625,2228.213134765625,0.9998940229415894,1.000251054763794,100987.140625,2228.213134765625,0.9998940229415894,1.000251054763794,103351.6328125,2313.85302734375,1.0011529922485352,1.0020819902420044,98286.203125,2116.681396484375,0.9993929862976074,0.9995229840278625,102212.03125,2298.8427734375,1.0001449584960938,1.0004899501800537,65536997201,28458151601,13027778966,99454507418
2025-06-23,105577.7734375,2421.824951171875,1.0004329681396484,1.0015660524368286,105577.7734375,2421.824951171875,1.0004329681396484,1.0015660524368286,106116.859375,2434.23974609375,1.001183032989502,1.001863956451416,99705.75,2191.418212890625,0.9992619752883911,0.9997829794883728,100987.4765625,2228.484619140625,0.999908983707428,1.0003010034561157,65237759656,26247439429,14686763043,98542704157
2025-06-24,106045.6328125,2448.0087890625,0.9999539852142334,1.0004520416259766,106045.6328125,2448.0087890625,0.9999539852142334,1.0004520416259766,106316.828125,2481.222900390625,1.0008889436721802,1.0017050504684448,104740.2421875,2379.5693359375,0.9994800090789795,0.9999679923057556,105571.515625,2421.83056640625,1.0004379749298096,1.0011850595474243,48822986421,19539047009,11980793061,75707901657
2025-06-25,107361.2578125,2419.310302734375,0.9994300007820129,0.9999799728393555,107361.2578125,2419.310302734375,0.9994300007820129,0.9999799728393555,108168.3984375,2468.677978515625,1.000427007675171,1.001170039176941,105881.390625,2394.607421875,0.99931800365448,0.9997199773788452,106047.40625,2448.7373046875,0.9999319911003113,1.0004509687423706,51624120283,17158118625,9748172042,69356982500
2025-06-26,106960.0,2416.146728515625,0.999767005443573,1.0002130270004272,106960.0,2416.146728515625,0.999767005443573,1.0002130270004272,108305.546875,2519.619873046875,1.0002909898757935,1.000830054283142,106666.3515625,2399.533935546875,0.9992589950561523,0.9996510148048401,107375.0703125,2419.15478515625,0.999642014503479,1.0001660585403442,43891990613,18300413888,9274454781,64207856832
2025-06-27,107088.4296875,2423.866943359375,0.9998660087585449,1.0003290176391602,107088.4296875,2423.866943359375,0.9998660087585449,1.0003290176391602,107772.46875,2463.15478515625,1.0004090070724487,1.0008670091629028,106449.9921875,2386.324951171875,0.9994699954986572,0.999888002872467,106954.921875,2416.023193359375,0.9997000098228455,1.0001410245895386,45353692675,15309834970,8447973357,60543447346
2025-06-28,107327.703125,2437.109375,0.9998340010643005,1.0002490282058716,107327.703125,2437.109375,0.9998340010643005,1.0002490282058716,107567.8828125,2448.191650390625,1.000133991241455,1.00062894821167,106883.9765625,2407.76171875,0.9995959997177124,1.0000189542770386,107090.546875,2423.92529296875,0.9998949766159058,1.000349998474121,30037708335,8273074809,4015558104,36646048715
2025-06-29,108385.5703125,2500.9599609375,0.9998700022697449,1.000270962715149,108385.5703125,2500.9599609375,0.9998700022697449,1.000270962715149,108526.3046875,2523.320556640625,1.0001599788665771,1.0004860162734985,107230.109375,2417.625244140625,0.9994270205497742,0.999705970287323,107327.8203125,2437.11474609375,0.9998350143432617,1.000249981880188,35534874438,12500580479,4981220318,47033153081
2025-06-30,107135.3359375,2486.46435546875,1.0000189542770386,1.000251054763794,107135.3359375,2486.46435546875,1.0000189542770386,1.000251054763794,108798.7890625,2521.720458984375,1.0006569623947144,1.001283049583435,106759.6484375,2438.054931640625,0.9992979764938354,0.9997929930686951,108383.4375,2500.60546875,0.9998990297317505,1.000203013420105,42064804590,16859727663,8876089065,63682675277
2025-07-01,105698.28125,2405.792724609375,0.9998660087585449,1.0001709461212158,105698.28125,2405.792724609375,0.9998660087585449,1.0001709461212158,107550.6796875,2500.591796875,1.0009030103683472,1.0012969970703125,105270.2265625,2389.81591796875,0.9996389746665955,0.9998430013656616,107144.3828125,2486.428466796875,1.000072956085205,1.0002930164337158,44110692247,15025451796,7863372173,61712257961
2025-07-02,108859.3203125,2571.33544921875,0.9998250007629395,1.0004290342330933,108859.3203125,2571.33544921875,0.9998250007629395,1.0004290342330933,109763.65625,2616.78369140625,1.0009440183639526,1.0017590522766113,105157.3984375,2378.3935546875,0.9995729923248291,0.9997770190238953,105703.1015625,2405.857421875,0.9998900294303894,1.0001970529556274,56248657737,22792512025,11124702357,84337260966
2025-07-03,109647.9765625,2591.00732421875,0.9999650120735168,1.000359058380127,109647.9765625,2591.00732421875,0.9999650120735168,1.000359058380127,110541.4609375,2635.192138671875,1.0012990236282349,1.0017160177230835,108605.796875,2558.58251953125,0.9995120167732239,0.9999619722366333,108845.015625,2570.796630859375,0.9998670220375061,1.0003679990768433,50494742270,20873559425,9758263203,74258481190
2025-07-04,108034.3359375,2508.518310546875,1.0000460147857666,1.0003000497817993,108034.3359375,2508.518310546875,1.0000460147857666,1.0003000497817993,109751.984375,2601.11962890625,1.0006580352783203,1.0013090372085571,107296.3828125,2475.7548828125,0.9995179772377014,0.9998239874839783,109635.65625,2590.845703125,0.9998649954795837,1.0002650022506714,42616442656,17222740209,7747270405,61260899527
2025-07-05,108231.1796875,2517.280029296875,0.9999269843101501,1.0002570152282715,108231.1796875,2517.280029296875,0.9999269843101501,1.0002570152282715,108381.34375,2529.84228515625,1.0006719827651978,1.001263976097107,107842.2734375,2489.00244140625,0.9996259808540344,1.0000150203704834,108015.8359375,2508.095947265625,0.9999279975891113,1.000229001045227,30615537520,9289382302,3602760501,36817986895
2025-07-06,109232.0703125,2571.236572265625,0.9999909996986389,1.0002360343933105,109232.0703125,2571.236572265625,0.9999909996986389,1.0002360343933105,109731.625,2603.064697265625,1.0008130073547363,1.001060962677002,107847.015625,2505.370849609375,0.9994000196456909,0.9997029900550842,108231.1875,2517.280029296875,0.9999269843101501,1.0002570152282715,36746020463,13190436110,5146917512,49522300682
2025-07-07,108299.8515625,2543.01318359375,0.9999359846115112,1.000033974647522,108299.8515625,2543.01318359375,0.9999359846115112,1.000033974647522,109710.25,2589.324951171875,1.00108003616333,1.001384973526001,107527.0546875,2517.903564453125,0.9993849992752075,0.9994019865989685,109235.328125,2571.395263671875,1.000012993812561,1.0002470016479492,45415696597,18440266947,8541090307,61718401347
2025-07-08,108950.2734375,2615.505859375,0.9999399781227112,1.0002130270004272,108950.2734375,2615.505859375,0.9999399781227112,1.0002130270004272,109198.96875,2626.66455078125,1.0009560585021973,1.0014469623565674,107499.5546875,2525.437744140625,0.9994969964027405,0.9995840191841125,108298.2265625,2542.97265625,0.9999189972877502,1.0000089406967163,44282204127,17537487206,8584432861,61978988726
2025-07-09,111326.5546875,2770.777587890625,1.000182032585144,1.0005320310592651,111326.5546875,2770.777587890625,1.000182032585144,1.0005320310592651,111925.375,2794.5185546875,1.0011440515518188,1.0013560056686401,108357.6796875,2591.947021484375,0.9995560050010681,0.9996709823608398,108950.2734375,2615.505859375,0.9999399781227112,1.0002130270004272,57927418065,27229452849,11342438464,89310464799
2025-07-10,115987.203125,2954.84521484375,0.9998649954795837,1.000020980834961,115987.203125,2954.84521484375,0.9998649954795837,1.000020980834961,116608.78125,2995.152099609375,1.000769019126892,1.001291036605835,110660.75,2757.2666015625,0.998291015625,0.9989190101623535,111329.1953125,2770.7373046875,1.000182032585144,1.0005580186843872,95911605728,33929201261,15815857771,118583636419
2025-07-11,117516.9921875,2957.88623046875,0.9994400143623352,0.999862015247345,117516.9921875,2957.88623046875,0.9994400143623352,0.999862015247345,118856.4765625,3038.14111328125,1.00033700466156,1.0006710290908813,115245.6875,2916.95654296875,0.9987229704856873,0.9990350008010864,115986.234375,2954.832763671875,0.9998689889907837,1.0000439882278442,86928361085,36226558863,18217653749,149421606856
2025-07-12,117435.2265625,2942.91162109375,0.9999560117721558,1.0002820491790771,117435.2265625,2942.91162109375,0.9999560117721558,1.0002820491790771,118219.8984375,2979.780029296875,1.0005500316619873,1.0008900165557861,116977.0234375,2907.193603515625,0.9990339875221252,0.9991179704666138,117530.7109375,2958.333740234375,0.9996370077133179,0.9999539852142334,45524560304,16317198254,8994227812,78220719514
2025-07-13,119116.1171875,2973.35888671875,0.9999600052833557,1.0003859996795654,119116.1171875,2973.35888671875,0.9999600052833557,1.0003859996795654,119449.5703125,3016.3935546875,1.000385046005249,1.0007020235061646,117265.4375,2938.736572265625,0.9983429908752441,0.9987210035324097,117432.203125,2942.853515625,0.9998959898948669,1.0002570152282715,49021091807,17361753131,8461787677,79087285413
2025-07-14,119849.703125,3013.350830078125,0.9998440146446228,1.0000239610671997,119849.703125,3013.350830078125,0.9998440146446228,1.0000239610671997,123091.609375,3079.985595703125,1.0003989934921265,1.0006409883499146,118959.1953125,2965.32373046875,0.9987789988517761,0.9990720152854919,119115.7890625,2973.22509765625,0.9999790191650391,1.0004019737243652,181746419401,36349290556,17800069673,139888129017
2025-07-15,117777.1875,3139.8896484375,0.9999380111694336,1.0000770092010498,117777.1875,3139.8896484375,0.9999380111694336,1.0000770092010498,119935.5625,3142.42724609375,1.0007610321044922,1.0009039640426636,115765.6875,2934.371337890625,0.9991070032119751,0.9994500279426575,119853.8515625,3013.29345703125,0.9998729825019836,1.0000449419021606,98321661181,39013656112,18602272527,147110595931
2025-07-16,118738.5078125,3371.5068359375,0.9999099969863892,1.0004160404205322,118738.5078125,3371.5068359375,0.9999099969863892,1.0004160404205322,120065.515625,3422.60302734375,1.0006279945373535,1.000923991203308,117064.8203125,3102.477783203125,0.9996079802513123,0.999675989151001,117777.1875,3139.8896484375,0.9999380111694336,1.0000770092010498,72162029070,46771354461,17506051651,136735817796
2025-07-17,119289.84375,3476.784423828125,1.0000100135803223,1.0006929636001587,119289.84375,3476.784423828125,1.0000100135803223,1.0006929636001587,120999.609375,3521.685302734375,1.000216007232666,1.00096595287323,117508.21875,3315.9990234375,0.9993669986724854,0.999530017375946,118738.5078125,3371.5068359375,0.9999099969863892,1.0004160404205322,72363841798,47532846793,21906138430,145287866633
2025-07-18,118003.2265625,3549.016357421875,0.9999309778213501,1.000627040863037,118003.2265625,3549.016357421875,0.9999309778213501,1.000627040863037,120851.9140625,3674.855224609375,1.0008399486541748,1.001675009727478,116925.984375,3463.38623046875,0.9995530247688293,1.0001399517059326,119284.109375,3476.1240234375,0.9999759793281555,1.0007050037384033,77945799785,59198465810,26908573486,171391095397
2025-07-19,117939.9765625,3595.273681640625,0.9999070167541504,1.0004709959030151,117939.9765625,3595.273681640625,0.9999070167541504,1.0004709959030151,118541.3984375,3608.275634765625,1.000167965888977,1.000836968421936,117388.4140625,3512.97314453125,0.9994419813156128,0.9998649954795837,117998.125,3548.926025390625,0.9999120235443115,1.000614047050476,47564562765,26031719746,11628426139,84555363504
2025-07-20,117300.7890625,3759.471435546875,0.9998160004615784,1.0002169609069824,117300.7890625,3759.471435546875,0.9998160004615784,1.0002169609069824,118865.03125,3819.398681640625,1.0002650022506714,1.000831961631775,116550.1328125,3582.349609375,0.9993690252304077,0.9997929930686951,117944.109375,3595.240478515625,0.9999120235443115,1.0004620552062988,57515447231,44600451066,16253482798,121220271115
2025-07-21,117439.5390625,3763.371337890625,0.9998210072517395,1.000298023223877,117439.5390625,3763.371337890625,0.9998210072517395,1.000298023223877,119671.5625,3856.76708984375,1.0003679990768433,1.0008440017700195,116584.3984375,3705.353759765625,0.9993370175361633,0.9998369812965393,117306.46875,3758.920654296875,0.9998859763145447,1.0002939701080322,69820091744,42611467663,16532954256,142526085980
2025-07-22,119995.4140625,3749.1455078125,0.9998070001602173,1.000270962715149,119995.4140625,3749.1455078125,0.9998070001602173,1.000270962715149,120269.96875,3798.100341796875,1.0003910064697266,1.0008889436721802,116233.2265625,3624.140380859375,0.9994469881057739,0.9997900128364563,117426.5,3762.882080078125,0.9997580051422119,1.0002700090408325,79217583118,45248868820,17095427045,152807165273
2025-07-23,118754.9609375,3629.70361328125,0.9998469948768616,1.0004429817199707,118754.9609375,3629.70361328125,0.9998469948768616,1.0004429817199707,120113.3515625,3765.0263671875,1.0007179975509644,1.0012949705123901,117391.390625,3532.8564453125,0.9995549917221069,0.9999060034751892,119997.4453125,3749.238525390625,0.9998270273208618,1.0002989768981934,66608604537,41283228953,16808656532,141784375073
2025-07-24,118368.0,3708.005615234375,1.0000799894332886,1.0006940364837646,118368.0,3708.005615234375,1.0000799894332886,1.0006940364837646,119535.453125,3771.381591796875,1.000851035118103,1.0014549493789673,117247.96875,3514.999267578125,0.9995959997177124,1.000154972076416,118770.984375,3629.731689453125,0.9998800158500671,1.0004030466079712,72627318560,40377960354,15424381497,140278466992
2025-07-25,117635.8828125,3727.266845703125,0.9999009966850281,1.0001959800720215,117635.8828125,3727.266845703125,0.9999009966850281,1.0001959800720215,118486.9765625,3744.820068359375,1.0007740259170532,1.0010889768600464,114759.8203125,3579.962890625,0.9993870258331299,0.9995250105857849,118368.0,3708.005615234375,1.0000799894332886,1.0006940364837646,104857024569,42264509577,18063900377,160666344286
2025-07-26,117947.3671875,3741.39599609375,1.0000040531158447,1.0003559589385986,117947.3671875,3741.39599609375,1.0000040531158447,1.0003559589385986,118335.6875,3789.789794921875,1.0005910396575928,1.001075029373169,117181.2265625,3702.774169921875,0.999625027179718,0.9998199939727783,117644.84375,3727.2373046875,0.9999589920043945,1.0002349615097046,48508954046,24635287361,8378511168,81395777919
2025-07-27,119448.4921875,3875.24658203125,0.9997910261154175,1.0002609491348267,119448.4921875,3875.24658203125,0.9997910261154175,1.0002609491348267,119815.59375,3876.93359375,1.000641942024231,1.0011459589004517,117859.6875,3733.681640625,0.9994570016860962,0.9998589754104614,117944.7265625,3741.25732421875,0.9999799728393555,1.000357985496521,54683390892,28897450394,10077840035,93779072985
2025-07-28,117924.4765625,3787.42578125,0.9998310208320618,1.0000560283660889,117924.4765625,3787.42578125,0.9998310208320618,1.0000560283660889,119819.7890625,3940.652099609375,1.0009039640426636,1.0013339519500732,117441.4375,3756.515869140625,0.9993820190429688,0.9996089935302734,119457.5234375,3875.255859375,0.9998390078544617,1.0002880096435547,64822943193,35831336149,14882841056,122494776913
2025-07-29,117922.1484375,3793.454833984375,0.9998049736022949,0.9998059868812561,117922.1484375,3793.454833984375,0.9998049736022949,0.9998059868812561,119273.8671875,3883.997802734375,1.0018559694290161,1.001479983329773,116987.3671875,3716.88330078125,0.9993810057640076,0.999426007270813,117938.5859375,3788.319580078125,0.999813973903656,1.0000159740447998,68463107433,35540435995,14152832124,119233565102
2025-07-30,117831.1875,3808.20166015625,0.9998630285263062,0.9999549984931946,117831.1875,3808.20166015625,0.9998630285263062,0.9999549984931946,118780.7265625,3832.884033203125,1.001188039779663,1.0013279914855957,115800.828125,3683.14453125,0.9993669986724854,0.9994270205497742,117921.9921875,3793.58251953125,0.9998329877853394,0.9998419880867004,68896148592,34392494235,14423286074,117065539789
2025-07-31,115758.203125,3696.707763671875,1.0000319480895996,0.9999570250511169,115758.203125,3696.707763671875,1.0000319480895996,0.9999570250511169,118919.984375,3877.47021484375,1.0010379552841187,1.0013949871063232,115505.21875,3685.004150390625,0.9995589852333069,0.9995070099830627,117833.6328125,3808.24609375,0.9998639822006226,0.9999619722366333,69370346018,32839839444,13445008332,115507997580
2025-08-01,113320.0859375,3488.365966796875,0.9997889995574951,0.9994699954986572,113320.0859375,3488.365966796875,0.9997889995574951,0.9994699954986572,116060.7734375,3722.585693359375,1.0010720491409302,1.0013179779052734,112724.4453125,3432.3798828125,0.9992020130157471,0.9989320039749146,115738.953125,3696.144287109375,1.0000120401382446,0.999809980392456,91294530181,46261558200,19199023766,149264878937
2025-08-02,112526.9140625,3392.7412109375,0.9998229742050171,0.9996669888496399,112526.9140625,3392.7412109375,0.9998229742050171,0.9996669888496399,114021.6015625,3535.558837890625,1.0009980201721191,1.001328945159912,112005.765625,3370.943115234375,0.9994860291481018,0.9993550181388855,113320.390625,3487.956787109375,0.999705970287323,0.9993889927864075,56870866000,30165065282,10038466860,90832324897
2025-08-03,114217.671875,3497.379150390625,0.9998360276222229,1.0000499486923218,114217.671875,3497.379150390625,0.9998360276222229,1.0000499486923218,114747.421875,3520.831298828125,1.0007810592651367,1.001466989517212,111943.8046875,3357.93896484375,0.9995480179786682,0.9994289875030518,112525.8046875,3392.744384765625,0.9998199939727783,0.9996809959411621,48099615826,19363593865,8058008600,68628703726
2025-08-04,115071.8828125,3718.986083984375,0.9998130202293396,0.9998930096626282,115071.8828125,3718.986083984375,0.9998130202293396,0.9998930096626282,115729.46875,3734.9775390625,1.0006890296936035,1.0010299682617188,114130.40625,3491.554931640625,0.9994570016860962,0.9996370077133179,114223.921875,3497.613037109375,0.9999380111694336,1.0001180171966553,35783028986,30905749658,12059949389,94254451380
2025-08-05,114141.4453125,3611.8994140625,0.9998689889907837,0.9998720288276672,114141.4453125,3611.8994140625,0.9998689889907837,0.9998720288276672,115117.4375,3720.656494140625,1.0005830526351929,1.0007729530334473,112701.109375,3547.62109375,0.9993690252304077,0.9994639754295349,115072.1875,3719.81787109375,0.9998469948768616,0.9999150037765503,61039182286,32778742296,12482917549,100233404863
2025-08-06,115028.0,3683.920654296875,0.9999139904975891,1.0001959800720215,115028.0,3683.920654296875,0.9999139904975891,1.0001959800720215,115737.8359375,3698.124755859375,1.0007580518722534,1.0010700225830078,113372.25,3567.095947265625,0.9994660019874573,0.9995080232620239,114140.9140625,3612.038818359375,0.9999020099639893,0.9999169707298279,56379133510,26924415763,10916165114,86168507038
2025-08-07,117496.8984375,3914.325927734375,0.9998459815979004,1.0002870559692383,117496.8984375,3914.325927734375,0.9998459815979004,1.0002870559692383,117676.90625,3926.204345703125,1.0005559921264648,1.001373052597046,114279.7109375,3650.365966796875,0.9994300007820129,0.9998030066490173,115030.0546875,3684.06201171875,0.9998930096626282,1.0001920461654663,64051649681,38627826066,14119800391,113750272695
2025-08-08,116688.7265625,4009.848876953125,0.9998229742050171,1.0000909566879272,116688.7265625,4009.848876953125,0.9998229742050171,1.0000909566879272,117689.203125,4068.84765625,1.0008469820022583,1.001492977142334,115917.4609375,3882.443115234375,0.9992949962615967,0.9997280240058899,117505.5,3914.110595703125,0.9998660087585449,1.0002939701080322,59713005166,45460293892,15080567440,120123758457
2025-08-09,116500.359375,4263.59912109375,0.9999489784240723,1.0002690553665161,116500.359375,4263.59912109375,0.9999489784240723,1.0002690553665161,117906.609375,4323.76123046875,1.0005229711532593,1.0010089874267578,116363.8359375,4007.709228515625,0.9995279908180237,0.9998180270195007,116678.2734375,4009.150634765625,0.999783992767334,1.0000289678573608,54004312429,45279715746,11707660629,109112430637
2025-08-10,119306.7578125,4254.2177734375,0.9999240040779114,1.000251054763794,119306.7578125,4254.2177734375,0.9999240040779114,1.000251054763794,119320.7109375,4332.21044921875,1.0005019903182983,1.0008430480957031,116485.1640625,4163.9404296875,0.9994120001792908,0.999750018119812,116497.71875,4263.552734375,0.9998840093612671,1.0002540349960327,64755458694,36173931367,12193306382,110258257943
2025-08-11,118731.4453125,4226.966796875,1.000082015991211,1.0002909898757935,118731.4453125,4226.966796875,1.000082015991211,1.0002909898757935,122321.09375,4362.0927734375,1.0007139444351196,1.0009570121765137,118159.03125,4168.875,0.9994720220565796,0.9994639754295349,119306.8125,4254.2314453125,0.9999240040779114,1.0002520084381104,90528784177,49989853803,18732918004,153631931263
2025-08-12,120172.90625,4590.9248046875,0.999796986579895,0.9998049736022949,120172.90625,4590.9248046875,0.999796986579895,0.9998049736022949,120302.46875,4634.05517578125,1.0006769895553589,1.000764012336731,118228.71875,4222.3623046875,0.9993829727172852,0.9993900060653687,118717.6640625,4227.20703125,0.9998890161514282,1.0002679824829102,72803657984,57237189036,20558939449,145454707320
2025-08-13,123344.0625,4756.27587890625,0.9998670220375061,1.000357985496521,123344.0625,4756.27587890625,0.9998670220375061,1.000357985496521,123682.453125,4784.6689453125,1.0002059936523438,1.0007450580596924,118939.6328125,4566.23876953125,0.9988409876823425,0.9987499713897705,120168.9765625,4590.65771484375,0.9997869729995728,0.9998030066490173,90904808795,62550014642,22930563658,176174405839
2025-08-14,118359.578125,4548.16650390625,0.9998630285263062,1.0006519556045532,118359.578125,4548.16650390625,0.9998630285263062,1.0006519556045532,124457.1171875,4788.5517578125,1.000538945198059,1.0012110471725464,117254.8828125,4461.28173828125,0.998528003692627,0.9990159869194031,123339.3984375,4756.04345703125,0.9998329877853394,1.0003149509429932,104055627395,75681632806,29102475004,209961673553
2025-08-15,117398.3515625,4439.98876953125,0.9999039769172668,1.0006330013275146,117398.3515625,4439.98876953125,0.9999039769172668,1.0006330013275146,119332.3125,4667.72998046875,1.0006569623947144,1.0014280080795288,116864.5703125,4375.54541015625,0.9993489980697632,0.9999250173568726,118365.78125,4549.07568359375,0.9999439716339111,1.0007590055465698,68665353159,55445715824,20681294602,136081976828
2025-08-16,117491.3515625,4426.18017578125,0.9999390244483948,1.0006309747695923,117491.3515625,4426.18017578125,0.9999390244483948,1.0006309747695923,117996.0625,4493.1494140625,1.0007230043411255,1.0017019510269165,117271.953125,4379.16455078125,0.9996280074119568,1.0004160404205322,117398.421875,4439.998046875,0.999891996383667,1.000622034072876,48036922378,26816931514,10123245722,78429925390
2025-08-17,117453.0625,4473.271484375,0.99993497133255,1.0006550550460815,117453.0625,4473.271484375,0.99993497133255,1.0006550550460815,118595.7734375,4575.87646484375,1.0006279945373535,1.0013099908828735,117279.5234375,4400.71337890625,0.9996849894523621,1.0002490282058716,117492.7890625,4426.259765625,0.9999210238456726,1.000627040863037,45852169525,31348101438,10186621236,84634710709
2025-08-18,116252.3125,4312.5048828125,0.9999099969863892,1.0004750490188599,116252.3125,4312.5048828125,0.9999099969863892,1.0004750490188599,117614.171875,4484.009765625,1.000851035118103,1.0015629529953003,114723.6796875,4229.3798828125,0.9992820024490356,0.9999390244483948,117453.90625,4473.33056640625,0.9999420046806335,1.0006159543991089,72787808090,53518423360,18143039597,135590930861
2025-08-19,112831.1796875,4073.464111328125,1.000195026397705,1.0002080202102661,112831.1796875,4073.464111328125,1.000195026397705,1.0002080202102661,116764.5,4355.0751953125,1.000938057899475,1.0016369819641113,112730.3984375,4070.535400390625,0.9994850158691406,0.9996110200881958,116241.859375,4312.5302734375,0.9999099969863892,1.000411033630371,71657600353,50440367102,18271587874,133667632358
2025-08-20,114274.7421875,4334.50048828125,0.9998189806938171,1.000054955482483,114274.7421875,4334.50048828125,0.9998189806938171,1.000054955482483,114625.796875,4376.78955078125,1.0011329650878906,1.001592993736267,112387.9609375,4064.965087890625,0.9994540214538574,0.9995260238647461,112828.0234375,4073.168212890625,1.000156044960022,1.0001280307769775,67993811526,49577862965,17516160087,128830738720
2025-08-21,112419.03125,4223.2099609375,0.9997100234031677,0.9996449947357178,112419.03125,4223.2099609375,0.9997100234031677,0.9996449947357178,114802.6484375,4338.826171875,1.0009750127792358,1.0008790493011475,111986.234375,4205.77685546875,0.9991250038146973,0.9994590282440186,114275.6875,4334.5673828125,0.9998260140419006,1.00006902217865,57817883700,33618359942,13587141721,99705745364
2025-08-22,116874.0859375,4831.3486328125,0.9998229742050171,0.9997140169143677,116874.0859375,4831.3486328125,0.9998229742050171,0.9997140169143677,117377.3984375,4884.22802734375,1.001723051071167,1.0018160343170166,111678.9453125,4209.47216796875,0.9986839890480042,0.999064028263092,112433.734375,4223.73095703125,0.9997490048408508,0.9997299909591675,82528088240,75965521535,23347410779,177968789836
2025-08-23,115374.328125,4776.09033203125,0.9999780058860779,0.9995710253715515,115374.328125,4776.09033203125,0.9999780058860779,0.9995710253715515,116996.25,4831.61083984375,1.0007959604263306,1.000702977180481,114536.109375,4669.72509765625,0.9992600083351135,0.9992520213127136,116866.3671875,4831.08837890625,0.9998210072517395,0.9996780157089233,55377142586,36503623278,12118973017,106830359561
2025-08-24,113458.4296875,4779.6474609375,0.9997850060462952,0.9998869895935059,113458.4296875,4779.6474609375,0.9997850060462952,0.9998869895935059,115615.0859375,4953.73291015625,1.0018370151519775,1.0018359422683716,111060.546875,4714.47265625,0.999180018901825,0.9989140033721924,115387.390625,4776.70458984375,1.0000519752502441,0.9996650218963623,73961489632,52405003873,18928901669,144846575399
2025-08-25,110124.3515625,4372.98779296875,0.999871015548706,1.0001230239868164,110124.3515625,4372.98779296875,0.999871015548706,1.0001230239868164,113637.84375,4796.35009765625,1.001418948173523,1.0017629861831665,109324.28125,4343.947265625,0.9993029832839966,0.99931800365448,113456.8984375,4779.76953125,0.9998689889907837,0.9998720288276672,85706860190,63936163545,22563572014,168636919245
2025-08-26,111802.65625,4600.4267578125,1.0000189542770386,1.0003160238265991,111802.65625,4600.4267578125,1.0000189542770386,1.0003160238265991,112397.015625,4632.0732421875,1.0017130374908447,1.0022059679031372,108762.0390625,4316.30078125,0.9993000030517578,0.9994710087776184,110124.1015625,4372.88037109375,0.9998509883880615,1.000095009803772,69396320317,53829747706,19383954606,138436111431
2025-08-27,111222.0625,4503.39306640625,0.9999889731407166,1.0000590085983276,111222.0625,4503.39306640625,0.9999889731407166,1.0000590085983276,112619.4140625,4659.9873046875,1.0014179944992065,1.002066969871521,110398.265625,4489.2978515625,0.9993799924850464,0.9995859861373901,111795.7109375,4600.51025390625,1.0000029802322388,1.0002720355987549,62137056409,43509902322,18664613785,120312328281
2025-08-28,112544.8046875,4507.177734375,0.9999960064888,1.0000410079956055,112544.8046875,4507.177734375,0.9999960064888,1.0000410079956055,113450.078125,4629.03125,1.0014630556106567,1.0016080141067505,110900.921875,4435.109375,0.9993069767951965,0.9996060132980347,111219.0546875,4503.63134765625,0.9999880194664001,0.9999629855155945,58860155962,36045274078,15359022661,110437549759
2025-08-29,108410.8359375,4360.15283203125,0.9999139904975891,1.0001460313796997,108410.8359375,4360.15283203125,0.9999139904975891,1.0001460313796997,112619.0546875,4513.859375,1.0011789798736572,1.0018279552459717,107559.625,4272.45947265625,0.9991840124130249,0.9992960095405579,112550.5234375,4507.63134765625,0.9999549984931946,1.0000669956207275,77843379644,46899991962,20747617894,142155878479
2025-08-30,108808.0703125,4374.1533203125,0.9998149871826172,1.0000569820404053,108808.0703125,4374.1533203125,0.9998149871826172,1.0000569820404053,108929.3515625,4413.27490234375,1.001147985458374,1.0013090372085571,107444.4453125,4264.1953125,0.9994310140609741,0.99965500831604,108409.40625,4360.0888671875,0.9998909831047058,1.0001469850540161,51486264208,25883112278,9549055113,82307848032
2025-08-31,108236.7109375,4390.01904296875,0.9997900128364563,1.000059962272644,108236.7109375,4390.01904296875,0.9997900128364563,1.000059962272644,109491.0,4497.1767578125,1.000715970993042,1.000954031944275,108104.65625,4373.5966796875,0.9994040131568909,0.9997509717941284,108818.4609375,4374.8935546875,0.9998720288276672,1.0001989603042603,47986191770,26683044984,9422306318,81269306867
2025-09-01,109250.59375,4314.47021484375,0.999904990196228,1.000046968460083,109250.59375,4314.47021484375,0.999904990196228,1.000046968460083,109890.5859375,4490.3466796875,1.0009839534759521,1.0012609958648682,107271.1796875,4221.24755859375,0.9991229772567749,0.9995250105857849,108228.75,4389.6259765625,0.9997159838676453,0.9999560117721558,66870372995,37530746508,17089848528,122614755607
2025-09-02,111200.5859375,4325.36572265625,0.9998649954795837,0.9999970197677612,111200.5859375,4325.36572265625,0.9998649954795837,0.9999970197677612,111748.015625,4414.93408203125,1.001109004020691,1.0013320446014404,108454.03125,4260.45947265625,0.9992889761924744,0.9997000098228455,109243.0703125,4314.39111328125,0.9998369812965393,0.9999279975891113,74776999491,39884692334,16704202079,125812940916
2025-09-03,111723.2109375,4450.38916015625,1.000033974647522,1.0005710124969482,111723.2109375,4450.38916015625,1.000033974647522,1.0005710124969482,112600.2265625,4489.19873046875,1.0010169744491577,1.0015530586242676,110582.9609375,4286.2060546875,0.9995229840278625,0.9997699856758118,111190.6953125,4324.6962890625,0.9998059868812561,0.9999279975891113,61119643565,35260873497,13147418934,106189144879
2025-09-04,110723.6015625,4298.744140625,0.9998940229415894,1.0003060102462769,110723.6015625,4298.744140625,0.9998940229415894,1.0003060102462769,112208.328125,4483.451171875,1.0008610486984253,1.001513957977295,109347.2265625,4268.5888671875,0.999334990978241,0.9998459815979004,111718.1484375,4450.2158203125,0.9999909996986389,1.0005580186843872,60131132901,34919798552,12609800924,102212994424
2025-09-05,110650.984375,4306.98876953125,0.9998390078544617,0.9999499917030334,110650.984375,4306.98876953125,0.9998390078544617,0.9999499917030334,113357.4921875,4484.361328125,1.0010809898376465,1.0016380548477173,110233.3984375,4258.0498046875,0.9992740154266357,0.9996430277824402,110723.015625,4298.8369140625,0.9999189972877502,1.0002830028533936,60241647677,44163736676,17107891795,132146186478
2025-09-06,110224.6953125,4274.2421875,0.9998540282249451,1.0002219676971436,110224.6953125,4274.2421875,0.9998540282249451,1.0002219676971436,111275.015625,4327.43994140625,1.0007760524749756,1.0009570121765137,110024.0859375,4244.7548828125,0.9992169737815857,0.9993090033531189,110650.5703125,4306.97314453125,0.9998340010643005,0.9999499917030334,21500719036,18108246446,5985125337,63681768081
2025-09-07,111167.6171875,4305.34765625,1.00006902217865,1.0000929832458496,111167.6171875,4305.34765625,1.00006902217865,1.0000929832458496,111591.078125,4334.2744140625,1.000506043434143,1.0006970167160034,110211.625,4271.5341796875,0.9994739890098572,0.9996060132980347,110221.328125,4274.1669921875,0.9998369812965393,1.0002110004425049,24618007520,17426783536,6648281705,70719934554
2025-09-08,112071.4296875,4308.072265625,0.999809980392456,0.9999060034751892,112071.4296875,4308.072265625,0.999809980392456,0.9999060034751892,112869.234375,4381.27490234375,1.0004539489746094,1.0008209943771362,110630.609375,4279.97216796875,0.9992979764938354,0.9994670152664185,111163.015625,4305.38134765625,1.0000029802322388,1.0000959634780884,40212813407,32277142378,13550807567,114790407663
2025-09-09,111530.546875,4309.04150390625,0.9998869895935059,1.0000649690628052,111530.546875,4309.04150390625,0.9998869895935059,1.0000649690628052,113225.4375,4381.2265625,1.000201940536499,1.000383973121643,110776.703125,4277.85302734375,0.9992679953575134,0.9994120001792908,112077.578125,4308.283203125,0.9998559951782227,0.9999679923057556,45984480722,30703320925,14130609482,124541484302
2025-09-10,113955.359375,4349.14599609375,0.9998490214347839,1.0001380443572998,113955.359375,4349.14599609375,0.9998490214347839,1.0001380443572998,114275.25,4450.41796875,1.0006589889526367,1.0008779764175415,110940.078125,4286.0625,0.9992640018463135,0.9996680021286011,111531.25,4309.091796875,0.9998909831047058,1.0000710487365723,56377473784,39521365146,15333630537,133101421364
2025-09-11,115507.5390625,4461.2333984375,0.9997580051422119,1.0002659559249878,115507.5390625,4461.2333984375,0.9997580051422119,1.0002659559249878,115522.546875,4471.69873046875,1.0001779794692993,1.0005940198898315,113453.8359375,4339.716796875,0.9990770220756531,0.9994509816169739,113961.4296875,4349.2001953125,0.9997810125350952,1.0000929832458496,45685065332,35959212991,15710414378,121507255807
2025-09-12,116101.578125,4715.24609375,0.9997820258140564,1.0006179809570312,116101.578125,4715.24609375,0.9997820258140564,1.0006179809570312,116769.3828125,4734.27392578125,1.000223994255066,1.001188039779663,114794.484375,4453.28466796875,0.9990599751472473,0.9993860125541687,115507.7890625,4461.4794921875,0.9997479915618896,1.0002700090408325,54785725894,43839753626,19459637605,141338448172
2025-09-13,115950.5078125,4668.1796875,0.9996489882469177,1.000319004058838,115950.5078125,4668.1796875,0.9996489882469177,1.000319004058838,116334.6328125,4763.361328125,1.0001089572906494,1.0007829666137695,115248.2734375,4609.12548828125,0.9990620017051697,0.9995989799499512,116093.5625,4714.70361328125,0.9997010231018066,1.0005489587783813,34549454947,34843845977,13143947641,119042646333
2025-09-14,115407.65625,4609.59765625,1.0000330209732056,1.0005279779434204,115407.65625,4609.59765625,1.0000330209732056,1.0005279779434204,116181.5,4690.64208984375,1.0003609657287598,1.0008779764175415,115222.3984375,4581.84716796875,0.9991610050201416,0.9997529983520508,115950.2890625,4668.17138671875,0.9996479749679565,1.0003160238265991,32798036057,28394160275,12869800872,105982674402
2025-09-15,115444.875,4526.8203125,0.9999859929084778,1.0003299713134766,115444.875,4526.8203125,0.9999859929084778,1.0003299713134766,116747.8828125,4670.5302734375,1.0008749961853027,1.0012660026550293,114461.0625,4469.861328125,0.9993039965629578,0.9998260140419006,115399.6328125,4609.72314453125,0.9999639987945557,1.0005179643630981,52937859416,40224062009,17113358551,139213508847
2025-09-16,116843.1875,4503.564453125,1.000169038772583,1.0004240274429321,116843.1875,4503.564453125,1.000169038772583,1.0004240274429321,117005.2734375,4537.599609375,1.0006940364837646,1.0010700225830078,114813.09375,4428.330078125,0.999439001083374,0.999875009059906,115423.7578125,4526.078125,0.9998810291290283,1.0002750158309937,45781744593,32761501436,14448278591,116631704617
2025-09-17,116468.5078125,4592.7333984375,0.9999030232429504,1.0004500150680542,116468.5078125,4592.7333984375,0.9999030232429504,1.0004500150680542,117328.609375,4617.23486328125,1.0015009641647339,1.0017410516738892,114794.9765625,4429.64453125,0.9993069767951965,0.9996449947357178,116840.5078125,4503.6357421875,1.0001959800720215,1.0005509853363037,60528025996,44120899417,24465422204,154274220391
2025-09-18,117137.203125,4589.9189453125,0.9997040033340454,1.0001269578933716,117137.203125,4589.9189453125,0.9997040033340454,1.0001269578933716,117911.7890625,4643.97265625,1.0004359483718872,1.0007539987564087,116188.796875,4556.27001953125,0.9994069933891296,0.9998859763145447,116461.265625,4592.44287109375,0.999879002571106,1.0003960132598877,49457272032,33497259158,27483010208,142240779824
2025-09-19,115688.859375,4470.9169921875,0.9998930096626282,1.0005459785461426,115688.859375,4470.9169921875,0.9998930096626282,1.0005459785461426,117479.7578125,4620.79296875,1.000501036643982,1.0011910200119019,115141.8203125,4443.2646484375,0.9993600249290466,0.9999300241470337,117137.671875,4589.505859375,0.9995920062065125,1.0001989603042603,38828473971,30352619653,12775678194,112173044138
2025-09-20,115721.9609375,4482.265625,0.9997270107269287,1.0003759860992432,115721.9609375,4482.265625,0.9997270107269287,1.0003759860992432,116191.1484375,4509.81201171875,1.0006040334701538,1.0012249946594238,115473.5234375,4459.1591796875,0.9993910193443298,1.0002330541610718,115691.125,4470.978515625,0.9999589920043945,1.000566005706787,22864449614,18056494322,8885529948,78464789723
2025-09-21,115306.09375,4451.3291015625,0.9997990131378174,1.0004229545593262,115306.09375,4451.3291015625,0.9997990131378174,1.0004229545593262,115901.0859375,4499.38916015625,1.0009469985961914,1.0017650127410889,115252.578125,4447.119140625,0.9994170069694519,1.0001989603042603,115730.2265625,4482.583984375,0.9997559785842896,1.0004040002822876,22495852193,19330306133,9451899160,84579518480
2025-09-22,112748.5078125,4202.87744140625,0.9999819993972778,1.0009779930114746,112748.5078125,4202.87744140625,0.9999819993972778,1.0009779930114746,115431.3125,4457.08251953125,1.0010030269622803,1.0016709566116333,112037.6484375,4092.396728515625,0.9994210004806519,1.0001499652862549,115309.21875,4451.58056640625,0.9998210072517395,1.0004509687423706,70684158591,58221334533,24334552459,192241730378
2025-09-23,112014.5,4165.50390625,0.9996820092201233,1.0001620054244995,112014.5,4165.50390625,0.9996820092201233,1.0001620054244995,113351.9140625,4227.7314453125,1.000627040863037,1.0015870332717896,111535.5703125,4120.8154296875,0.9993669986724854,0.9998649954795837,112757.4765625,4203.021484375,0.9998530149459839,1.001054048538208,47211853279,32460075911,17131156895,129756252249
2025-09-24,113328.6328125,4153.46923828125,0.9996939897537231,1.000264048576355,113328.6328125,4153.46923828125,0.9996939897537231,1.000264048576355,113986.2734375,4206.90185546875,1.0008490085601807,1.0016369819641113,111229.640625,4081.34765625,0.999305009841919,0.9998120069503784,112007.6640625,4165.41259765625,0.9996629953384399,1.0001620054244995,48044595085,33538388785,15374932240,127933462579
2025-09-25,109049.2890625,3868.333984375,1.0000159740447998,1.0004709959030151,109049.2890625,3868.333984375,1.0000159740447998,1.0004709959030151,113541.0859375,4162.0625,1.0012470483779907,1.0021090507507324,108713.3984375,3829.0107421875,0.9992449879646301,0.9996479749679565,113330.1640625,4153.52099609375,0.9996979832649231,1.0002670288085938,75528654284,68963092031,26930517234,201897993979
2025-09-26,109712.828125,4035.887939453125,0.9997479915618896,1.0004780292510986,109712.828125,4035.887939453125,0.9997479915618896,1.0004780292510986,110359.1953125,4069.168701171875,1.000844955444336,1.0016249418258667,108728.9765625,3868.43359375,0.99925297498703,1.0000430345535278,109041.296875,3868.69091796875,0.9999300241470337,1.00040602684021,57738288949,47873508328,19578086528,154341516007
2025-09-27,109681.9453125,4018.658203125,0.9998300075531006,1.0004600286483765,109681.9453125,4018.658203125,0.9998300075531006,1.0004600286483765,109778.5,4038.45166015625,1.0004279613494873,1.0010730028152466,109144.296875,3975.758056640625,0.9993420243263245,1.000038981437683,109707.140625,4035.91455078125,0.9997580051422119,1.0004849433898926,26308042910,20382555776,8597379910,83168656412
2025-09-28,112122.640625,4141.4765625,0.9998999834060669,1.000349998474121,112122.640625,4141.4765625,0.9998999834060669,1.000349998474121,112375.484375,4143.00390625,1.0007330179214478,1.0013329982757568,109236.9453125,3969.79296875,0.9993249773979187,0.9999340176582336,109681.9453125,4018.65966796875,0.9998300075531006,1.0004760026931763,33371048505,24631307054,9271470844,92130856740
2025-09-29,114400.3828125,4217.341796875,0.9998220205307007,1.000560998916626,114400.3828125,4217.341796875,0.9998220205307007,1.000560998916626,114473.5703125,4234.78271484375,1.0007109642028809,1.001399040222168,111589.953125,4087.92724609375,0.9993320107460022,0.9999330043792725,112117.875,4141.3564453125,0.9997299909591675,1.000190019607544,60000147466,38560429932,15591146723,149598657209
2025-09-30,114056.0859375,4145.95751953125,0.9997950196266174,1.0000959634780884,114056.0859375,4145.95751953125,0.9997950196266174,1.0000959634780884,114836.6171875,4238.67138671875,1.0007330179214478,1.0016260147094727,112740.5625,4095.443603515625,0.999364972114563,0.9997410178184509,114396.5234375,4217.05517578125,0.999763011932373,1.0004689693450928,58986330258,37679153330,16243262405,141617176980
2025-10-01,118648.9296875,4351.1123046875,1.000012993812561,1.0005110502243042,118648.9296875,4351.1123046875,1.000012993812561,1.0005110502243042,118648.9296875,4351.1123046875,1.0003219842910767,1.0010429620742798,113981.3984375,4125.5419921875,0.9993799924850464,0.9997360110282898,114057.59375,4146.03369140625,0.9998059868812561,1.0001139640808105,71328680132,46161664723,19015696130,160344508086
2025-10-02,120681.2578125,4487.923828125,0.9999780058860779,1.000707983970642,120681.2578125,4487.923828125,0.9999780058860779,1.000707983970642,121086.40625,4517.6650390625,1.000527024269104,1.0012279748916626,118383.15625,4336.5263671875,0.9995350241661072,1.0000460147857666,118652.3828125,4352.24072265625,0.9998160004615784,1.0004830360412598,71415163912,48074066058,19207540518,169486978125
2025-10-03,122266.53125,4514.87060546875,0.9996690154075623,1.0004940032958984,122266.53125,4514.87060546875,0.9996690154075623,1.0004940032958984,123944.703125,4591.44384765625,1.0000829696655273,1.0012279748916626,119344.3125,4431.47900390625,0.9991549849510193,1.000059962272644,120656.984375,4486.9345703125,0.9998000264167786,1.0005580186843872,83941392228,49603450230,21465642020,180715556425
2025-10-04,122425.4296875,4489.197265625,0.9997900128364563,1.0003459453582764,122425.4296875,4489.197265625,0.9997900128364563,1.0003459453582764,122857.640625,4519.52685546875,1.0000560283660889,1.0008269548416138,121577.5703125,4444.0126953125,0.999085009098053,0.9999129772186279,122267.46875,4514.9091796875,0.999675989151001,1.0005019903182983,36769171735,21832270764,9929127239,99382972258
2025-10-05,123513.4765625,4515.4228515625,0.9998059868812561,1.0001980066299438,123513.4765625,4515.4228515625,0.9998059868812561,1.0001980066299438,125559.2109375,4616.533203125,1.0002210140228271,1.0007519721984863,122191.9609375,4472.138671875,0.9992380142211914,0.999530017375946,122419.671875,4489.05322265625,0.9997810125350952,1.0003299713134766,73689317763,44880806324,15850637824,158608091665
2025-10-06,124752.53125,4687.771484375,0.9995989799499512,1.0002150535583496,124752.53125,4687.771484375,0.9995989799499512,1.0002150535583496,126198.0703125,4736.208984375,1.0002319812774658,1.0007480382919312,123196.046875,4492.8701171875,0.9992129802703857,0.9996709823608398,123510.453125,4515.30078125,0.9997869729995728,1.0001729726791382,72568881188,44992456374,20262848755,168375378432
2025-10-07,121451.3828125,4451.15185546875,0.9998360276222229,1.0004700422286987,121451.3828125,4451.15185546875,0.9998360276222229,1.0004700422286987,125184.0234375,4755.22021484375,1.0002800226211548,1.0009269714355469,120681.96875,4443.5712890625,0.9990779757499695,0.9997789859771729,124752.140625,4687.7099609375,0.9995980262756348,1.0002169609069824,76149412513,54879425294,22966777631,192783487489
2025-10-08,123354.8671875,4527.64794921875,0.999879002571106,1.0003169775009155,123354.8671875,4527.64794921875,0.999879002571106,1.0003169775009155,124167.09375,4556.2216796875,1.0005179643630981,1.0010440349578857,121119.1796875,4417.76806640625,0.9993420243263245,0.9998070001602173,121448.3515625,4451.10791015625,0.9998930096626282,1.0004969835281372,65354305286,40456628235,18700124511,158618584990
2025-10-09,121705.5859375,4369.1435546875,0.9998279809951782,1.000491976737976,121705.5859375,4369.1435546875,0.9998279809951782,1.000491976737976,123739.34375,4531.716796875,1.0002470016479492,1.0008230209350586,119812.03125,4273.5595703125,0.9995149970054626,0.9998630285263062,123337.0703125,4526.9609375,0.9997850060462952,1.000201940536499,74653009425,47903074596,20052145232,174554495070
2025-10-10,113214.3671875,3843.0087890625,1.000033974647522,1.001755952835083,113214.3671875,3843.0087890625,1.000033974647522,1.001755952835083,122509.6640625,4395.57080078125,1.004958987236023,1.0075119733810425,104582.4140625,3460.222412109375,0.9966729879379272,0.9981250166893005,121704.7421875,4369.0654296875,0.9998260140419006,1.0004839897155762,153125018868,97736621123,44539851941,344398037459
2025-10-11,110807.8828125,3750.611572265625,0.9998340010643005,1.0010730028152466,110807.8828125,3750.611572265625,0.9998340010643005,1.0010730028152466,113429.7265625,3882.241455078125,1.001312017440796,1.0031789541244507,109760.5625,3652.7900390625,0.9993270039558411,1.0002050399780273,113236.4296875,3840.96044921875,0.9999589920043945,1.0018210411071777,110236934340,62475475938,27417334181,253479630144
2025-10-12,115169.765625,4164.427734375,1.0002880096435547,1.0012569427490234,115169.765625,4164.427734375,1.0002880096435547,1.0012569427490234,115805.0625,4195.3974609375,1.0014760494232178,1.0019750595092773,109715.5390625,3701.478271484375,0.9993510246276855,0.9999060034751892,110811.515625,3750.946044921875,0.9998900294303894,1.0011110305786133,93710414091,61216174681,27619798454,217858899877
2025-10-13,115271.078125,4245.4677734375,1.0000849962234497,1.001013994216919,115271.078125,4245.4677734375,1.0000849962234497,1.001013994216919,116020.484375,4292.845703125,1.0009080171585083,1.0018420219421387,113821.1875,4061.224609375,0.9993550181388855,1.0003620386123657,115161.6796875,4164.04931640625,1.0002219676971436,1.0011810064315796,71582026739,50253782420,23705141432,193528248672
2025-10-14,113118.6640625,4125.412109375,1.000054955482483,1.0005470514297485,113118.6640625,4125.412109375,1.000054955482483,1.0005470514297485,115502.8828125,4265.10546875,1.0010700225830078,1.002020001411438,110029.484375,3895.9736328125,0.9986699819564819,0.9993699789047241,115264.8828125,4245.37255859375,1.0000499486923218,1.0009950399398804,92212917403,67094148347,27879677000,221236832633
2025-10-15,110783.1640625,3987.45947265625,0.9999060034751892,1.000586986541748,110783.1640625,3987.45947265625,0.9999060034751892,1.000586986541748,113622.3828125,4213.85595703125,1.0012160539627075,1.0020259618759155,110235.8359375,3935.161376953125,0.9994670152664185,1.0000629425048828,113113.96875,4125.361328125,1.0000360012054443,1.000520944595337,72574132855,50462889453,21084302739,170147938778
2025-10-16,108186.0390625,3894.75439453125,1.0000020265579224,1.0001649856567383,108186.0390625,3894.75439453125,1.0000020265579224,1.0001649856567383,111990.8125,4079.648193359375,1.001554012298584,1.0019060373306274,107537.03125,3829.654052734375,0.9991829991340637,0.9996539950370789,110782.171875,3987.14892578125,1.0001909732818604,1.0005279779434204,87306423067,49147390731,22286952756,183807551756
2025-10-17,106467.7890625,3832.558837890625,0.999871015548706,1.00033700466156,106467.7890625,3832.558837890625,0.999871015548706,1.00033700466156,109235.8046875,3950.56689453125,1.0013610124588013,1.0018830299377441,103598.4296875,3678.620361328125,0.999334990978241,0.9993100166320801,108179.1328125,3894.377685546875,1.0000139474868774,1.000251054763794,99703051669,57404271888,23711670135,204241479578
2025-10-18,107198.265625,3890.34619140625,0.9999520182609558,1.000311017036438,107198.265625,3890.34619140625,0.9999520182609558,1.000311017036438,107490.984375,3927.24560546875,1.001181960105896,1.0014419555664062,106387.453125,3822.266357421875,0.9994000196456909,0.9999709725379944,106483.734375,3833.009521484375,0.9999039769172668,1.0003880262374878,37779905278,23815676385,9277791302,92433050492
2025-10-19,108666.7109375,3984.649658203125,0.9999679923057556,1.0004010200500488,108666.7109375,3984.649658203125,0.9999679923057556,1.0004010200500488,109488.9921875,4029.35546875,1.0014530420303345,1.0018459558486938,106157.7890625,3843.77294921875,0.9993640184402466,0.9993500113487244,107204.3125,3890.58349609375,0.9999690055847168,1.0003650188446045,47657008953,32870655221,12291952376,113441520509
2025-10-20,110588.9296875,3980.76025390625,1.0000439882278442,1.0003750324249268,110588.9296875,3980.76025390625,1.0000439882278442,1.0003750324249268,111711.03125,4084.15966796875,1.001358985900879,1.0018010139465332,107485.015625,3911.726318359375,0.9992750287055969,0.9998670220375061,108667.4453125,3984.6962890625,0.9999909996986389,1.000417947769165,63507793085,40224612563,16926508572,140035880063
2025-10-21,108476.890625,3876.76416015625,0.9998490214347839,1.0004620552062988,108476.890625,3876.76416015625,0.9998490214347839,1.0004620552062988,113996.34375,4109.533203125,1.0012999773025513,1.001932978630066,107534.75,3843.227783203125,0.9991530179977417,0.9996730089187622,110587.6328125,3980.740478515625,1.0000159740447998,1.0003670454025269,101194375480,49960290350,22593232949,189249929340
2025-10-22,107688.5859375,3808.122314453125,0.999970018863678,1.0001879930496216,107688.5859375,3808.122314453125,0.999970018863678,1.0001879930496216,109115.1328125,3890.63232421875,1.0009260177612305,1.0014840364456177,106778.0,3718.0771484375,0.9992809891700745,0.9995859861373901,108491.53125,3877.363037109375,0.9999669790267944,1.000594973564148,80807013218,46173305673,22115266618,164510413668
2025-10-23,110069.7265625,3856.0263671875,1.0001219511032104,1.0005199909210205,110069.7265625,3856.0263671875,1.0001219511032104,1.0005199909210205,111288.59375,3930.974853515625,1.0003989934921265,1.0010119676589966,107548.4296875,3801.241455078125,0.9993799924850464,0.9992460012435913,107679.4375,3808.0849609375,0.9999290108680725,1.0001150369644165,54944076060,36361652714,16181704760,129632145103
2025-10-24,111033.921875,3934.5673828125,1.0001050233840942,1.0003039836883545,111033.921875,3934.5673828125,1.0001050233840942,1.0003039836883545,111842.53125,4002.561767578125,1.0006239414215088,1.0009219646453857,109770.1484375,3849.724853515625,0.9989100098609924,0.9989590048789978,110069.3515625,3856.033203125,1.000120997428894,1.000499963760376,48160816980,34090708715,14943172043,119470709578
2025-10-25,111641.7265625,3953.470947265625,0.999891996383667,1.0001230239868164,111641.7265625,3953.470947265625,0.999891996383667,1.0001230239868164,111947.703125,3967.6455078125,1.0004500150680542,1.000823974609375,110704.40625,3914.640625,0.9995869994163513,0.9996839761734009,111032.6171875,3934.489990234375,1.0000900030136108,1.0002570152282715,24707667305,15245229017,7226602066,69239633414
2025-10-26,114472.4453125,4157.9892578125,0.9997609853744507,1.000033974647522,114472.4453125,4157.9892578125,0.9997609853744507,1.000033974647522,115260.90625,4177.310546875,1.000393033027649,1.0008440017700195,111268.484375,3923.192626953125,0.9993299841880798,0.9992730021476746,111639.0546875,3953.437255859375,0.9999139904975891,1.000177025794983,41708524143,29120786315,11250914221,102374273854
2025-10-27,114119.328125,4120.1220703125,0.9998670220375061,0.9999619722366333,114119.328125,4120.1220703125,0.9998670220375061,0.9999619722366333,116273.3125,4250.669921875,1.0004709959030151,1.0009939670562744,113882.2890625,4099.56982421875,0.9994310140609741,0.9993219971656799,114479.8515625,4158.0107421875,0.9997400045394897,0.9999629855155945,61761358733,40271333201,17128050892,141545257932
2025-10-28,112956.1640625,3982.262451171875,0.999970018863678,1.0002690553665161,112956.1640625,3982.262451171875,0.999970018863678,1.0002690553665161,116078.984375,4173.50537109375,1.0004069805145264,1.0006109476089478,112291.6796875,3940.834228515625,0.9993739724159241,0.9992830157279968,114129.0859375,4120.27490234375,0.9999160170555115,1.0000159740447998,64528066504,39684155177,17460882890,130159595314
2025-10-29,110055.3046875,3903.35302734375,0.9999300241470337,1.0002069473266602,110055.3046875,3903.35302734375,0.9999300241470337,1.0002069473266602,113642.7265625,4036.35302734375,1.0019350051879883,1.0020649433135986,109368.71875,3849.538818359375,0.9992510080337524,0.9995830059051514,112921.328125,3980.759033203125,0.9998599886894226,1.000072956085205,62192043469,35255876156,18531597399,137767365340
2025-10-30,108305.546875,3804.375244140625,1.0001009702682495,0.9998959898948669,108305.546875,3804.375244140625,1.0001009702682495,0.9998959898948669,111612.3515625,3948.22265625,1.0013959407806396,1.0019400119781494,106376.6875,3681.909423828125,0.9991469979286194,0.9993389844894409,110059.1953125,3903.322509765625,0.9999030232429504,1.0003010034561157,69673964814,39981939289,19297317107,153545488789
2025-10-31,109556.1640625,3847.080322265625,0.9997349977493286,0.999576985836029,109556.1640625,3847.080322265625,0.9997349977493286,0.999576985836029,111031.8203125,3900.580322265625,1.0010459423065186,1.0008920431137085,108288.2734375,3797.669189453125,0.9991059899330139,0.9990800023078918,108304.4140625,3805.082763671875,0.9998890161514282,0.9998720288276672,60090359560,37800100395,18192736045,135248715842
2025-11-01,110064.015625,3874.18798828125,1.0000139474868774,0.9996640086174011,110064.015625,3874.18798828125,1.0000139474868774,0.9996640086174011,110574.8984375,3906.7802734375,1.0016130208969116,1.001641035079956,109372.953125,3832.634765625,0.9994069933891296,0.9992089867591858,109558.625,3847.17138671875,0.9997599720954895,0.9996119737625122,25871668762,17490279524,8276413018,74530426678
2025-11-02,110639.625,3911.063232421875,0.9998289942741394,1.0000660419464111,110639.625,3911.063232421875,0.9998289942741394,1.0000660419464111,111167.3125,3914.87548828125,1.000905990600586,1.0008549690246582,109523.453125,3839.997314453125,0.9993320107460022,0.9993910193443298,110064.4296875,3873.894287109375,0.9999759793281555,0.9996309876441956,34284209459,20479611654,9329717192,87990855403
2025-11-03,106547.5234375,3602.30810546875,0.9999009966850281,0.9998530149459839,106547.5234375,3602.30810546875,0.9999009966850281,0.9998530149459839,110764.9140625,3912.63330078125,1.0012149810791016,1.0018019676208496,105336.359375,3560.263671875,0.9990760087966919,0.9990190267562866,110646.90625,3911.747802734375,0.9998469948768616,1.0001349449157715,72852006359,53091469560,22484873172,176871325526
2025-11-04,101590.5234375,3292.574462890625,0.9996359944343567,0.9999819993972778,101590.5234375,3292.574462890625,0.9996359944343567,0.9999819993972778,107264.8828125,3652.687255859375,1.0012760162353516,1.0016310214996338,98962.0625,3063.0869140625,0.9990630149841309,0.9983400106430054,106541.421875,3602.040771484375,0.9997990131378174,0.9998400211334229,110967184773,76827517773,31208623577,241475086413
2025-11-05,103891.8359375,3425.171142578125,0.9998250007629395,0.9998909831047058,103891.8359375,3425.171142578125,0.9998250007629395,0.9998909831047058,104534.703125,3479.8095703125,1.0009969472885132,1.0011199712753296,98989.9140625,3170.513916015625,0.9992110133171082,0.9994189739227295,101579.234375,3292.148193359375,0.9997220039367676,0.9998440146446228,77584934804,46955882330,19365140378,164615811246
2025-11-06,101301.2890625,3312.2578125,0.9997550249099731,0.9996479749679565,101301.2890625,3312.2578125,0.9997550249099731,0.9996479749679565,104147.3046875,3454.3359375,1.0012940168380737,1.0013209581375122,100336.8671875,3245.28173828125,0.9991909861564636,0.99891597032547,103893.6640625,3425.361083984375,0.9998070001602173,0.9999160170555115,63932752861,36731850433,17993806725,136131315720
2025-11-07,103372.40625,3435.301025390625,1.0000909566879272,0.9997280240058899,103372.40625,3435.301025390625,1.0000909566879272,0.9997280240058899,104052.9140625,3471.804931640625,1.001188039779663,1.000838041305542,99257.0546875,3195.896728515625,0.9991040229797363,0.998649001121521,101286.2421875,3312.029296875,0.9996820092201233,0.9995359778404236,92168030081,42609994022,20539763837,170699361657
2025-11-08,102282.1171875,3400.3759765625,0.999845027923584,0.9996569752693176,102282.1171875,3400.3759765625,0.999845027923584,0.9996569752693176,103373.5625,3482.268310546875,1.0009139776229858,1.0006979703903198,101458.0390625,3357.713134765625,0.9992730021476746,0.9990190267562866,103371.703125,3435.1474609375,1.0000829696655273,0.9997199773788452,51446691095,23613870398,10466745014,102848841858
2025-11-09,104719.640625,3582.621337890625,1.000133991241455,1.0000360012054443,104719.640625,3582.621337890625,1.000133991241455,1.0000360012054443,105418.3671875,3616.43701171875,1.0009679794311523,1.0007950067520142,101468.875,3359.717529296875,0.9992619752883911,0.9992550015449524,102278.984375,3400.0986328125,0.9998310208320618,0.9996439814567566,59679243013,28821543888,10844489300,106734150825
2025-11-10,105996.59375,3568.4599609375,0.9998559951782227,0.9996899962425232,105996.59375,3568.4599609375,0.9998559951782227,0.9996899962425232,106564.6953125,3656.14892578125,1.0009479522705078,1.00136399269104,104350.6484375,3508.98583984375,0.9993020296096802,0.9993770122528076,104723.7734375,3583.44482421875,1.0001579523086548,0.9999439716339111,69585887229,35638045619,15895450134,136965192866
2025-11-11,102997.46875,3415.2822265625,0.9998040199279785,0.9997050166130066,102997.46875,3415.2822265625,0.9998040199279785,0.9997050166130066,107428.2578125,3644.5283203125,1.0008349418640137,1.0006749629974365,102457.328125,3404.86181640625,0.999055027961731,0.9990209937095642,105996.859375,3568.47265625,0.9998589754104614,0.9996939897537231,71130078574,39734688531,15715033512,139919777898
2025-11-12,101663.1875,3413.09423828125,0.9999719858169556,0.9999480247497559,101663.1875,3413.09423828125,0.9999719858169556,0.9999480247497559,105297.234375,3586.013916015625,1.0009779930114746,1.001189947128296,100836.6171875,3373.711669921875,0.9990180134773254,0.9993410110473633,103011.4375,3415.7958984375,0.9998030066490173,0.9995629787445068,64347179408,34898956623,15268281920,125966296267
2025-11-13,99697.4921875,3232.757080078125,0.9998769760131836,0.9994069933891296,99697.4921875,3232.757080078125,0.9998769760131836,0.9994069933891296,104005.4921875,3561.86083984375,1.001196026802063,1.0018179416656494,97988.71875,3156.03076171875,0.9990389943122864,0.9987649917602539,101674.1484375,3412.994873046875,0.9999949932098389,0.9999399781227112,101546815416,50283416669,20176471346,167234230804
2025-11-14,94397.7890625,3103.78564453125,0.9998019933700562,0.9991289973258972,94397.7890625,3103.78564453125,0.9998019933700562,0.9991289973258972,99804.4296875,3252.660888671875,1.0012569427490234,1.001418948173523,94000.734375,3071.970703125,0.999101996421814,0.998714029788971,99694.703125,3232.295166015625,0.9998819828033447,0.9994909763336182,114346441890,47003809463,23734959561,179708124711
2025-11-15,95549.1484375,3166.63134765625,0.9999589920043945,0.9995309710502625,95549.1484375,3166.63134765625,0.9999589920043945,0.9995309710502625,96728.46875,3227.690185546875,1.001391053199768,1.0005110502243042,94420.46875,3104.230224609375,0.9992020130157471,0.9988970160484314,94420.46875,3104.230224609375,0.9999300241470337,0.9991589784622192,38500716654,19932940649,8443360111,87346757339
2025-11-16,94177.078125,3092.847412109375,0.9998059868812561,0.9992619752883911,94177.078125,3092.847412109375,0.9998059868812561,0.9992619752883911,96564.1875,3244.837646484375,1.0020610094070435,1.0019299983978271,92971.1640625,3007.07275390625,0.9991220235824585,0.9988459944725037,95556.8671875,3166.79345703125,1.0000189542770386,0.9995710253715515,71086235862,30987886524,12104296124,119937340292
2025-11-17,92093.875,3024.538818359375,0.9998980164527893,0.998894989490509,92093.875,3024.538818359375,0.9998980164527893,0.998894989490509,95928.3671875,3218.13037109375,1.0019739866256714,1.0013890266418457,91214.7578125,2957.3095703125,0.9991369843482971,0.9982870221138,94180.875,3092.941650390625,0.9998189806938171,0.9992449879646301,94186165724,41026793235,20439106807,158466587927
2025-11-18,92948.875,3122.97900390625,0.9998130202293396,0.9995250105857849,92948.875,3122.97900390625,0.9998130202293396,0.9995250105857849,93745.078125,3167.9326171875,1.0018399953842163,1.0012589693069458,89300.4609375,2948.329345703125,0.9990249872207642,0.9981549978256226,92094.53125,3024.4140625,0.9998810291290283,0.9988740086555481,101333569062,41581494270,19481280133,156914958706
2025-11-19,91465.9921875,3023.07080078125,0.9999610185623169,0.9990829825401306,91465.9921875,3023.07080078125,0.9999610185623169,0.9990829825401306,92946.1640625,3122.64599609375,1.0033249855041504,1.003283977508545,88526.828125,2871.22802734375,0.9989449977874756,0.9984520077705383,92946.1640625,3122.64599609375,0.9998160004615784,0.9995480179786682,80350354656,40229739844,19002018090,142163447276
2025-11-20,86631.8984375,2831.777587890625,1.0003559589385986,0.9996950030326843,86631.8984375,2831.777587890625,1.0003559589385986,0.9996950030326843,93025.0703125,3057.78857421875,1.001744031906128,1.0013630390167236,86040.796875,2790.597900390625,0.9986690282821655,0.9981099963188171,91459.3515625,3022.885498046875,0.9998639822006226,0.9990270137786865,97970645638,43917885207,19801458308,162346571995
2025-11-21,85090.6875,2765.69921875,0.9998459815979004,0.9994140267372131,85090.6875,2765.69921875,0.9998459815979004,0.9994140267372131,87380.8046875,2880.60302734375,1.001852035522461,1.001729965209961,80659.8125,2626.87158203125,0.998691976070404,0.9978079795837402,86528.7734375,2829.2646484375,1.0001410245895386,0.9992089867591858,129157506112,51476486049,26614932876,211350842667
2025-11-22,84648.359375,2767.607421875,0.9997180104255676,0.9994750022888184,84648.359375,2767.607421875,0.9997180104255676,0.9994750022888184,85503.0078125,2795.4267578125,1.0012760162353516,1.0007630586624146,83490.8984375,2704.502197265625,0.9989140033721924,0.9984560012817383,85098.5625,2766.090576171875,0.999908983707428,0.9994570016860962,40793099246,15408928941,8611853217,80725438012
2025-11-23,86805.0078125,2801.676025390625,0.9998289942741394,0.9996799826622009,86805.0078125,2801.676025390625,0.9998289942741394,0.9996799826622009,88038.46875,2856.446533203125,1.0011969804763794,1.000864028930664,84641.7734375,2767.472900390625,0.9987159967422485,0.9990519881248474,84648.609375,2767.594970703125,0.9997299909591675,0.9994490146636963,58083435576,20358404499,9901038647,93113293579
2025-11-24,88270.5625,2952.71337890625,0.9997379779815674,0.9996370077133179,88270.5625,2952.71337890625,0.9997379779815674,0.9996370077133179,89206.3359375,2982.822021484375,1.0012710094451904,1.0015679597854614,85272.1953125,2763.3779296875,0.9990100264549255,0.999081015586853,86798.7734375,2801.204345703125,0.9997950196266174,0.9996359944343567,74433896110,32491657389,15754929687,119819578839
2025-11-25,87341.890625,2957.936279296875,0.9996089935302734,0.9995179772377014,87341.890625,2957.936279296875,0.9996089935302734,0.9995179772377014,88457.3359375,2978.704345703125,1.0013400316238403,1.0011409521102905,86131.4296875,2857.8359375,0.999110996723175,0.9991419911384583,88269.9609375,2952.58447265625,0.9997249841690063,0.9995999932289124,64837343545,23336017779,14725488132,102433262214
2025-11-26,90518.3671875,3027.81201171875,0.9999840259552002,1.0000009536743164,90518.3671875,3027.81201171875,0.9999840259552002,1.0000009536743164,90581.15625,3043.927001953125,1.0009809732437134,1.0011570453643799,86316.8984375,2889.890625,0.9989879727363586,0.9992700219154358,87345.5859375,2958.32958984375,0.9996839761734009,0.9996029734611511,66496301869,21433162961,13391097650,102580658562
2025-11-27,91285.375,3014.542236328125,0.999862015247345,0.9999079704284668,91285.375,3014.542236328125,0.999862015247345,0.9999079704284668,91897.578125,3070.73193359375,1.0008529424667358,1.000954031944275,90089.515625,2987.19775390625,0.999396026134491,0.9992820024490356,90517.765625,3027.799072265625,0.9999880194664001,0.999987006187439,57040622845,16972780500,10713071103,84918880946
2025-11-28,90919.265625,3032.304443359375,0.9998019933700562,1.000175952911377,90919.265625,3032.304443359375,0.9998019933700562,1.000175952911377,92969.0859375,3095.033203125,1.0007929801940918,1.001291036605835,90257.1171875,2995.76513671875,0.999305009841919,0.9995149970054626,91285.3828125,3014.543701171875,0.999862015247345,0.9999070167541504,60895830289,20659958964,12811581630,93695868523
2025-11-29,90851.7578125,2991.685302734375,0.9998729825019836,1.0002330541610718,90851.7578125,2991.685302734375,0.9998729825019836,1.0002330541610718,91187.6171875,3051.962890625,1.0009880065917969,1.0012880563735962,90260.1875,2966.850830078125,0.9994750022888184,0.9997590184211731,90918.7421875,3032.29541015625,0.9997950196266174,1.000167965888977,37921773455,12775481230,6278622212,56449708485
2025-11-30,90394.3125,2992.112548828125,0.9997900128364563,1.0001850128173828,90394.3125,2992.112548828125,0.9997900128364563,1.0001850128173828,91965.046875,3051.597900390625,1.0007790327072144,1.0009050369262695,90394.3125,2978.826171875,0.9994720220565796,0.9996939897537231,90838.2109375,2991.375244140625,0.9998000264167786,1.000161051750183,38497902869,11530446514,5764967438,58060684316
2025-12-01,86321.5703125,2800.18896484375,0.9997919797897339,0.9999269843101501,86321.5703125,2800.18896484375,0.9997919797897339,0.9999269843101501,90398.15625,2996.8818359375,1.0011500120162964,1.0015250444412231,83862.25,2720.4365234375,0.9992460012435913,0.9992510080337524,90389.109375,2991.923095703125,0.999796986579895,1.0001020431518555,87962894424,36679598313,17352100455,136512854575
2025-12-02,91350.203125,2997.939697265625,1.0000360012054443,1.0002959966659546,91350.203125,2997.939697265625,1.0000360012054443,1.0002959966659546,92316.6328125,3032.76123046875,1.0011260509490967,1.0010499954223633,86202.1953125,2784.390625,0.9992619752883911,0.9994400143623352,86322.5390625,2800.22314453125,0.999800980091095,0.9999359846115112,78546798211,26593645111,14433976983,115617188862
2025-12-03,93527.8046875,3191.57177734375,0.999871015548706,1.000501036643982,93527.8046875,3191.57177734375,0.999871015548706,1.000501036643982,94060.7734375,3212.559814453125,1.0004329681396484,1.0011579990386963,91056.390625,2988.14208984375,0.9993020296096802,0.9995430111885071,91345.09375,2997.801513671875,1.0000079870224,1.0003160238265991,77650204986,29949301036,13890740335,117032986206
2025-12-04,92141.625,3134.31640625,0.9998440146446228,1.000236988067627,92141.625,3134.31640625,0.9998440146446228,1.000236988067627,94038.2421875,3238.555419921875,1.000432014465332,1.0009889602661133,90976.1015625,3071.31005859375,0.9994440078735352,0.9995959997177124,93454.2578125,3188.343505859375,0.9998760223388672,1.0002930164337158,64538402681,27434991113,11941001425,98585820418
2025-12-05,89387.7578125,3024.432861328125,0.9999619722366333,1.0002319812774658,89387.7578125,3024.432861328125,0.9999619722366333,1.0002319812774658,92702.640625,3192.45703125,1.0005539655685425,1.0010449886322021,88152.140625,2989.83154296875,0.9990869760513306,0.999222993850708,92133.6484375,3134.357421875,0.9998329877853394,1.0002310276031494,63256398633,28000268228,12765146876,98818490719
2025-12-06,89272.375,3040.207763671875,1.000046968460083,1.0003390312194824,89272.375,3040.207763671875,1.000046968460083,1.0003390312194824,90267.4609375,3067.661376953125,1.001343011856079,1.001170039176941,88951.6640625,3013.98193359375,0.9995930194854736,0.9998720288276672,89389.359375,3024.487548828125,0.9999330043792725,1.0002670288085938,37994042405,10962819760,4991035794,53315581787
2025-12-07,90405.640625,3061.3017578125,1.0000710487365723,1.0003310441970825,90405.640625,3061.3017578125,1.0000710487365723,1.0003310441970825,91740.84375,3148.7734375,1.00068199634552,1.0011299848556519,87799.5625,2930.645263671875,0.9993069767951965,0.9994159936904907,89277.8125,3040.17919921875,1.0000859498977661,1.000417947769165,47394898960,20383496376,7817626807,72808424054
2025-12-08,90640.203125,3125.197998046875,0.9999679923057556,1.0002720355987549,90640.203125,3125.197998046875,0.9999679923057556,1.0002720355987549,92267.1171875,3177.86767578125,1.0005539655685425,1.0008289813995361,89644.890625,3043.703857421875,0.9992250204086304,0.9990910291671753,90424.5859375,3061.013671875,1.0000040531158447,1.000285029411316,57394099056,25262165670,11650628638,88136109201
2025-12-09,92691.7109375,3321.114990234375,0.999970018863678,1.0000849962234497,92691.7109375,3321.114990234375,0.999970018863678,1.0000849962234497,94601.5703125,3395.838623046875,1.0007209777832031,1.0011509656906128,89586.9765625,3092.87646484375,0.9988150000572205,0.9987750053405762,90639.703125,3124.942626953125,0.999796986579895,1.0002360343933105,66861721440,32012553374,14324888356,108124525756
2025-12-10,92020.9453125,3325.39013671875,0.9997770190238953,1.0002800226211548,92020.9453125,3325.39013671875,0.9997770190238953,1.0002800226211548,94477.15625,3446.622802734375,1.0011529922485352,1.001418948173523,91640.1328125,3290.14697265625,0.9988240003585815,0.998432993888855,92695.234375,3321.2041015625,0.9998930096626282,1.0000760555267334,65420694513,30694387989,14070562885,104582114546
2025-12-11,92511.3359375,3237.056884765625,0.9999309778213501,1.0002559423446655,92511.3359375,3237.056884765625,0.9999309778213501,1.0002559423446655,93554.265625,3327.344482421875,1.000661015510559,1.000972032546997,89335.296875,3149.034423828125,0.9991199970245361,0.999351978302002,92011.3046875,3324.38671875,0.9998739957809448,1.0003279447555542,64532834621,29066243707,13047985541,101622304149
2025-12-12,90270.4140625,3084.172607421875,0.999879002571106,1.000080943107605,90270.4140625,3084.172607421875,0.999879002571106,1.000080943107605,92747.9296875,3265.37255859375,1.0006129741668701,1.0011190176010132,89532.6015625,3050.267333984375,0.9992039799690247,0.9996730089187622,92513.6640625,3237.025634765625,0.999925971031189,1.0002679824829102,80275884583,24391003174,10666488911,86394477161
2025-12-13,90298.7109375,3116.6953125,0.9999939799308777,1.0002570152282715,90298.7109375,3116.6953125,0.9999939799308777,1.0002570152282715,90647.5703125,3134.849365234375,1.0002460479736328,1.0006749629974365,89800.9921875,3080.07861328125,0.9996119737625122,0.9998599886894226,90257.796875,3084.129638671875,0.999862015247345,1.0000419616699219,64237748110,9916869400,4003035283,46254432201
2025-12-14,88175.1796875,3060.5947265625,0.9999740123748779,1.0001989603042603,88175.1796875,3060.5947265625,0.9999740123748779,1.0001989603042603,90498.109375,3128.622802734375,1.0007760524749756,1.0017590522766113,87634.9375,3034.692626953125,0.9994999766349792,0.9997379779815674,90296.4375,3116.743896484375,0.9999930262565613,1.0003050565719604,50465972205,15619543350,5970103430,57551567458
2025-12-15,86419.78125,2964.18310546875,0.9998999834060669,0.9998810291290283,86419.78125,2964.18310546875,0.9998999834060669,0.9998810291290283,89983.921875,3175.1181640625,1.000944972038269,1.0010889768600464,85304.078125,2899.685791015625,0.9980639815330505,0.9981020092964172,88171.078125,3060.4814453125,0.9999120235443115,1.0001250505447388,45559514323,28765976892,12270727447,96176642817
2025-12-16,87843.984375,2964.180908203125,0.9998369812965393,0.9998850226402283,87843.984375,2964.180908203125,0.9998369812965393,0.9998850226402283,88170.09375,2978.92138671875,1.0014660358428955,1.0015519857406616,85381.6875,2890.01171875,0.9991949796676636,0.9991629719734192,86424.40625,2964.379638671875,0.9999589920043945,0.9999470114707947,41262178223,22709189818,10982481247,84425789643
2025-12-17,86143.7578125,2831.403564453125,0.9998829960823059,0.9996240139007568,86143.7578125,2831.403564453125,0.9998829960823059,0.9996240139007568,90264.5703125,3025.8154296875,1.001438021659851,1.0015100240707397,85316.265625,2791.333984375,0.9991769790649414,0.9988899827003479,87847.6171875,2964.01953125,0.9998530149459839,0.9999520182609558,44243392914,26159825528,12686054041,92047938306
2025-12-18,85462.5078125,2827.069091796875,0.9998909831047058,0.9995030164718628,85462.5078125,2827.069091796875,0.9998909831047058,0.9995030164718628,89412.6640625,2994.552734375,1.0014699697494507,1.0009759664535522,84436.3125,2777.11962890625,0.9989820122718811,0.9983890056610107,86144.3671875,2831.48828125,0.9999039769172668,0.9996449947357178,52667115348,29194181349,13313661791,105998238214
2025-12-19,88103.3828125,2977.970703125,0.9998649954795837,0.9994630217552185,88103.3828125,2977.970703125,0.9998649954795837,0.9994630217552185,89339.1171875,3014.6123046875,1.0014829635620117,1.0010509490966797,85107.6640625,2811.3916015625,0.9991840124130249,0.9989759922027588,85476.1328125,2827.410400390625,0.9999030232429504,0.999563992023468,46733310561,27870687989,12735656404,101816687768
2025-12-20,88344.0,2977.58251953125,0.9999060034751892,0.9996330142021179,88344.0,2977.58251953125,0.9999060034751892,0.9996330142021179,88497.203125,2992.31005859375,1.0007250308990479,1.0008009672164917,87924.875,2967.838623046875,0.9993849992752075,0.999110996723175,88101.671875,2977.869140625,0.9998459815979004,0.9994480013847351,14688196659,7612418215,3933444751,45991860432
2025-12-21,88621.75,3001.61376953125,0.9998189806938171,0.9997239708900452,88621.75,3001.61376953125,0.9998189806938171,0.9997239708900452,89027.953125,3009.80712890625,1.0012630224227905,1.0013970136642456,87613.203125,2945.394775390625,0.9992979764938354,0.9990649819374084,88344.703125,2977.508544921875,0.9999179840087891,0.9996359944343567,19845522660,11178096676,5054508968,58117509263
2025-12-22,88490.015625,3006.07373046875,0.9997730255126953,0.9993979930877686,88490.015625,3006.07373046875,0.9997730255126953,0.9993979930877686,90501.9296875,3073.353759765625,1.000864028930664,1.0009180307388306,87908.0703125,2965.175048828125,0.9992960095405579,0.9991469979286194,88621.3984375,3001.61279296875,0.999813973903656,0.9997169971466064,38047472118,20342034264,11804145521,84644391342
2025-12-23,87414.0,2963.3740234375,0.9997550249099731,0.9994919896125793,87414.0,2963.3740234375,0.9997550249099731,0.9994919896125793,88898.3828125,3033.1962890625,1.0011069774627686,1.000972032546997,86606.9765625,2902.3330078125,0.9991400241851807,0.9990940093994141,88490.03125,3006.073974609375,0.9997730255126953,0.9993979930877686,43683011533,21453213168,19068730215,77238853787
2025-12-24,87611.9609375,2945.590576171875,0.9997069835662842,0.9993249773979187,87611.9609375,2945.590576171875,0.9997069835662842,0.9993249773979187,87956.8828125,2975.171142578125,1.0006730556488037,1.0003730058670044,86411.796875,2888.988037109375,0.9992920160293579,0.9988530278205872,87404.3203125,2962.922607421875,0.9997490048408508,0.999426007270813,25550297986,13984770325,8031421173,62404214627
2025-12-25,87234.7421875,2903.57958984375,0.9997770190238953,0.9993789792060852,87234.7421875,2903.57958984375,0.9997770190238953,0.9993789792060852,88501.7890625,2968.705078125,1.0006760358810425,1.0002449750900269,86949.2578125,2891.10888671875,0.9992079734802246,0.9991059899330139,87608.3203125,2945.423095703125,0.9996880292892456,0.9992780089378357,19953216347,11828871179,5797792338,54062181923
2025-12-26,87301.4296875,2925.74560546875,0.9996669888496399,0.9991869926452637,87301.4296875,2925.74560546875,0.9996669888496399,0.9991869926452637,89459.4296875,2991.219970703125,1.0006920099258423,1.000648021697998,86628.140625,2894.15380859375,0.9991840124130249,0.9987800121307373,87235.5078125,2903.625,0.9997829794883728,0.9993870258331299,42455674908,18562196049,9069358312,81713363687
2025-12-27,87802.15625,2947.998291015625,0.9996659755706787,0.9992849826812744,87802.15625,2947.998291015625,0.9996659755706787,0.9992849826812744,87874.78125,2957.300537109375,1.0006489753723145,1.0001349449157715,87182.9765625,2917.271240234375,0.99931401014328,0.9990530014038086,87301.4296875,2925.7451171875,0.9996669888496399,0.9991869926452637,13741199310,7378783299,3815119033,40982045847
2025-12-28,87835.8359375,2948.568115234375,0.9997569918632507,0.9992589950561523,87835.8359375,2948.568115234375,0.9997569918632507,0.9992589950561523,87986.890625,2957.138671875,1.0006439685821533,1.0001169443130493,87394.953125,2925.745361328125,0.9992560148239136,0.9990230202674866,87799.34375,2947.898193359375,0.9996370077133179,0.9992619752883911,15156557929,9227601389,4225982198,43793554358
2025-12-29,87138.140625,2934.538330078125,0.99965500831604,0.9987750053405762,87138.140625,2934.538330078125,0.99965500831604,0.9987750053405762,90299.15625,3051.94189453125,1.000846028327942,1.0002080202102661,86717.9140625,2908.748046875,0.9991599917411804,0.9984539747238159,87835.7890625,2948.55908203125,0.9997550249099731,0.9992570281028748,48411625849,25957694515,12690592251,97725242399
2025-12-30,88430.1328125,2971.416748046875,0.9997040033340454,0.9988669753074646,88430.1328125,2971.416748046875,0.9997040033340454,0.9988669753074646,89297.9375,3002.8046875,1.0006879568099976,1.00006902217865,86735.546875,2916.330078125,0.9990109801292419,0.9984530210494995,87134.3515625,2934.416259765625,0.9996619820594788,0.9987499713897705,35586356225,18816704381,10022484460,74119035312
2025-12-31,87508.828125,2967.03759765625,0.9996349811553955,0.9984490275382996,87508.828125,2967.03759765625,0.9996349811553955,0.9984490275382996,89080.2890625,3021.849609375,1.0008569955825806,0.999908983707428,87130.5625,2959.143798828125,0.9991999864578247,0.9981489777565002,88429.5859375,2971.407470703125,0.9997010231018066,0.9988560080528259,33830210616,16451891101,9361127722,70259461189
2026-01-01,88731.984375,3000.394287109375,0.9997580051422119,0.9987450242042542,88731.984375,3000.394287109375,0.9997580051422119,0.9987450242042542,88803.2265625,3006.01025390625,1.0003269910812378,0.9993540048599243,87399.40625,2966.84521484375,0.999144971370697,0.9979850053787231,87508.046875,2966.997314453125,0.9995750188827515,0.9984390139579773,18849043990,10268796662,5108664262,50548666268
2026-01-02,89944.6953125,3124.422607421875,0.9999790191650391,0.999671995639801,89944.6953125,3124.422607421875,0.9999790191650391,0.999671995639801,90884.4609375,3146.984375,1.000920057296753,1.0001529455184937,88298.6171875,2989.9013671875,0.9989280104637146,0.9983350038528442,88733.0625,3000.453125,0.9997580051422119,0.9987469911575317,46398906171,25242778003,13144887912,96128566387
2026-01-03,90603.1875,3125.91748046875,0.9999319911003113,0.9996349811553955,90603.1875,3125.91748046875,0.9999319911003113,0.9996349811553955,90679.5703125,3135.025634765625,1.0003039836883545,0.9999880194664001,89328.0703125,3077.4658203125,0.9995229840278625,0.9992579817771912,89945.0546875,3124.310302734375,0.9999979734420776,0.9997050166130066,20774828592,11460707919,5428085609,55660104876
2026-01-04,91413.4921875,3140.71044921875,0.9998739957809448,0.9995059967041016,91413.4921875,3140.71044921875,0.9998739957809448,0.9995059967041016,91712.5859375,3160.551025390625,1.0001239776611328,0.9998170137405396,90595.1015625,3119.427490234375,0.9992390275001526,0.9991390109062195,90603.0,3125.960205078125,0.9999290108680725,0.9996370077133179,26770491368,13890479323,6308365381,66989138853
2026-01-05,93882.5546875,3226.13037109375,0.9997169971466064,0.9999189972877502,93882.5546875,3226.13037109375,0.9997169971466064,0.9999189972877502,94762.0703125,3261.245849609375,1.0003440380096436,1.0001029968261719,91414.625,3134.0927734375,0.9989510178565979,0.9986000061035156,91414.625,3141.486328125,0.9999520182609558,0.9995899796485901,53376407252,27211995956,14525256172,109110758515
2026-01-06,93729.03125,3295.94677734375,0.9996489882469177,0.9995419979095459,93729.03125,3295.94677734375,0.9996489882469177,0.9995419979095459,94395.296875,3303.5634765625,1.0003199577331543,1.0001100301742554,91286.546875,3184.0146484375,0.998727023601532,0.9983289837837219,93876.9453125,3226.116455078125,0.9997000098228455,0.9999160170555115,52430605257,27853981622,14275543491,110866357823
2026-01-07,91308.0546875,3166.843994140625,0.9997940063476562,0.9990130066871643,91308.0546875,3166.843994140625,0.9997940063476562,0.9990130066871643,93738.7890625,3296.394287109375,1.001235008239746,1.000588059425354,90601.8046875,3126.552001953125,0.9990019798278809,0.9985979795455933,93727.46875,3295.91259765625,0.9996479749679565,0.9995329976081848,43461295053,22665982583,11845994427,88038722760
2026-01-08,91027.125,3104.382568359375,0.9998390078544617,0.9991790056228638,91027.125,3104.382568359375,0.9998390078544617,0.9991790056228638,91485.8515625,3179.866455078125,1.0007480382919312,0.9997860193252563,89233.875,3052.509765625,0.9993759989738464,0.9983919858932495,91309.640625,3166.924072265625,0.9998059868812561,0.9990469813346863,42386697030,22760237888,12816758107,91586831359
2026-01-09,90513.1015625,3083.047119140625,0.999737024307251,0.998727023601532,90513.1015625,3083.047119140625,0.999737024307251,0.998727023601532,91910.671875,3140.709228515625,1.000831961631775,0.9998900294303894,89625.3828125,3058.096923828125,0.9989259839057922,0.998420000076294,91026.2734375,3104.334716796875,0.9998930096626282,0.999176025390625,38305906684,18879517395,10519608578,79822700567
2026-01-10,90386.6484375,3082.39599609375,0.9997140169143677,0.9986670017242432,90386.6484375,3082.39599609375,0.9997140169143677,0.9986670017242432,90713.03125,3099.16748046875,1.0002729892730713,0.9990220069885254,90283.3984375,3075.135498046875,0.9993230104446411,0.9984909892082214,90510.1015625,3083.16650390625,0.9997289776802063,0.9987099766731262,12385895282,6960662969,3739660466,38115110932
2026-01-11,90827.4609375,3118.88525390625,0.9998310208320618,0.998553991317749,90827.4609375,3118.88525390625,0.9998310208320618,0.998553991317749,91155.2265625,3141.9580078125,1.0005890130996704,0.9994980096817017,90212.0234375,3080.747802734375,0.9992510080337524,0.9983630180358887,90385.359375,3082.407470703125,0.9997180104255676,0.9986690282821655,17165568977,10497219711,4769494718,48265077116
2026-01-12,91192.9921875,3092.3251953125,1.0000250339508057,0.9990280270576477,91192.9921875,3092.3251953125,1.0000250339508057,0.9990280270576477,92395.5234375,3166.219970703125,1.000669002532959,0.9996129870414734,90055.0234375,3068.07275390625,0.9993060231208801,0.9983389973640442,90825.859375,3118.828857421875,0.9998109936714172,0.998537003993988,41346275358,21152711365,12600071660,87724867392
2026-01-13,95321.78125,3322.095458984375,0.9995779991149902,0.9993659853935242,95321.78125,3322.095458984375,0.9995779991149902,0.9993659853935242,96011.625,3352.580078125,1.0004819631576538,1.0010600090026855,90941.9296875,3088.512939453125,0.9987170100212097,0.998091995716095,91185.3359375,3092.008544921875,0.9998279809951782,0.9988980293273926,54980674354,27237310134,18189977539,112113067779
2026-01-14,96929.328125,3354.72265625,0.9997419714927673,0.9999409914016724,96929.328125,3354.72265625,0.9997419714927673,0.9999409914016724,97860.6015625,3397.897705078125,1.0001709461212158,1.0002379417419434,94583.046875,3280.378662109375,0.9989650249481201,0.9983720183372498,95322.90625,3322.192138671875,0.9995989799499512,0.999409019947052,60592490863,33926411912,20336275079,126519673131
2026-01-15,95551.1875,3317.101318359375,0.9997739791870117,0.9996439814567566,95551.1875,3317.101318359375,0.9997739791870117,0.9996439814567566,97150.171875,3382.44873046875,1.0001360177993774,1.000201940536499,95103.2421875,3276.820068359375,0.9986780285835266,0.9987949728965759,96931.2890625,3354.765869140625,0.9997889995574951,0.999987006187439,53086363027,27598686935,13830715438,107358143555
2026-01-16,95525.1171875,3295.482177734375,0.9997519850730896,0.9995129704475403,95525.1171875,3295.482177734375,0.9997519850730896,0.9995129704475403,95801.890625,3325.25048828125,1.0001169443130493,0.9998599886894226,94259.2734375,3251.814453125,0.9988449811935425,0.9988319873809814,95554.1015625,3317.341796875,0.9998070001602173,0.9996730089187622,33248170537,22732887284,11164343412,75532025352
2026-01-17,95099.921875,3308.8642578125,0.9997400045394897,0.9995740056037903,95099.921875,3308.8642578125,0.9997400045394897,0.9995740056037903,95598.4765625,3328.283447265625,0.9999930262565613,0.9997689723968506,95005.6171875,3282.661865234375,0.999426007270813,0.9993060231208801,95525.15625,3295.482666015625,0.9997519850730896,0.9995139837265015,16021715122,11206492253,7082818101,47015213256
2026-01-18,93634.4296875,3281.15771484375,0.9999189972877502,0.9996230006217957,93634.4296875,3281.15771484375,0.9999189972877502,0.9996230006217957,95491.5078125,3367.167724609375,1.0003069639205933,1.000074028968811,93588.8671875,3278.4267578125,0.9994879961013794,0.99931401014328,95101.1796875,3308.90576171875,0.999763011932373,0.99959397315979,20809781232,13557863288,7376111724,55327428612
2026-01-19,92553.59375,3186.62109375,0.9998480081558228,0.9993759989738464,92553.59375,3186.62109375,0.9998480081558228,0.9993759989738464,93660.828125,3282.65478515625,1.000499963760376,1.0006519556045532,92089.25,3166.0166015625,0.9992129802703857,0.9987419843673706,93655.671875,3282.19921875,0.9998340010643005,0.9996690154075623,39195241508,27956112545,14825372333,97910777183
2026-01-20,88310.90625,2935.605712890625,0.999576985836029,0.9987239837646484,88310.90625,2935.605712890625,0.999576985836029,0.9987239837646484,92798.4296875,3197.391845703125,1.0015690326690674,1.0003069639205933,87814.9296875,2925.54345703125,0.9989219903945923,0.9983389973640442,92553.6015625,3186.62109375,0.9998480081558228,0.9993759989738464,53072968031,32985301273,19857549532,113382183141
2026-01-21,89376.9609375,2978.901123046875,0.9997419714927673,0.9990720152854919,89376.9609375,2978.901123046875,0.9997419714927673,0.9990720152854919,90430.40625,3064.390625,1.000931978225708,1.0005830526351929,87231.5703125,2867.264404296875,0.9990959763526917,0.9984549880027771,88326.5078125,2935.882080078125,0.9996410012245178,0.9987559914588928,56330422434,35797876195,18649514637,116676650762
2026-01-22,89462.453125,2949.63330078125,0.9996939897537231,0.9989699721336365,89462.453125,2949.63330078125,0.9996939897537231,0.9989699721336365,90258.9609375,3034.338134765625,1.000741958618164,1.0001699924468994,88438.4453125,2905.562744140625,0.9991160035133362,0.9984400272369385,89378.5234375,2979.307861328125,0.9997779726982117,0.9991750121116638,35549685694,21993593333,14270056572,80572684533
2026-01-23,89503.875,2953.25634765625,0.9996500015258789,0.9986879825592041,89503.875,2953.25634765625,0.9996500015258789,0.9986879825592041,91100.25,3013.9541015625,1.0008699893951416,0.9998990297317505,88486.359375,2892.52099609375,0.9989439845085144,0.9983829855918884,89462.046875,2949.44580078125,0.9997000098228455,0.998956024646759,38997586037,22417700837,14318125707,91479303363
2026-01-24,89110.734375,2948.74072265625,0.9997190237045288,0.9984760284423828,89110.734375,2948.74072265625,0.9997190237045288,0.9984760284423828,89811.609375,2965.46875,1.0004819631576538,0.9991210103034973,89044.2890625,2942.444580078125,0.9992740154266357,0.998134970664978,89506.1484375,2953.23828125,0.9996730089187622,0.9987000226974487,14558687712,8198666763,6062036354,44665384475
2026-01-25,86572.21875,2815.90234375,0.9998070001602173,0.9989299774169922,86572.21875,2815.90234375,0.9998070001602173,0.9989299774169922,89193.1484375,2955.016845703125,1.00102698802948,1.0002919435501099,86003.7109375,2785.896728515625,0.9991440176963806,0.9981819987297058,89104.765625,2948.534423828125,0.9996579885482788,0.9984019994735718,36124986722,22414089670,9082099595,83359133875
2026-01-26,88267.140625,2926.45703125,0.9995030164718628,0.9988999962806702,88267.140625,2926.45703125,0.9995030164718628,0.9988999962806702,88743.0703125,2945.99755859375,1.0009560585021973,1.0003889799118042,86429.2890625,2811.074951171875,0.9990820288658142,0.9984350204467773,86566.5234375,2815.768798828125,0.9998049736022949,0.9989749789237976,45329286974,29668620102,13675333559,99041448523
2026-01-27,89102.5703125,3022.2109375,0.999642014503479,0.9986370205879211,89102.5703125,3022.2109375,0.999642014503479,0.9986370205879211,89427.125,3031.03857421875,1.0008330345153809,1.0001660585403442,87228.921875,2898.3115234375,0.9990450143814087,0.9982150197029114,88257.4765625,2926.201171875,0.9996430277824402,0.998947024345398,38744942267,27976005223,22859750685,88992355219
2026-01-28,89184.5703125,3006.607421875,0.9999619722366333,0.9989230036735535,89184.5703125,3006.607421875,0.9999619722366333,0.9989230036735535,90439.2890625,3040.718505859375,1.0011110305786133,0.999862015247345,88721.4609375,2981.589599609375,0.9991549849510193,0.9981539845466614,89104.046875,3022.237548828125,0.999646008014679,0.9986400008201599,39807419296,21751566455,12492899527,86035251000
2026-01-29,84561.5859375,2818.232666015625,0.9997810125350952,0.9983389973640442,84561.5859375,2818.232666015625,0.9997810125350952,0.9983389973640442,89200.78125,3008.03759765625,1.0008840560913086,0.9994630217552185,83250.6015625,2751.64501953125,0.9990000128746033,0.9978650212287903,89169.8515625,3006.26171875,0.9998869895935059,0.9989079833030701,64653083162,37487198041,15643667862,125513309948
2026-01-30,84128.65625,2702.375244140625,0.9997649788856506,0.9984880089759827,84128.65625,2702.375244140625,0.9997649788856506,0.9984880089759827,84602.1640625,2823.91455078125,1.0020610094070435,1.0008050203323364,81071.4765625,2633.8388671875,0.9986600279808044,0.9973800182342529,84562.7265625,2818.135498046875,0.9997100234031677,0.9983519911766052,72083816087,41877689970,18739743826,141829899671
2026-01-31,78621.1171875,2445.091796875,0.9997659921646118,0.9988909959793091,78621.1171875,2445.091796875,0.9997659921646118,0.9988909959793091,84136.921875,2709.53369140625,1.002977967262268,1.0020309686660767,75815.8828125,2248.69873046875,0.9982860088348389,0.9964470267295837,84126.5,2702.301513671875,0.9997569918632507,0.9984279870986938,70479259159,47569532203,18685671511,150583665656
2026-02-01,76974.4453125,2267.96484375,0.9998390078544617,0.9991099834442139,76974.4453125,2267.96484375,0.9998390078544617,0.9991099834442139,79322.609375,2472.646240234375,1.0011039972305298,1.0003780126571655,75698.8984375,2224.117919921875,0.9990379810333252,0.9983739852905273,78626.125,2445.0693359375,0.9997439980506897,0.9988660216331482,53372509744,40358630560,14013556076,116421737379
2026-02-02,78688.765625,2344.356689453125,0.9996839761734009,0.999131977558136,78688.765625,2344.356689453125,0.9996839761734009,0.999131977558136,79258.609375,2393.0634765625,1.0018019676208496,1.00102698802948,74551.3359375,2158.937255859375,0.9983590245246887,0.9976360201835632,76968.875,2267.5625,0.9997450113296509,0.9990010261535645,75140589684,48844346396,22215014775,177927859370
2026-02-03,75633.546875,2227.558837890625,0.999871015548706,0.9986249804496765,75633.546875,2227.558837890625,0.999871015548706,0.9986249804496765,79118.8515625,2357.2060546875,1.0013560056686401,1.0003529787063599,72897.140625,2109.05517578125,0.9983459711074829,0.998104989528656,78693.5078125,2344.44580078125,0.9997439980506897,0.9991779923439026,68249110822,47906083919,20183840783,141564352928
2026-02-04,73019.703125,2143.504150390625,0.9999030232429504,0.9979450106620789,73019.703125,2143.504150390625,0.9999030232429504,0.9979450106620789,76864.65625,2291.13134765625,1.0014020204544067,0.9999920129776001,71779.9296875,2074.102783203125,0.9982389807701111,0.9970790147781372,75640.09375,2227.967041015625,0.9997479915618896,0.9986230134963989,67215363944,45219604814,20367841495,137826357340
2026-02-05,62702.09765625,1821.68310546875,0.9999200105667114,0.9983170032501221,62702.09765625,1821.68310546875,0.9999200105667114,0.9983170032501221,73161.5546875,2167.139892578125,1.0026439428329468,1.0010039806365967,62353.53515625,1818.664306640625,0.9979469776153564,0.9967079758644104,73016.375,2143.618896484375,0.9999139904975891,0.9979760050773621,125509410908,60381662655,34958544782,219224802375
2026-02-06,70555.390625,2063.386962890625,0.9999330043792725,0.9992409944534302,70555.390625,2063.386962890625,0.9999330043792725,0.9992409944534302,71681.3046875,2090.328125,1.0026600360870361,1.0034830570220947,60074.203125,1748.627685546875,0.998403012752533,0.9976159930229187,62704.453125,1821.12939453125,0.9998610019683838,0.9983339905738831,114674259489,64998454203,32575476835,215984096332
2026-02-07,69281.96875,2090.54931640625,0.9998769760131836,0.999334990978241,69281.96875,2090.54931640625,0.9998769760131836,0.999334990978241,71611.1484375,2115.824951171875,1.0011240243911743,1.0004849433898926,67364.4453125,1995.9185791015625,0.9991000294685364,0.9986109733581543,70553.796875,2063.333740234375,0.9999169707298279,0.9992300271987915,62347107663,41145430304,16284486885,125763048864
2026-02-08,70264.7265625,2088.762939453125,0.9998019933700562,0.9995189905166626,70264.7265625,2088.762939453125,0.9998019933700562,0.9995189905166626,72206.90625,2148.12060546875,1.001175045967102,1.0007200241088867,68852.8984375,2066.3837890625,0.9988759756088257,0.9983479976654053,69283.7265625,2090.633544921875,0.9998940229415894,0.9993489980697632,39721722619,19541713443,8718107351,75693286001
2026-02-09,70120.78125,2103.567626953125,0.9998689889907837,0.9995539784431458,70120.78125,2103.567626953125,0.9998689889907837,0.9995539784431458,71369.96875,2144.97607421875,1.0010310411453247,1.0003199577331543,68291.03125,2008.3623046875,0.9990230202674866,0.9986420273780823,70243.328125,2087.92138671875,0.9998670220375061,0.9994230270385742,52081598792,26750982266,15071991457,98549530094
2026-02-10,68793.9609375,2019.4974365234375,1.0001050233840942,0.9995229840278625,68793.9609375,2019.4974365234375,1.0001050233840942,0.9995229840278625,70464.265625,2122.021484375,1.0010119676589966,1.0005290508270264,67913.09375,1990.1405029296875,0.9992070198059082,0.9987549781799316,70137.390625,2104.181884765625,1.0000720024108887,0.9997130036354065,40593063077,23267337087,13685201330,83129298632
2026-02-11,66991.96875,1940.621337890625,0.9999030232429504,0.9992899894714355,66991.96875,1940.621337890625,0.9999030232429504,0.9992899894714355,69242.6796875,2030.409423828125,1.001209020614624,1.000870943069458,65757.3046875,1903.6851806640625,0.9990559816360474,0.9986960291862488,68791.859375,2019.580078125,0.9999840259552002,0.9994289875030518,49671946030,23922680362,15768940394,95570382590
2026-02-12,66221.84375,1946.940673828125,0.9998679757118225,0.9991639852523804,66221.84375,1946.940673828125,0.9998679757118225,0.9991639852523804,68339.4921875,1999.5028076171875,1.0011149644851685,1.0009310245513916,65092.109375,1897.3348388671875,0.9988470077514648,0.9988610148429871,66992.1953125,1940.8411865234375,0.9999439716339111,0.9993389844894409,44651071271,20106364835,14506072884,86908945469
2026-02-13,68857.84375,2048.52734375,0.999987006187439,0.9994549751281738,68857.84375,2048.52734375,0.999987006187439,0.9994549751281738,69382.8359375,2069.456787109375,1.0012019872665405,1.0006580352783203,65835.78125,1924.136962890625,0.998848021030426,0.9986850023269653,66213.375,1946.6107177734375,0.9998490214347839,0.9991999864578247,40820775886,20412430639,12542607291,81374971150
2026-02-14,69767.625,2086.009765625,1.000020980834961,0.9995920062065125,69767.625,2086.009765625,1.000020980834961,0.9995920062065125,70481.1640625,2105.067626953125,1.000717043876648,1.000365972518921,68706.6171875,2042.6414794921875,0.9994869828224182,0.9990950226783752,68856.984375,2048.330322265625,0.9999189972877502,0.999439001083374,36012397645,16925555543,6375258457,73218628090
2026-02-15,68788.1875,1966.04296875,1.0000749826431274,0.9996299743652344,68788.1875,1966.04296875,1.0000749826431274,0.9996299743652344,70939.2890625,2100.47900390625,1.0009349584579468,1.0006829500198364,68052.546875,1929.3944091796875,0.9992859959602356,0.998852014541626,69764.953125,2085.95361328125,0.9999960064888,0.9995390176773071,40191152750,31030538835,10019369963,94479119736
2026-02-16,68843.15625,1997.917724609375,1.000020980834961,0.9995599985122681,68843.15625,1997.917724609375,1.000020980834961,0.9995599985122681,70067.234375,2021.0836181640625,1.0011310577392578,1.0005769729614258,67301.5859375,1938.5450439453125,0.9992679953575134,0.9990500211715698,68782.3984375,1965.9232177734375,1.0000649690628052,0.999576985836029,33618145426,19219250473,9065005222,72812546748
2026-02-17,67494.21875,1992.1943359375,0.9999240040779114,0.9995139837265015,67494.21875,1992.1943359375,0.9999240040779114,0.9995139837265015,69201.8671875,2013.8560791015625,1.00114905834198,1.0006730556488037,66615.28125,1941.7789306640625,0.9991419911384583,0.9991310238838196,68843.09375,1997.9217529296875,0.9999970197677612,0.9995179772377014,34866936040,20929890501,10245499826,73661675697
2026-02-18,66425.3203125,1953.97412109375,0.9998599886894226,0.9994369745254517,66425.3203125,1953.97412109375,0.9998599886894226,0.9994369745254517,68434.4296875,2037.1585693359375,1.0010050535202026,1.000627040863037,65845.8984375,1923.8134765625,0.9992190003395081,0.9991750121116638,67488.0234375,1992.195068359375,0.999925971031189,0.9995819926261902,33094301643,20187307041,9829768586,69407527524
2026-02-19,66957.5234375,1948.2010498046875,1.00006902217865,0.9996560215950012,66957.5234375,1948.2010498046875,1.00006902217865,0.9996560215950012,67277.125,1985.8076171875,1.0011379718780518,1.0007539987564087,65637.4296875,1906.822021484375,0.9992120265960693,0.9991589784622192,66425.625,1953.994140625,0.9998689889907837,0.9995030164718628,31492987019,17380103826,9250349586,65404394394
2026-02-20,68005.421875,1969.0223388671875,1.0000790357589722,0.9996709823608398,68005.421875,1969.0223388671875,1.0000790357589722,0.9996709823608398,68269.03125,1980.2437744140625,1.0011450052261353,1.0009020566940308,66452.484375,1923.622802734375,0.99931800365448,0.9992219805717468,66958.578125,1948.268798828125,1.000059962272644,0.999646008014679,47507867304,21682976627,11788526341,88084347590
2026-02-21,68003.765625,1973.7371826171875,1.000035047531128,0.9997810125350952,68003.765625,1973.7371826171875,1.000035047531128,0.9997810125350952,68657.703125,1994.8277587890625,1.0007059574127197,1.0003390312194824,67533.0703125,1955.794189453125,0.9994779825210571,0.9993510246276855,68000.25,1968.86181640625,1.0000109672546387,0.9995989799499512,18357635642,11561261802,4827433275,44963461335
2026-02-22,67659.390625,1957.805908203125,0.9998599886894226,0.9995430111885071,67659.390625,1957.805908203125,0.9998599886894226,0.9995430111885071,68235.2265625,1982.2142333984375,1.0008480548858643,1.0003290176391602,67185.6015625,1934.8607177734375,0.9995710253715515,0.9994099736213684,67998.828125,1973.57080078125,0.999983012676239,0.999737024307251,17893536012,9488829492,4431887542,42191374216
2026-02-23,64616.73828125,1855.5028076171875,1.0000699758529663,0.9997010231018066,64616.73828125,1855.5028076171875,1.0000699758529663,0.9997010231018066,67668.4296875,1958.1396484375,1.001265048980713,1.0008399486541748,63924.4375,1838.0416259765625,0.999193012714386,0.9993990063667297,67668.4296875,1958.1396484375,0.9999809861183167,0.9996809959411621,50953457309,23731172668,14798044452,97612248507
2026-02-24,64080.04296875,1852.969482421875,1.0001519918441772,1.0001579523086548,64080.04296875,1852.969482421875,1.0001519918441772,1.0001579523086548,64992.15625,1868.3206787109375,1.0012060403823853,1.0010600090026855,62553.1875,1804.1136474609375,0.9990509748458862,0.9991390109062195,64616.015625,1855.4727783203125,1.000059962272644,0.9997159838676453,40849331086,18475122228,12144212446,76117850091
2026-02-25,67960.125,2054.6279296875,0.999966025352478,1.000169038772583,67960.125,2054.6279296875,0.999966025352478,1.000169038772583,69953.53125,2145.506103515625,1.0010969638824463,1.0010789632797241,63942.484375,1847.05419921875,0.9992449879646301,0.9994109869003296,64077.76953125,1852.87548828125,1.0000890493392944,1.0000760555267334,53629234355,27717195805,15059931701,104118977378
2026-02-26,67453.7734375,2026.7926025390625,0.9999679923057556,1.0000489950180054,67453.7734375,2026.7926025390625,0.9999679923057556,1.0000489950180054,68843.3515625,2082.78662109375,1.0012739896774292,1.0012660026550293,66523.734375,1976.3575439453125,0.9993379712104797,0.9995049834251404,67954.8671875,2053.78271484375,1.0000250339508057,1.0003750324249268,42988597523,23327720766,12083454924,85674647059
2026-02-27,65881.796875,1930.7618408203125,0.9999679923057556,0.9999179840087891,65881.796875,1930.7618408203125,0.9999679923057556,0.9999179840087891,68220.40625,2062.627197265625,1.001065969467163,1.0010470151901245,64946.03515625,1888.6287841796875,0.9990580081939697,0.999671995639801,67456.515625,2026.735107421875,0.9999690055847168,1.000048041343689,40283655942,21136821039,11120526796,82164254219
2026-02-28,66995.859375,1965.050537109375,0.9999979734420776,1.0000419616699219,66995.859375,1965.050537109375,0.9999979734420776,1.0000419616699219,67714.5234375,1983.9927978515625,1.0009360313415527,1.0008840560913086,63062.21875,1837.303466796875,0.999351978302002,0.9995700120925903,65878.9296875,1930.7469482421875,0.9999549984931946,0.9999099969863892,42041497112,21675923669,10363212514,85573259179
2026-03-01,65738.1015625,1939.066650390625,1.0000660419464111,1.000161051750183,65738.1015625,1939.066650390625,1.0000660419464111,1.000161051750183,68162.8203125,2053.28564453125,1.0010210275650024,1.0011379718780518,65076.73046875,1909.098388671875,0.9991469979286194,0.9990220069885254,67005.8828125,1965.3902587890625,1.0001319646835327,1.0002260208129883,40733141929,23649071468,10083917557,83652532400
2026-03-02,68775.8515625,2027.2689208984375,0.9998599886894226,0.9999070167541504,68775.8515625,2027.2689208984375,0.9998599886894226,0.9999070167541504,70044.0,2085.427978515625,1.000769019126892,1.0012749433517456,65303.13671875,1922.4390869140625,0.9993240237236023,0.999222993850708,65734.078125,1939.0587158203125,1.0000799894332886,1.0001840591430664,56698092052,26235436166,17801430255,107157428908
2026-03-03,68293.6484375,1982.7689208984375,1.0000580549240112,1.000087022781372,68293.6484375,1982.7689208984375,1.0000580549240112,1.000087022781372,69232.890625,2040.7916259765625,1.0007749795913696,1.000594973564148,66237.6171875,1930.4029541015625,0.9994710087776184,0.9994649887084961,68785.078125,2027.407958984375,1.0000319480895996,1.000038981437683,47947999049,24100196312,15265585898,94111503524
2026-03-04,72710.578125,2126.50537109375,0.9999200105667114,1.0001360177993774,72710.578125,2126.50537109375,0.9999200105667114,1.0001360177993774,74051.8046875,2198.65673828125,1.0004199743270874,1.000635027885437,67437.40625,1946.0396728515625,0.9993199706077576,0.9994329810142517,68290.5625,1982.711181640625,1.000035047531128,1.0000569820404053,75073101274,33610946768,18377891146,130821327282
2026-03-05,70841.125,2071.60546875,0.999800980091095,0.9998760223388672,70841.125,2071.60546875,0.999800980091095,0.9998760223388672,73555.7890625,2163.0361328125,1.0002809762954712,1.0005700588226318,70654.8828125,2056.01904296875,0.9995599985122681,0.9996780157089233,72712.65625,2126.560546875,0.9999759793281555,1.000120997428894,51172841727,22383576284,14528005431,94552534115
2026-03-06,68136.4921875,1978.751220703125,0.9999439716339111,0.9999150037765503,68136.4921875,1978.751220703125,0.9999439716339111,0.9999150037765503,71378.5703125,2092.51513671875,1.0004689693450928,1.0005199909210205,67757.8203125,1957.0150146484375,0.9994339942932129,0.999646008014679,70842.15625,2072.025634765625,1.0001230239868164,1.000201940536499,43776962871,19733648079,11307141777,81122441885
2026-03-07,67272.59375,1969.4554443359375,0.9999009966850281,0.9999110102653503,67272.59375,1969.4554443359375,0.9999009966850281,0.9999110102653503,68515.1640625,1994.9705810546875,1.000303030014038,1.0002540349960327,66969.2578125,1950.0224609375,0.9997259974479675,0.9996399879455566,68136.6875,1978.6905517578125,0.9999740123748779,0.9999610185623169,23258701211,10236899078,4419353154,48114595839
2026-03-08,65969.78125,1936.604736328125,0.9999960064888,0.9999290108680725,65969.78125,1936.604736328125,0.9999960064888,0.9999290108680725,68177.7890625,1978.7071533203125,1.0002390146255493,1.0002950429916382,65639.1953125,1915.301025390625,0.9996529817581177,0.9995390176773071,67272.5,1969.4522705078125,0.9998990297317505,0.9999099969863892,33195080116,16314032554,6832441892,64087330423
2026-03-09,68402.3828125,1992.938232421875,1.0000139474868774,1.0001020431518555,68402.3828125,1992.938232421875,1.0000139474868774,1.0001020431518555,69474.9453125,2052.327392578125,1.0005300045013428,1.000573992729187,65858.0078125,1930.59912109375,0.9996640086174011,0.9995999932289124,65969.5859375,1936.637451171875,0.9999960064888,0.9999070167541504,49499875378,24015826480,13223417727,91625548383
2026-03-10,69926.921875,2037.1204833984375,1.0000180006027222,1.0001150369644165,69926.921875,2037.1204833984375,1.0000180006027222,1.0001150369644165,71770.8984375,2087.9853515625,1.0007120370864868,1.000802993774414,68402.71875,1992.01416015625,0.9995790123939514,0.9997889995574951,68402.71875,1992.986083984375,1.000020980834961,1.0001020431518555,54003996096,23552353781,13824248725,96697987753
2026-03-11,70204.8828125,2051.5732421875,1.000177025794983,1.000188946723938,70204.8828125,2051.5732421875,1.000177025794983,1.000188946723938,71337.6640625,2085.286376953125,1.0004899501800537,1.0007050037384033,68998.8671875,2008.0386962890625,0.9994530081748962,0.9997569918632507,69931.25,2037.1212158203125,1.0000159740447998,1.0001790523529053,45236859848,19031715359,11636889674,84262268074
2026-03-12,70493.4609375,2073.13623046875,0.9998909831047058,1.0000499486923218,70493.4609375,2073.13623046875,0.9998909831047058,1.0000499486923218,70775.828125,2094.32568359375,1.000514030456543,1.0006810426712036,69230.15625,2019.27783203125,0.9995989799499512,0.999809980392456,70209.765625,2051.7666015625,1.0002230405807495,1.0002620220184326,40871848129,20624954899,11953196742,80128786072
2026-03-13,70968.265625,2092.5634765625,0.999970018863678,1.0001239776611328,70968.265625,2092.5634765625,0.999970018863678,1.0001239776611328,73927.328125,2206.813232421875,1.0002570152282715,1.000573992729187,70410.7265625,2071.582275390625,0.9992939829826355,0.9993730187416077,70497.046875,2073.289306640625,0.9999319911003113,1.0000720024108887,61167226505,29345212033,14721594386,112624310318
2026-03-14,71214.625,2097.086669921875,0.9998859763145447,1.0000909566879272,71214.625,2097.086669921875,0.9998859763145447,1.0000909566879272,71291.203125,2105.5712890625,1.0002620220184326,1.0005229711532593,70339.5859375,2062.659423828125,0.9994860291481018,0.9997349977493286,70965.3828125,2092.558349609375,0.9999840259552002,1.000143051147461,22283546496,10073411269,4065360178,48681733597
2026-03-15,72789.9140625,2177.476318359375,0.9998940229415894,1.0000979900360107,72789.9140625,2177.476318359375,0.9998940229415894,1.0000979900360107,73173.0078125,2201.95556640625,1.000298023223877,1.0004750490188599,70882.421875,2084.20947265625,0.999504029750824,0.9996669888496399,71213.6796875,2096.880859375,0.9998679757118225,1.000100016593933,27991268669,15333885132,6265594912,60328450249
2026-03-16,74861.0859375,2351.176025390625,0.9999489784240723,1.0000050067901611,74861.0859375,2351.176025390625,0.9999489784240723,1.0000050067901611,74901.859375,2384.466552734375,1.0003139972686768,1.0006070137023926,72300.6328125,2166.00244140625,0.9993169903755188,0.9994480013847351,72798.171875,2177.782958984375,0.9999380111694336,1.0001660585403442,55572438409,38938369545,14804841553,119442290411
2026-03-17,73922.4765625,2318.053466796875,0.9998490214347839,1.0001490116119385,73922.4765625,2318.053466796875,0.9998490214347839,1.0001490116119385,75988.3984375,2375.455078125,1.0002750158309937,1.0004669427871704,73444.2265625,2297.668701171875,0.999364972114563,0.9994810223579407,74855.296875,2351.134765625,0.9999210238456726,1.000012993812561,49500721728,26737564550,12867619868,97513062671
2026-03-18,71245.578125,2203.671630859375,0.9998689889907837,0.9999390244483948,71245.578125,2203.671630859375,0.9998689889907837,0.9999390244483948,74658.9765625,2348.904296875,1.0002750158309937,1.0004210472106934,70503.859375,2154.584228515625,0.9992049932479858,0.9995080232620239,73936.8515625,2318.556884765625,1.0000439882278442,1.0002859830856323,46229011155,25617966362,11966644417,94380871753
2026-03-19,69912.7890625,2137.423828125,1.0000319480895996,1.000067949295044,69912.7890625,2137.423828125,1.0000319480895996,1.000067949295044,71598.84375,2232.203857421875,1.0003520250320435,1.0005300045013428,68805.5234375,2099.88916015625,0.9995650053024292,0.9995999932289124,71250.3515625,2203.478759765625,0.9998779892921448,0.999966025352478,44631433398,24090913749,11187065049,89763948354
2026-03-20,70522.5859375,2146.4970703125,1.0001660585403442,1.0000200271606445,70522.5859375,2146.4970703125,1.0001660585403442,1.0000200271606445,71346.796875,2175.699462890625,1.0005559921264648,1.0004390478134155,69398.8828125,2117.276123046875,0.9994909763336182,0.999521017074585,69911.53125,2137.394287109375,1.0000410079956055,1.0000890493392944,38299078407,17970488517,9342605246,75445478896
2026-03-21,68711.5234375,2076.68994140625,1.0000460147857666,0.9998170137405396,68711.5234375,2076.68994140625,1.0000460147857666,0.9998170137405396,71051.2734375,2166.7158203125,1.000440001487732,1.0003780126571655,68602.9140625,2072.38330078125,0.9996950030326843,0.9995909929275513,70522.46875,2146.7099609375,1.000169038772583,0.9999909996986389,21109354718,8654913047,3405676718,44184513156
2026-03-22,67845.2109375,2053.04833984375,0.9999809861183167,0.999858021736145,67845.2109375,2053.04833984375,0.9999809861183167,0.999858021736145,69561.7734375,2125.9765625,1.0003999471664429,1.000383973121643,67372.875,2027.0478515625,0.9996669888496399,0.9995970129966736,68737.4453125,2077.201171875,1.0000760555267334,0.9999740123748779,30108051508,16438149794,6818172709,63280420548
2026-03-23,70914.859375,2152.14599609375,1.0001189708709717,0.9998959898948669,70914.859375,2152.14599609375,1.0001189708709717,0.9998959898948669,71782.2578125,2195.99169921875,1.00068998336792,1.0006049871444702,67458.84375,2023.2718505859375,0.9992960095405579,0.9990329742431641,67843.0,2052.953125,0.9999520182609558,0.9998260140419006,51508669357,28509077302,14336587930,105274161423
2026-03-24,70517.859375,2155.704345703125,1.0000059604644775,0.9996020197868347,70517.859375,2155.704345703125,1.0000059604644775,0.9996020197868347,71371.3046875,2174.325927734375,1.000519037246704,1.000380039215088,68920.6953125,2103.3828125,0.9993810057640076,0.999114990234375,70912.671875,2152.114501953125,1.0001059770584106,0.9998810291290283,40181522399,18389631713,11503850354,81563081028
2026-03-25,71309.8828125,2168.021484375,0.9998509883880615,0.9996160268783569,71309.8828125,2168.021484375,0.9998509883880615,0.9996160268783569,71985.7421875,2198.369873046875,1.0009750127792358,1.0001980066299438,70383.59375,2146.6162109375,0.9983659982681274,0.9990749955177307,70520.046875,2155.719482421875,1.0000380277633667,0.9996029734611511,35409791747,17086301657,9891950862,74795753075
2026-03-26,68791.625,2059.578369140625,1.0000849962234497,0.9994829893112183,68791.625,2059.578369140625,1.0000849962234497,0.9994829893112183,71410.390625,2171.156982421875,1.000478982925415,1.0000840425491333,68118.3515625,2033.7310791015625,0.9993129968643188,0.9989749789237976,71310.1171875,2168.02880859375,0.9998540282249451,0.9996200203895569,38962070215,18628112246,10473912782,79503228034
2026-03-27,66338.375,1991.27197265625,0.9999439716339111,0.9993500113487244,66338.375,1991.27197265625,0.9999439716339111,0.9993500113487244,69117.53125,2075.17041015625,1.0004149675369263,1.0005320310592651,65532.5703125,1971.5067138671875,0.999347984790802,0.9989680051803589,68790.8359375,2059.44873046875,0.9998469948768616,0.9993680119514465,46483453594,19453998121,11188014890,86870571189
2026-03-28,66319.6953125,1992.694580078125,0.9997249841690063,0.9991959929466248,66319.6953125,1992.694580078125,0.9997249841690063,0.9991959929466248,67232.859375,2038.7030029296875,1.0003889799118042,0.9997869729995728,65906.7421875,1982.1300048828125,0.9994570016860962,0.9990190267562866,66338.5,1991.283447265625,1.0000040531158447,0.9994230270385742,20924883455,8641221084,4638803608,44528571832
2026-03-29,65954.921875,1982.5596923828125,0.9999880194664001,0.9992290139198303,65954.921875,1982.5596923828125,0.9999880194664001,0.9992290139198303,67052.953125,2016.545166015625,1.0005320310592651,1.000025987625122,64971.70703125,1939.5286865234375,0.9993079900741577,0.9989230036735535,66319.6953125,1992.69384765625,0.9997249841690063,0.9991959929466248,21645889785,9451184647,4928797586,44838021705
2026-03-30,66691.4453125,2023.514892578125,0.9996920228004456,0.9991239905357361,66691.4453125,2023.514892578125,0.9996920228004456,0.9991239905357361,68087.2890625,2082.064697265625,1.0006459951400757,1.000148057937622,65759.8046875,1979.076904296875,0.9993029832839966,0.9987850189208984,65958.3515625,1982.5506591796875,0.9999889731407166,0.9991220235824585,37694994180,17840662425,10412150498,73050764474
2026-03-31,68233.3125,2104.708251953125,0.9996740221977234,0.999023973941803,68233.3125,2104.708251953125,0.9996740221977234,0.999023973941803,68495.2734375,2118.796875,1.0001649856567383,0.9996470212936401,65950.4375,2011.7952880859375,0.9991359710693359,0.99863201379776,66694.5859375,2023.5206298828125,0.9997010231018066,0.9991509914398193,42997691338,21278561395,11937610059,82134089780
2026-04-01,68078.5546875,2138.737060546875,0.999888002872467,0.9998000264167786,68078.5546875,2138.737060546875,0.999888002872467,0.9998000264167786,69230.359375,2165.666259765625,1.0004229545593262,1.0001699924468994,67555.359375,2082.291748046875,0.9987990260124207,0.9984059929847717,68232.890625,2104.717529296875,0.9996640086174011,0.9990720152854919,36465393617,19542997434,12419162767,76890870730
2026-04-02,66888.5703125,2056.8525390625,0.9999189972877502,0.999891996383667,66888.5703125,2056.8525390625,0.9999189972877502,0.999891996383667,68633.1484375,2158.15771484375,1.000296950340271,1.000120997428894,65725.2578125,2016.989990234375,0.9994279742240906,0.999243974685669,68077.8984375,2138.7236328125,0.9998779892921448,0.9997529983520508,39323384518,18847170816,10841918199,81269845074
2026-04-03,66931.1015625,2053.38525390625,0.9999200105667114,0.9998040199279785,66931.1015625,2053.38525390625,0.9999200105667114,0.9998040199279785,67296.234375,2075.764404296875,1.0002210140228271,1.0000929832458496,66281.5390625,2042.176025390625,0.9993780255317688,0.9992960095405579,66889.015625,2056.704833984375,0.9998940229415894,0.9998480081558228,22815543346,9609678843,5591343047,50152434456
2026-04-04,67290.515625,2065.3515625,0.9999330043792725,0.9998440146446228,67290.515625,2065.3515625,0.9999330043792725,0.9998440146446228,67515.015625,2082.00244140625,1.0001310110092163,0.9999899864196777,66769.640625,2044.87158203125,0.9995179772377014,0.999455988407135,66938.6484375,2053.58447265625,1.0000089406967163,0.9998670220375061,15878814963,6926913517,3420773647,37736218290
2026-04-05,68981.8984375,2108.99560546875,0.9998109936714172,0.9995999932289124,68981.8984375,2108.99560546875,0.9998109936714172,0.9995999932289124,69087.65625,2120.49951171875,1.0000959634780884,1.0000009536743164,66610.6328125,2022.6453857421875,0.9995520114898682,0.9991689920425415,67291.1953125,2065.37060546875,0.9999340176582336,0.9998409748077393,22972648674,9928800793,5062594562,47618619136
2026-04-06,68859.828125,2107.761474609375,0.9994630217552185,0.9997410178184509,68859.828125,2107.761474609375,0.9994630217552185,0.9997410178184509,70305.421875,2172.985107421875,1.000488042831421,1.0002390146255493,68347.078125,2089.10009765625,0.9992460012435913,0.9993500113487244,68982.9140625,2108.935791015625,0.9998090267181396,0.9995390176773071,39542143229,19097527675,11013257356,76732263965
2026-04-07,71940.703125,2241.806640625,0.9997329711914062,0.9996160268783569,71940.703125,2241.806640625,0.9997329711914062,0.9996160268783569,72732.4296875,2270.594970703125,1.000175952911377,1.0002670288085938,67740.5078125,2061.467529296875,0.9994140267372131,0.9994289875030518,68859.375,2107.784912109375,0.9995350241661072,0.9998059868812561,44650511480,22588914083,12996614618,88757743502
2026-04-08,71123.359375,2190.33544921875,0.9998149871826172,0.9999399781227112,71123.359375,2190.33544921875,0.9998149871826172,0.9999399781227112,72825.1875,2269.8798828125,1.0003880262374878,1.0004379749298096,70707.46875,2181.231201171875,0.9991359710693359,0.9992420077323914,71950.1484375,2242.276611328125,0.9997879862785339,0.9997569918632507,42444631703,21469476310,11616083005,85488074069
2026-04-09,71767.828125,2189.14404296875,0.9998210072517395,0.9999679923057556,71767.828125,2189.14404296875,0.9998210072517395,0.9999679923057556,73107.265625,2243.972900390625,1.0003340244293213,1.0003830194473267,70486.359375,2158.017578125,0.9992730021476746,0.9993569850921631,71120.5703125,2190.33251953125,0.999845027923584,0.9999189972877502,38799581473,17218638798,11433373671,77324969678
2026-04-10,72979.046875,2245.148681640625,0.9998289942741394,1.000236988067627,72979.046875,2245.148681640625,0.9998289942741394,1.000236988067627,73440.1171875,2257.18408203125,1.0002100467681885,1.0005580186843872,71434.828125,2176.851318359375,0.999239981174469,0.9994210004806519,71774.3671875,2189.380859375,0.9998930096626282,1.0000200271606445,37722595732,17131968712,10408621814,83525941769
2026-04-11,73054.2734375,2285.39013671875,0.9997869729995728,1.0002009868621826,73054.2734375,2285.39013671875,0.9997869729995728,1.0002009868621826,73784.234375,2327.457763671875,1.000095009803772,1.0005910396575928,72556.3359375,2230.751953125,0.9993280172348022,0.9998310208320618,72976.125,2245.1044921875,0.9998220205307007,1.0002460479736328,23287073965,12620960384,5360969434,61407551415
2026-04-12,70753.40625,2192.201171875,0.999750018119812,0.9999629855155945,70753.40625,2192.201171875,0.999750018119812,0.9999629855155945,73154.03125,2288.448486328125,1.0001020431518555,1.0005320310592651,70540.5703125,2177.485595703125,0.999347984790802,0.9996110200881958,73056.046875,2285.43017578125,0.9998160004615784,1.000216007232666,29882740487,15307071617,6810998325,61952128502
2026-04-13,74484.640625,2370.71484375,0.9997069835662842,1.0002390146255493,74484.640625,2370.71484375,0.9997069835662842,1.0002390146255493,74896.3125,2393.759033203125,1.0002950429916382,1.000614047050476,70588.5234375,2176.32470703125,0.9991700053215027,0.9996129870414734,70757.6171875,2192.33154296875,0.9997749924659729,0.9999759793281555,52278211554,23709131572,13787134943,97050409497
2026-04-14,74181.609375,2323.30859375,0.99965900182724,1.0002299547195435,74181.609375,2323.30859375,0.99965900182724,1.0002299547195435,76061.7578125,2415.52734375,1.0001310110092163,1.0008330345153809,73877.203125,2304.412353515625,0.99925297498703,0.9997760057449341,74478.3984375,2370.314453125,0.9996430277824402,1.000154972076416,53540826530,25185167270,48397331732,137144185887
2026-04-15,74805.078125,2359.43701171875,0.9996870160102844,1.000025987625122,74805.078125,2359.43701171875,0.9996870160102844,1.000025987625122,75409.2734375,2384.999267578125,1.000048041343689,1.0005199909210205,73549.203125,2310.70703125,0.9991989731788635,0.9996010065078735,74182.0234375,2323.34326171875,0.9997320175170898,1.0002750158309937,38090174312,17004367348,50324873398,115334282853
2026-04-16,75152.1328125,2348.64501953125,0.9997590184211731,1.0000669956207275,75152.1328125,2348.64501953125,0.9997590184211731,1.0000669956207275,75506.5703125,2369.17236328125,1.0000879764556885,1.0004010200500488,73346.265625,2285.7099609375,0.9994570016860962,0.9996430277824402,74810.875,2359.70458984375,0.9997479915618896,1.0001120567321777,41312783855,20602833116,51514099644,133729755292
2026-04-17,77126.875,2421.07177734375,0.9996439814567566,1.0002529621124268,77126.875,2421.07177734375,0.9996439814567566,1.0002529621124268,78320.6796875,2464.783447265625,1.0002230405807495,1.0006530284881592,74558.6015625,2318.141845703125,0.9992089867591858,0.9995980262756348,75164.0390625,2348.85498046875,0.9998260140419006,1.0001590251922607,54137194839,26467618336,59373340778,155614460546
2026-04-18,75726.2109375,2351.1005859375,0.9996809959411621,1.0002870559692383,75726.2109375,2351.1005859375,0.9996809959411621,1.0002870559692383,77416.703125,2427.278076171875,1.0000410079956055,1.0004940032958984,75504.9453125,2341.125732421875,0.9994009733200073,0.9998549818992615,77136.046875,2421.102294921875,0.9996960163116455,1.0002670288085938,26014416776,14400085617,50261256473,108840158490
2026-04-19,73856.3515625,2264.9169921875,0.9996659755706787,1.0001980066299438,73856.3515625,2264.9169921875,0.9996659755706787,1.0001980066299438,76243.09375,2355.783203125,1.0000849962234497,1.0006159543991089,73802.3828125,2254.697509765625,0.999405026435852,0.9998049736022949,75723.6953125,2350.86181640625,0.9996280074119568,1.000270962715149,30931515195,17083701612,46240717075,109498515721
2026-04-20,75872.5234375,2315.21240234375,0.9997090101242065,1.0002529621124268,75872.5234375,2315.21240234375,0.9997090101242065,1.0002529621124268,76575.359375,2346.2734375,1.0000360012054443,1.000627040863037,73775.5703125,2262.052978515625,0.9994469881057739,0.9998729825019836,73854.25,2264.87353515625,0.9996539950370789,1.0001939535140991,39674447916,19084768822,56253314897,125686661523
2026-04-21,76352.7734375,2327.970458984375,0.9997599720954895,1.0001649856567383,76352.7734375,2327.970458984375,0.9997599720954895,1.0001649856567383,76881.4765625,2338.012451171875,1.0000449419021606,1.0005099773406982,74852.671875,2287.3798828125,0.9993759989738464,0.9997649788856506,75872.828125,2315.178466796875,0.9997519850730896,1.0002590417861938,36453522626,16107716719,55088785802,116258719356
2026-04-22,78203.1015625,2376.088134765625,0.9997590184211731,1.0001920461654663,78203.1015625,2376.088134765625,0.9997590184211731,1.0001920461654663,79468.0,2422.8603515625,0.9999970197677612,1.0005910396575928,76159.578125,2314.590087890625,0.9992570281028748,0.9995999932289124,76354.21875,2327.96484375,0.9997230172157288,1.0001879930496216,48336654537,22465555335,55002268844,134387088699
2026-04-23,78268.953125,2331.513916015625,0.9999979734420776,1.0004080533981323,78268.953125,2331.513916015625,0.9999979734420776,1.0004080533981323,78676.9375,2380.135986328125,1.000499963760376,1.0009280443191528,77014.453125,2287.55322265625,0.9994329810142517,0.9998559951782227,78203.875,2376.087890625,0.9996219873428345,1.000082015991211,40354900916,19909161913,58063452615,129374526333
2026-04-24,77455.3125,2315.690185546875,0.9998430013656616,1.000241994857788,77455.3125,2315.690185546875,0.9998430013656616,1.000241994857788,78554.09375,2337.2666015625,1.0003880262374878,1.0008100271224976,77318.4453125,2301.52734375,0.9995239973068237,1.0000230073928833,78263.8203125,2331.56884765625,0.9999430179595947,1.000311017036438,32784213526,13371168064,59451994320,119745622419
2026-04-25,77612.015625,2318.8291015625,0.9997329711914062,1.0001670122146606,77612.015625,2318.8291015625,0.9997329711914062,1.0001670122146606,77882.640625,2323.410400390625,1.0000510215759277,1.000378966331482,77184.6640625,2302.201171875,0.9995459914207458,0.9999520182609558,77457.2109375,2315.741455078125,0.9999020099639893,1.0002930164337158,16702933134,6545621782,52285978958,90948997337
2026-04-26,78657.5390625,2369.72900390625,0.9999549984931946,1.0002919435501099,78657.5390625,2369.72900390625,0.9999549984931946,1.0002919435501099,78923.5625,2379.32421875,1.0002880096435547,1.0007350444793701,77334.890625,2307.565185546875,0.9994620084762573,0.999858021736145,77613.1171875,2318.906494140625,0.9997439980506897,1.000175952911377,21482934750,10622966933,51609784281,95862129345
2026-04-27,77366.625,2303.06396484375,0.9998199939727783,0.9998890161514282,77366.625,2303.06396484375,0.9998199939727783,0.9998890161514282,79488.171875,2403.7265625,1.0003900527954102,1.000648021697998,76481.34375,2267.409423828125,0.9996200203895569,0.9997190237045288,78661.015625,2369.841796875,0.9999859929084778,1.0003180503845215,38135631927,17879618684,58369563643,127579200432
2026-04-28,76350.671875,2289.419677734375,0.9999529719352722,0.9999020099639893,76350.671875,2289.419677734375,0.9999529719352722,0.9999020099639893,77483.8671875,2310.442138671875,1.000378966331482,1.0004220008850098,75673.6015625,2259.057373046875,0.9995539784431458,0.999642014503479,77368.1171875,2303.079833984375,0.9998340010643005,0.9999169707298279,32056900880,12761522276,51607421949,108079022559
2026-04-29,75776.1328125,2253.415771484375,0.9997850060462952,0.9995589852333069,75776.1328125,2253.415771484375,0.9997850060462952,0.9995589852333069,77884.96875,2345.939697265625,1.000609040260315,1.0005550384521484,74958.5703125,2221.223876953125,0.9995430111885071,0.9993990063667297,76350.6875,2289.412109375,0.9999489784240723,0.9998829960823059,41460907886,21884731493,46515590791,124591006235
2026-04-30,76304.3203125,2256.251220703125,0.999750018119812,0.9996039867401123,76304.3203125,2256.251220703125,0.999750018119812,0.9996039867401123,76611.484375,2277.71826171875,1.0004509687423706,1.0001169443130493,75318.984375,2232.130859375,0.9994099736213684,0.9992790222167969,75778.6328125,2253.484375,0.9998720288276672,0.9995629787445068,29497862305,12309496389,57325594959,111108953391
2026-05-01,78179.0,2295.09375,0.9998409748077393,0.9998049736022949,78179.0,2295.09375,0.9998409748077393,0.9998049736022949,78894.9765625,2324.7880859375,1.0001850128173828,1.0001410245895386,76294.6953125,2256.078125,0.9994990229606628,0.9992660284042358,76305.0546875,2256.344970703125,0.9998120069503784,0.9995819926261902,39164328894,13243880777,56540568359,119458344384
2026-05-02,78657.25,2316.23193359375,0.9997389912605286,0.9997479915618896,78657.25,2316.23193359375,0.9997389912605286,0.9997479915618896,79119.7890625,2339.74365234375,0.9999939799308777,0.9999769926071167,78031.9609375,2292.72265625,0.9995329976081848,0.9994990229606628,78177.75,2295.04443359375,0.9997850060462952,0.9997869729995728,16761531851,6905015549,45521501928,83384241699
2026-05-03,78538.2265625,2321.6357421875,0.9998769760131836,0.9997779726982117,78538.2265625,2321.6357421875,0.9998769760131836,0.9997779726982117,79402.359375,2354.710205078125,1.0000890493392944,1.000087022781372,78073.078125,2297.55322265625,0.9994639754295349,0.9994249939918518,78656.7265625,2316.2109375,0.9997360110282898,0.9997400045394897,20544392639,9861070993,42370165541,85831067559
2026-05-04,79827.90625,2346.39697265625,0.9998310208320618,0.9997770190238953,79827.90625,2346.39697265625,0.9998310208320618,0.9997770190238953,80742.359375,2397.6083984375,1.0000979900360107,1.000087022781372,78217.9609375,2309.260986328125,0.9994570016860962,0.999347984790802,78540.2890625,2321.81640625,0.9999009966850281,0.9997979998588562,54325085296,25497505008,61799248386,150692433864
2026-05-05,80927.0546875,2361.1826171875,0.9998130202293396,0.9998319745063782,80927.0546875,2361.1826171875,0.9998130202293396,0.9998319745063782,81751.453125,2398.83349609375,1.0001859664916992,1.0001460313796997,79787.578125,2344.934326171875,0.9993900060653687,0.9993680119514465,79823.53125,2346.4150390625,0.9998170137405396,0.9997689723968506,39700107376,17739612383,60339466243,131073019539
2026-05-06,81427.53125,2350.802001953125,0.9998739957809448,0.9998779892921448,81427.53125,2350.802001953125,0.9998739957809448,0.9998779892921448,82792.2109375,2423.040283203125,1.0000300407409668,1.0000649690628052,80751.0234375,2338.483154296875,0.9992780089378357,0.9992489814758301,80930.734375,2361.290771484375,0.9998310208320618,0.999871015548706,41751540000,22745786496,54359012528,137810550698
2026-05-07,80009.9921875,2291.107666015625,0.9997940063476562,0.9997979998588562,80009.9921875,2291.107666015625,0.9997940063476562,0.9997979998588562,81684.953125,2351.738037109375,1.00005304813385,1.0000330209732056,79522.65625,2280.814697265625,0.9992780089378357,0.9895769953727722,81428.8515625,2350.8525390625,0.999904990196228,0.9999070167541504,36931193154,23409823896,53006537489,124560832366
2026-05-08,80186.765625,2306.97216796875,0.9998229742050171,0.9998760223388672,80186.765625,2306.97216796875,0.9998229742050171,0.9998760223388672,80447.265625,2320.692138671875,1.0000360012054443,0.9999859929084778,79205.515625,2265.833251953125,0.9994540214538574,0.9895820021629333,80009.625,2291.07568359375,0.9997820258140564,0.999750018119812,33789351540,20013463010,12629731511,82936619895
2026-05-09,80664.3671875,2326.727294921875,0.9996939897537231,0.9997239708900452,80664.3671875,2326.727294921875,0.9996939897537231,0.9997239708900452,81030.0625,2336.927001953125,0.9999790191650391,1.0000640153884888,80119.9296875,2300.544921875,0.999504029750824,0.9995729923248291,80187.7421875,2307.069580078125,0.9998419880867004,0.9998970031738281,18102086996,12217205123,5979947489,53674811720
2026-05-10,82138.9296875,2369.0439453125,0.999783992767334,0.9998509883880615,82138.9296875,2369.0439453125,0.999783992767334,0.9998509883880615,82430.171875,2381.263916015625,0.9999880194664001,1.0000189542770386,80274.1328125,2313.127197265625,0.9993129968643188,0.9992669820785522,80665.609375,2326.744384765625,0.9997379779815674,0.9997429847717285,26965971077,19587186882,8670524275,74732275993
2026-05-11,81728.296875,2339.36083984375,0.9998180270195007,0.9997900128364563,81728.296875,2339.36083984375,0.9998180270195007,0.9997900128364563,82326.234375,2374.303466796875,1.0000449419021606,1.0000669956207275,80451.421875,2305.080810546875,0.9993389844894409,0.9993489980697632,82139.046875,2369.193359375,0.9997779726982117,0.9998909831047058,32409774919,15525623296,12770866516,76617216812
2026-05-12,80477.4921875,2274.6435546875,0.9997760057449341,0.9997490048408508,80477.4921875,2274.6435546875,0.9997760057449341,0.9997490048408508,81753.03125,2339.6904296875,1.0000929832458496,0.9998900294303894,79832.1015625,2256.41943359375,0.9993879795074463,0.9993810057640076,81725.3515625,2339.287109375,0.9997869729995728,0.999763011932373,32186688600,16145394773,10248729671,74279983088
2026-05-13,79277.1171875,2257.576416015625,0.999763011932373,0.9995499849319458,79277.1171875,2257.576416015625,0.999763011932373,0.9995499849319458,81276.671875,2322.233154296875,0.9999859929084778,0.9998570084571838,78725.5078125,2233.55322265625,0.9992550015449524,0.9992679953575134,80476.7890625,2274.591796875,0.9997599720954895,0.9997209906578064,34075428359,15193768365,11330175212,79384352535
2026-05-14,81051.25,2280.934814453125,0.9997770190238953,0.9997419714927673,81051.25,2280.934814453125,0.9997770190238953,0.9997419714927673,82005.9609375,2317.948486328125,0.9999840259552002,1.0001100301742554,78909.6796875,2238.471923828125,0.9993789792060852,0.9992960095405579,79276.9453125,2257.57177734375,0.9997609853744507,0.9995480179786682,43731663431,17563432027,13167898033,88984161413
2026-05-15,79065.6796875,2223.328857421875,0.9996680021286011,0.9993410110473633,79065.6796875,2223.328857421875,0.9996680021286011,0.9993410110473633,81634.84375,2298.686279296875,1.0000319480895996,0.9999340176582336,78635.3671875,2204.765380859375,0.9988240003585815,0.9991840124130249,81046.8671875,2280.933349609375,0.9997329711914062,0.9996939897537231,38183347368,18146855938,12871524781,81071131124
2026-05-16,78131.4375,2179.751953125,0.999688982963562,0.9994680285453796,78131.4375,2179.751953125,0.999688982963562,0.9994680285453796,79173.5,2229.845947265625,1.0000200271606445,0.9997239708900452,77630.734375,2162.048828125,0.9995329976081848,0.9991250038146973,79066.0,2223.33837890625,0.9996730089187622,0.9993500113487244,25895799905,11451672017,5545676774,56060303886
2026-05-17,77429.3515625,2127.645263671875,0.9997400045394897,0.9994000196456909,77429.3515625,2127.645263671875,0.9997400045394897,0.9994000196456909,78539.3984375,2196.7822265625,1.0000580549240112,0.9998570084571838,76783.4140625,2097.02099609375,0.9992300271987915,0.9987000226974487,78133.5859375,2179.8544921875,0.999705970287323,0.9994999766349792,20900166465,10143205921,5825634551,47640930738
2026-05-18,76954.171875,2128.51611328125,0.9998239874839783,0.9993209838867188,76954.171875,2128.51611328125,0.9998239874839783,0.9993209838867188,77749.3203125,2155.964111328125,1.0003429651260376,0.9999079704284668,76029.2265625,2078.6162109375,0.9994490146636963,0.9989929795265198,77426.34375,2127.681396484375,0.9997159838676453,0.999364972114563,41520471808,19890789125,14131158920,84344135858
2026-05-19,76750.90625,2109.9638671875,0.9997199773788452,0.9990440011024475,76750.90625,2109.9638671875,0.9997199773788452,0.9990440011024475,77346.8671875,2143.56298828125,1.0002779960632324,0.9998000264167786,76082.3671875,2093.475341796875,0.9994400143623352,0.9988769888877869,76954.75,2128.531982421875,0.9998220205307007,0.9993330240249634,26031898332,12030742868,10594210355,59257324852
2026-05-20,77457.7734375,2126.9833984375,0.9996470212936401,0.9989979863166809,77457.7734375,2126.9833984375,0.9996470212936401,0.9989979863166809,77775.5703125,2146.50634765625,1.0004090070724487,0.9998390078544617,76463.6484375,2101.83349609375,0.9993389844894409,0.9987040162086487,76749.453125,2109.85400390625,0.9997100234031677,0.9990360140800476,26668360936,12076799234,12234157464,64254604443
2026-05-21,77539.171875,2131.41064453125,0.9997149705886841,0.9990329742431641,77539.171875,2131.41064453125,0.9997149705886841,0.9990329742431641,78100.5625,2154.22216796875,1.0004559755325317,1.000020980834961,76655.4375,2103.46044921875,0.999334990978241,0.9987490177154541,77462.5078125,2127.17236328125,0.9996749758720398,0.9990130066871643,27141485404,14344389472,10791714196,67639293406
2026-05-22,75488.2421875,2064.636962890625,0.9996950030326843,0.9988089799880981,75488.2421875,2064.636962890625,0.9996950030326843,0.9988089799880981,77819.453125,2138.97998046875,1.0003379583358765,0.9995989799499512,75323.875,2056.92919921875,0.9993939995765686,0.9985560178756714,77538.1171875,2131.3701171875,0.9997159838676453,0.9990450143814087,27859040109,13229489284,11956346546,66990331435
2026-05-23,76673.3671875,2115.951416015625,0.9996960163116455,0.9988340139389038,76673.3671875,2115.951416015625,0.9996960163116455,0.9988340139389038,77288.1171875,2145.579345703125,1.0004609823226929,0.9995779991149902,74255.234375,2010.5504150390625,0.9994329810142517,0.9985299706459045,75488.3125,2064.634765625,0.9996820092201233,0.998786985874176,29973220002,16650709488,8644364000,68060738695
2026-05-24,76981.125,2097.993896484375,0.99965500831604,0.9987469911575317,76981.125,2097.993896484375,0.99965500831604,0.9987469911575317,77372.5390625,2127.309814453125,1.000396966934204,0.9996020197868347,76019.890625,2061.329833984375,0.999343991279602,0.9985129833221436,76670.65625,2115.544921875,0.9997979998588562,0.9987720251083374,20572738918,10602558120,7111372586,49926370850
2026-05-25,77279.9296875,2111.370361328125,0.9996849894523621,0.9990460276603699,77279.9296875,2111.370361328125,0.9996849894523621,0.9990460276603699,77804.921875,2138.411376953125,1.0001970529556274,0.9995440244674683,76833.0390625,2090.516357421875,0.9993249773979187,0.9985470175743103,76981.125,2097.993896484375,0.99965500831604,0.9987469911575317,19808387601,10167436482,8859366843,54224709016
2026-05-26,75825.734375,2070.858154296875,0.9997649788856506,0.9985929727554321,75825.734375,2070.858154296875,0.9997649788856506,0.9985929727554321,77990.8671875,2138.006103515625,1.0007870197296143,1.000048041343689,75569.46875,2054.361083984375,0.9993389844894409,0.9981560111045837,77280.125,2111.366455078125,0.9996730089187622,0.9990130066871643,35999475458,15924080901,15758816892,81457023872
2026-05-27,74344.703125,2022.1982421875,0.9996730089187622,0.9984509944915771,74344.703125,2022.1982421875,0.9996730089187622,0.9984509944915771,76014.296875,2092.980712890625,1.0006129741668701,0.9996129870414734,74136.5,2014.632568359375,0.9991829991340637,0.9978399872779846,75825.3046875,2070.86669921875,0.9997649788856506,0.9985920190811157,33802172927,14534289020,13736410842,75408547199
2026-05-28,73536.5546875,2007.552734375,0.9995949864387512,0.9985629916191101,73536.5546875,2007.552734375,0.9995949864387512,0.9985629916191101,74460.125,2025.7589111328125,1.0006699562072754,0.9996690154075623,72493.4140625,1966.2794189453125,0.9992430210113525,0.9979739785194397,74339.5703125,2022.0908203125,0.9996809959411621,0.9984380006790161,40148145327,18109844096,12981196906,85658639304
2026-05-29,73372.5234375,2011.978515625,0.9996039867401123,0.9986100196838379,73372.5234375,2011.978515625,0.9996039867401123,0.9986100196838379,74218.5625,2042.5430908203125,1.000370979309082,0.9992640018463135,72435.625,1975.1915283203125,0.9991790056228638,0.9982240200042725,73537.03125,2007.5496826171875,0.9995890259742737,0.9985460042953491,34457929250,14941194039,10129424755,76188313934
2026-05-30,73754.8359375,2019.458251953125,0.9997169971466064,0.9985610246658325,73754.8359375,2019.458251953125,0.9997169971466064,0.9985610246658325,74020.7578125,2028.4417724609375,1.0003050565719604,0.9994530081748962,73125.234375,2000.165771484375,0.99925297498703,0.998308002948761,73370.8515625,2011.909423828125,0.9996050000190735,0.9986280202865601,19563589191,7478416074,5270784531,51706977347
2026-05-31,73579.6875,2004.341552734375,0.9995840191841125,0.9985550045967102,73579.6875,2004.341552734375,0.9995840191841125,0.9985550045967102,74153.5,2034.1192626953125,1.0010770559310913,0.9999269843101501,73315.015625,1991.90673828125,0.9993420243263245,0.998179018497467,73753.75,2019.242431640625,0.999692976474762,0.998537003993988,17445435650,9253505209,5292187563,49192148191
2026-06-01,71319.7734375,2003.22119140625,0.9996979832649231,0.9987149834632874,71319.7734375,2003.22119140625,0.9996979832649231,0.9987149834632874,73969.5703125,2017.6077880859375,1.0004949569702148,0.9995890259742737,70599.5078125,1956.1522216796875,0.9991340041160583,0.998075008392334,73580.2109375,2004.2425537109375,0.9995790123939514,0.9985589981079102,43378836121,19458810001,15117931484,93923190124
2026-06-02,66703.65625,1857.71630859375,0.9997239708900452,0.9987350106239319,66703.65625,1857.71630859375,0.9997239708900452,0.9987350106239319,71334.953125,2003.970703125,1.0005669593811035,0.999459981918335,66127.265625,1838.05859375,0.9992120265960693,0.9979310035705566,71321.03125,2003.26025390625,0.9996749758720398,0.9986280202865601,54990073882,25205401403,17806816619,107615196898
2026-06-03,64014.3671875,1811.7322998046875,0.9996920228004456,0.9986240267753601,64014.3671875,1811.7322998046875,0.9996920228004456,0.9986240267753601,67402.9296875,1889.058837890625,1.0003479719161987,0.9993259906768799,64009.67578125,1771.3145751953125,0.9991999864578247,0.9982200264930725,66694.0078125,1857.6417236328125,0.9997239708900452,0.9987030029296875,47411556213,24083350214,16325472714,104320289075
2026-06-04,63801.57421875,1769.58056640625,0.9996470212936401,0.9989359974861145,63801.57421875,1769.58056640625,0.9996470212936401,0.9989359974861145,64664.4453125,1817.3465576171875,1.0003139972686768,0.9997760057449341,61335.75,1717.802490234375,0.999127984046936,0.9983969926834106,64020.0703125,1811.7425537109375,0.999737024307251,0.9986810088157654,63800151780,27112623897,20711774696,119319746246
2026-06-05,60922.66796875,1580.86083984375,0.9997619986534119,0.9996870160102844,60922.66796875,1580.86083984375,0.9997619986534119,0.9996870160102844,63901.515625,1772.1077880859375,1.0009419918060303,1.0014560222625732,59108.91796875,1540.1619873046875,0.9991620182991028,0.9985330104827881,63807.69140625,1769.986083984375,0.9996830224990845,0.998885989189148,71465606706,39924177669,23793895701,139654481796
2026-06-06,60867.4140625,1568.7677001953125,0.9997209906578064,0.999530017375946,60867.4140625,1568.7677001953125,0.9997209906578064,0.999530017375946,61491.703125,1599.9534912109375,1.0008200407028198,1.0007489919662476,59496.625,1506.5057373046875,0.9991639852523804,0.9991490244865417,60924.4765625,1580.88037109375,0.9997760057449341,0.9996960163116455,30898464957,18426248218,11160861552,67693669258
2026-06-07,63239.51953125,1686.396240234375,0.9997429847717285,0.9995759725570679,63239.51953125,1686.396240234375,0.9997429847717285,0.9995759725570679,64128.04296875,1714.970703125,1.0011440515518188,1.0010600090026855,60724.06640625,1563.77587890625,0.9991359710693359,0.9989339709281921,60866.94140625,1568.74951171875,0.9997199773788452,0.999530017375946,36006496194,15172606860,10404259417,70382057788
2026-06-08,63090.58984375,1690.1485595703125,0.9997689723968506,0.9996560215950012,63090.58984375,1690.1485595703125,0.9997689723968506,0.9996560215950012,64185.765625,1713.4710693359375,1.0009160041809082,1.0009080171585083,62384.66796875,1644.79150390625,0.9989370107650757,0.9989539980888367,63244.0859375,1686.251220703125,0.9997739791870117,0.999629020690918,34133252457,17427269148,12902206388,73568845733
2026-06-09,61643.78125,1637.7066650390625,0.9996449947357178,0.9993090033531189,61643.78125,1637.7066650390625,0.9996449947357178,0.9993090033531189,63486.08984375,1695.52294921875,1.0008269548416138,1.0007959604263306,60756.6875,1613.834228515625,0.9993410110473633,0.9988530278205872,63092.890625,1690.21337890625,0.9998000264167786,0.9996939897537231,40144449754,15196855528,12138196683,77043706745
2026-06-10,61449.2890625,1620.1376953125,0.9997410178184509,0.9990670084953308,61449.2890625,1620.1376953125,0.9997410178184509,0.9990670084953308,62788.27734375,1665.7607421875,1.0011110305786133,1.0003999471664429,60788.0234375,1603.8258056640625,0.9992120265960693,0.9986010193824768,61643.20703125,1637.6348876953125,0.9996489882469177,0.9992740154266357,27493506779,12655731412,11554585947,62284493169
2026-06-11,63561.0546875,1672.2806396484375,0.9997929930686951,0.9990329742431641,63561.0546875,1672.2806396484375,0.9997929930686951,0.9990329742431641,63851.94921875,1690.4488525390625,1.0006990432739258,1.00028395652771,61447.96875,1620.08447265625,0.9992790222167969,0.9983890056610107,61448.87890625,1620.1400146484375,0.9997410178184509,0.999064028263092,29316677897,12379882531,11694155915,65955507104
2026-06-12,63543.19921875,1665.1278076171875,0.999813973903656,0.9995160102844238,63543.19921875,1665.1278076171875,0.999813973903656,0.9995160102844238,64334.015625,1689.4443359375,1.0004199743270874,0.9999070167541504,62778.79296875,1650.628662109375,0.9993600249290466,0.998412013053894,63547.44140625,1671.8189697265625,0.9996830224990845,0.99891597032547,26881868307,9989137815,11543017985,62212762684
2026-06-13,64421.32421875,1680.214599609375,0.999767005443573,0.9995790123939514,64421.32421875,1680.214599609375,0.999767005443573,0.9995790123939514,64700.87890625,1693.603271484375,0.9999949932098389,0.9997069835662842,63431.3203125,1661.609130859375,0.9990410208702087,0.9989669919013977,63541.515625,1665.0487060546875,0.9997940063476562,0.9994980096817017,16956245530,6101094488,4958502969,42561243719
2026-06-14,65710.3984375,1724.61328125,0.9996870160102844,0.9993540048599243,65710.3984375,1724.61328125,0.9996870160102844,0.9993540048599243,65749.78125,1729.350830078125,0.9999600052833557,0.9997479915618896,63634.0234375,1654.2105712890625,0.9991160035133362,0.9986870288848877,64420.16796875,1680.146484375,0.9997559785842896,0.9995430111885071,21572226975,7804982667,5771028478,48950813908
2026-06-15,66289.5,1794.961181640625,0.9997029900550842,0.9993389844894409,66289.5,1794.961181640625,0.9997029900550842,0.9993389844894409,67248.1328125,1847.769775390625,1.000072956085205,0.9998610019683838,65315.8359375,1709.253662109375,0.9992629885673523,0.9988300204277039,65711.109375,1724.5716552734375,0.9996950030326843,0.9993600249290466,32927321950,17921331594,12285117721,78517835546
2026-06-16,65600.640625,1790.398193359375,0.9997479915618896,0.9989619851112366,65600.640625,1790.398193359375,0.9997479915618896,0.9989619851112366,66928.609375,1837.2041015625,1.000148057937622,0.9997479915618896,65315.0703125,1758.130126953125,0.9993659853935242,0.9987540245056152,66289.4609375,1794.93798828125,0.9997119903564453,0.9993450045585632,25063963967,14698492893,9729351417,64531193660
2026-06-17,64418.4453125,1747.885498046875,0.9997810125350952,0.9990540146827698,64418.4453125,1747.885498046875,0.9997810125350952,0.9990540146827698,66354.625,1807.2828369140625,1.0000710487365723,0.9997119903564453,63870.9296875,1724.7178955078125,0.9988120198249817,0.9981020092964172,65600.4296875,1790.396240234375,0.9997479915618896,0.9989699721336365,31288885189,14185457929,11798173939,70113901872
2026-06-18,62896.47265625,1709.533447265625,0.9997199773788452,0.9989110231399536,62896.47265625,1709.533447265625,0.9997199773788452,0.9989110231399536,64736.921875,1760.880859375,1.000025987625122,0.9994159936904907,62201.14453125,1670.1038818359375,0.9990820288658142,0.9981719851493835,64419.64453125,1747.8778076171875,0.999754011631012,0.9990519881248474,30432454936,12942260783,11050486532,66597356473
2026-06-19,63540.8359375,1710.982421875,0.999701976776123,0.9991769790649414,63540.8359375,1710.982421875,0.999701976776123,0.9991769790649414,63568.22265625,1717.1932373046875,1.0002139806747437,0.9994069933891296,62275.58203125,1678.1962890625,0.9993469715118408,0.9986420273780823,62897.515625,1709.4986572265625,0.9997109770774841,0.9988530278205872,22361931660,7855725190,6929920346,50119200629
2026-06-20,64239.67578125,1739.3013916015625,0.9997680187225342,0.9988009929656982,64239.67578125,1739.3013916015625,0.9997680187225342,0.9988009929656982,64307.13671875,1747.259521484375,1.0003620386123657,0.9994879961013794,63149.66015625,1702.8017578125,0.999472975730896,0.9985690116882324,63535.80859375,1710.982177734375,0.9997730255126953,0.9990670084953308,17486384117,7773536600,5138264535,43186022972
2026-06-21,63237.5390625,1704.58056640625,0.9998210072517395,0.9988089799880981,63237.5390625,1704.58056640625,0.9998210072517395,0.9988089799880981,64506.578125,1739.48583984375,1.0004520416259766,0.9994680285453796,63221.0,1701.9364013671875,0.999459981918335,0.9985229969024658,64242.32421875,1739.341064453125,0.9997850060462952,0.998803973197937,15739619591,8498711726,4680960477,42225550833
2026-06-22,63952.10546875,1726.5108642578125,0.9996529817581177,0.9987710118293762,63952.10546875,1726.5108642578125,0.9996529817581177,0.9987710118293762,65544.0,1776.8321533203125,1.0004860162734985,0.9997779726982117,63233.53125,1704.5166015625,0.9993829727172852,0.9985229969024658,63240.7890625,1704.6304931640625,0.9997929930686951,0.9988210201263428,26561496819,13584368622,9729877340,60554760619
2026-06-23,62668.01953125,1665.436767578125,0.9997230172157288,0.9987599849700928,62668.01953125,1665.436767578125,0.9997230172157288,0.9987599849700928,64196.5625,1733.6123046875,1.0005290508270264,0.9998090267181396,61893.20703125,1638.253173828125,0.9993370175361633,0.9984800219535828,63952.79296875,1726.519775390625,0.9996920228004456,0.9988260269165039,29608942370,10431438278,10044436794,61894955156
2026-06-24,60995.1328125,1619.9249267578125,0.9996560215950012,0.9984440207481384,60995.1328125,1619.9249267578125,0.9996560215950012,0.9984440207481384,63097.7578125,1687.4923095703125,1.000756025314331,0.9995779991149902,59029.85546875,1551.4842529296875,0.9992799758911133,0.9981510043144226,62663.03125,1665.309814453125,0.9997109770774841,0.9987239837646484,42644106535,14059894232,13062376467,78753563400
2026-06-25,59721.67578125,1564.816650390625,0.9997199773788452,0.9986129999160767,59721.67578125,1564.816650390625,0.9997199773788452,0.9986129999160767,61868.90625,1656.646484375,1.0008189678192139,0.9999020099639893,58075.921875,1531.7803955078125,0.9988849759101868,0.9975979924201965,60992.0703125,1619.8853759765625,0.9996960163116455,0.9984380006790161,40625024718,15976182558,14631679405,80067103011
2026-06-26,60016.4296875,1576.6160888671875,0.9998509883880615,0.9986839890480042,60016.4296875,1576.6160888671875,0.9998509883880615,0.9986839890480042,60647.1875,1590.2000732421875,1.0007669925689697,0.9997529983520508,58269.125,1510.505859375,0.9992510080337524,0.998088002204895,59712.0546875,1564.6136474609375,0.9996320009231567,0.9985100030899048,41502864671,15272225856,14985033847,77571893365
2026-06-27,59940.09765625,1571.5882568359375,0.9996449947357178,0.9985039830207825,59940.09765625,1571.5882568359375,0.9996449947357178,0.9985039830207825,60835.046875,1607.865966796875,1.0004169940948486,0.9993060231208801,59794.62109375,1561.972900390625,0.9993770122528076,0.9981889724731445,60016.3125,1576.5911865234375,0.9997699856758118,0.9986180067062378,15099836554,6111411513,4881329794,37579436832
2026-06-28,59532.33984375,1570.3612060546875,0.9995830059051514,0.9983900189399719,59532.33984375,1570.3612060546875,0.9995830059051514,0.9983900189399719,60432.70703125,1585.2197265625,1.0012730360031128,1.0003650188446045,58879.6328125,1548.761962890625,0.9991559982299805,0.9982200264930725,59940.3515625,1571.564453125,0.9996500015258789,0.9985049962997437,16282230874,6231562560,5577818251,38881085410
2026-06-29,60138.37890625,1610.205810546875,0.9996299743652344,0.9985439777374268,60138.37890625,1610.205810546875,0.9996299743652344,0.9985439777374268,60682.33984375,1633.64501953125,1.000905990600586,0.9996989965438843,58856.1875,1550.036376953125,0.9991769790649414,0.9979770183563232,59522.7890625,1569.993408203125,0.9994810223579407,0.9984359741210938,30829983083,11882501822,14128306377,68535039489
2026-06-30,58558.859375,1569.5838623046875,0.99959397315979,0.9983770251274109,58558.859375,1569.5838623046875,0.99959397315979,0.9983770251274109,60173.21875,1611.3472900390625,1.000236988067627,0.9991400241851807,58111.671875,1549.251953125,0.999110996723175,0.997859001159668,60136.453125,1610.163818359375,0.9996079802513123,0.9985229969024658,32747419391,9639804637,12195105822,65377485195
2026-07-01,60003.7578125,1608.960693359375,0.9996749758720398,0.9989290237426758,60003.7578125,1608.960693359375,0.9996749758720398,0.9989290237426758,61223.76953125,1642.454833984375,1.000512957572937,0.9996399879455566,57747.765625,1551.1392822265625,0.9992820024490356,0.9982140064239502,58562.4453125,1569.90966796875,0.9995989799499512,0.9983980059623718,37904450118,11666600557,12035477906,73495917463
2026-07-02,61485.30078125,1698.16943359375,0.9997979998588562,0.9988179802894592,61485.30078125,1698.16943359375,0.9997979998588562,0.9988179802894592,62117.875,1720.34326171875,1.0004639625549316,0.9997079968452454,59532.32421875,1595.9393310546875,0.9994009733200073,0.9983890056610107,60004.76953125,1609.0125732421875,0.999705970287323,0.9989269971847534,40109297349,13538465176,11138168050,76768444602
2026-07-03,62544.19921875,1756.5186767578125,0.9997900128364563,0.998956024646759,62544.19921875,1756.5186767578125,0.9997900128364563,0.998956024646759,62879.0078125,1772.543212890625,1.0005810260772705,0.9997299909591675,61176.72265625,1693.038330078125,0.9992889761924744,0.9985010027885437,61492.06640625,1698.41796875,0.9997889995574951,0.9988489747047424,26131813598,10177742550,8021149982,58694078791
2026-07-04,63088.3046875,1779.032958984375,0.9998329877853394,0.9990710020065308,63088.3046875,1779.032958984375,0.9998329877853394,0.9990710020065308,63398.41015625,1804.5887451171875,1.0006550550460815,0.999875009059906,62287.5859375,1743.564208984375,0.9994500279426575,0.9987969994544983,62545.12890625,1756.57568359375,0.9997749924659729,0.998947024345398,18608397613,8083146790,5298400998,46346376003
2026-07-05,63547.8828125,1783.0059814453125,0.9999369978904724,0.9991829991340637,63547.8828125,1783.0059814453125,0.9999369978904724,0.9991829991340637,63935.84765625,1805.9140625,1.0004509687423706,0.9999060034751892,62413.9921875,1749.1376953125,0.9994620084762573,0.9987589716911316,63089.05859375,1779.042724609375,0.999813973903656,0.9990760087966919,18267466154,11323496681,5139942089,47284857462
2026-07-06,63995.015625,1797.57373046875,0.9998679757118225,0.9993469715118408,63995.015625,1797.57373046875,0.9998679757118225,0.9993469715118408,64597.5703125,1829.513671875,1.0013140439987183,1.0004680156707764,61275.828125,1728.9652099609375,0.9990630149841309,0.9976639747619629,63551.015625,1783.002685546875,0.9999799728393555,0.9992120265960693,36552222303,16997487730,10951901721,75515550348
2026-07-07,63297.39453125,1768.511474609375,0.9996809959411621,0.9993339776992798,63297.39453125,1768.511474609375,0.9996809959411621,0.9993339776992798,64257.6328125,1810.329833984375,1.0005730390548706,1.0001260042190552,62623.93359375,1756.712646484375,0.9994249939918518,0.9987480044364929,63994.59765625,1797.562255859375,0.9998610019683838,0.9993500113487244,31026493556,9901110376,10846291633,63112851775
2026-07-08,62257.57421875,1742.6776123046875,0.9997599720954895,0.999189019203186,62257.57421875,1742.6776123046875,0.9997599720954895,0.999189019203186,63706.88671875,1782.8583984375,1.0005019903182983,0.9999020099639893,61492.6484375,1711.9000244140625,0.9993230104446411,0.9986230134963989,63293.51953125,1768.3896484375,0.9998850226402283,0.999422013759613,27349235354,10110272581,9960461883,59921955317
2026-07-09,63193.1484375,1744.484619140625,0.9997619986534119,0.9990800023078918,63193.1484375,1744.484619140625,0.9997619986534119,0.9990800023078918,63422.94140625,1760.206298828125,1.0005860328674316,0.999871015548706,61645.75390625,1721.298583984375,0.9994519948959351,0.9987850189208984,62257.31640625,1742.664794921875,0.9997559785842896,0.9991850256919861,26546256117,7763668656,9486056797,53872946267
2026-07-10,64127.140625,1795.6932373046875,0.999879002571106,0.9993489980697632,64127.140625,1795.6932373046875,0.999879002571106,0.9993489980697632,64658.96875,1809.75830078125,1.000411033630371,0.9998800158500671,62902.0625,1736.72314453125,0.9993749856948853,0.9985569715499878,63194.359375,1744.47314453125,0.9997789859771729,0.9991059899330139,27450201269,9431692646,9703582496,57437644696
2026-07-11,63802.02734375,1788.099609375,0.9998390078544617,0.9994879961013794,63802.02734375,1788.099609375,0.9998390078544617,0.9994879961013794,64445.4609375,1827.83154296875,1.0005450248718262,0.9998840093612671,63785.62109375,1786.295654296875,0.9995089769363403,0.9989169836044312,64127.96875,1795.8193359375,0.9998909831047058,0.9993759989738464,13954689047,6901680020,6227344306,38375034252
2026-07-12,63758.21875,1805.7880859375,0.9997869729995728,0.9993860125541687,63758.21875,1805.7880859375,0.9997869729995728,0.9993860125541687,64243.1328125,1824.98046875,1.0004370212554932,0.9998080134391785,63606.82421875,1779.6370849609375,0.9994199872016907,0.9990890026092529,63791.40234375,1787.568359375,0.9996860027313232,0.9993669986724854,19043437787,6064480351,4817902102,40502417350
2026-07-13,62239.12109375,1773.500732421875,0.9998090267181396,0.9987159967422485,62239.12109375,1773.500732421875,0.9998090267181396,0.9987159967422485,64340.8828125,1842.455078125,1.0004249811172485,1.000046968460083,61769.0,1749.3475341796875,0.9993090033531189,0.998520016670227,63757.171875,1805.7579345703125,0.9998059868812561,0.999360978603363,37650044790,11436340419,10675469746,58911891300
2026-07-14,64956.11328125,1889.4798583984375,0.9998549818992615,0.9992510080337524,64956.11328125,1889.4798583984375,0.9998549818992615,0.9992510080337524,65046.1328125,1894.062255859375,1.0009039640426636,1.00039803981781,62207.5234375,1772.0177001953125,0.9995099902153015,0.9983100295066833,62238.5859375,1773.471435546875,0.9997900128364563,0.9986960291862488,29841287318,13835437084,11082603575,61208814239
2026-07-15,64712.375,1916.9437255859375,0.9997699856758118,0.999301016330719,64712.375,1916.9437255859375,0.9997699856758118,0.999301016330719,65507.59375,1944.1607666015625,1.0011060237884521,1.0003540515899658,64442.8203125,1863.635498046875,0.9993469715118408,0.9987679719924927,64959.80859375,1889.5008544921875,0.9998869895935059,0.9992750287055969,27029791676,12684088080,9838163831,57315925481
2026-07-16,63789.28125,1863.193359375,0.9998679757118225,0.9991589784622192,63789.28125,1863.193359375,0.9998679757118225,0.9991589784622192,64931.85546875,1927.0859375,1.0005240440368652,0.9999070167541504,63701.8046875,1856.775634765625,0.9993429780006409,0.9988139867782593,64713.296875,1916.9781494140625,0.9997929930686951,0.9993090033531189,27232426674,11412820341,9168473676,55489370758
2026-07-17,63899.4609375,1840.9881591796875,0.9999240040779114,0.999343991279602,63899.4609375,1840.9881591796875,0.9999240040779114,0.999343991279602,64332.01953125,1869.067138671875,1.000730037689209,1.0001440048217773,62489.453125,1803.053955078125,0.99931800365448,0.9988179802894592,63789.91015625,1863.21630859375,0.9998800158500671,0.9991580247879028,27280236800,10651207679,9079074680,54744457709
2026-07-18,64796.6015625,1861.39208984375,0.9998949766159058,0.9993559718132019,64796.6015625,1861.39208984375,0.9998949766159058,0.9993559718132019,64816.50390625,1864.1319580078125,1.000393033027649,0.999796986579895,63845.015625,1836.6085205078125,0.9995570182800293,0.9990360140800476,63899.1796875,1841.1021728515625,0.9999439716339111,0.9993630051612854,14162542470,4754880124,3350658154,31747067513
2026-07-19,64690.8046875,1871.508544921875,0.9998819828033447,0.9992110133171082,64690.8046875,1871.508544921875,0.9998819828033447,0.9992110133171082,64909.88671875,1877.0318603515625,1.0004370212554932,0.999858021736145,64250.9140625,1852.7275390625,0.9995430111885071,0.999023973941803,64799.27734375,1861.419921875,0.9998679757118225,0.9993429780006409,15000653941,7004738486,4292940943,34906585906
2026-07-20,65230.02734375,1903.7589111328125,0.9999819993972778,0.999364972114563,65230.02734375,1903.7589111328125,0.9999819993972778,0.999364972114563,65735.71875,1916.24169921875,1.000633955001831,0.9999290108680725,63720.390625,1842.815673828125,0.9993600249290466,0.998744010925293,64684.41796875,1871.2757568359375,0.9998630285263062,0.9992089867591858,30988932408,12042633315,10638978727,59409382724
2026-07-21,66505.125,1928.3837890625,0.9999939799308777,0.9993569850921631,66505.125,1928.3837890625,0.9999939799308777,0.9993569850921631,66910.0625,1949.5477294921875,1.0006489753723145,0.9999009966850281,65113.65625,1900.066162109375,0.9996539950370789,0.9990260004997253,65228.87109375,1903.689697265625,0.999987006187439,0.9993399977684021,29554470321,12526770542,9947646075,59683961122
2026-07-22,66100.796875,1933.4901123046875,1.000046968460083,0.9995359778404236,66100.796875,1933.4901123046875,1.000046968460083,0.9995359778404236,66694.6484375,1955.1474609375,1.000707983970642,1.0000970363616943,65514.17578125,1909.610107421875,0.999442994594574,0.9989640116691589,66506.7890625,1928.1976318359375,0.9999549984931946,0.999396026134491,28142272410,10800957306,9326589444,56314017565
2026-07-23,65044.8125,1877.1002197265625,0.9998419880867004,0.9991729855537415,65044.8125,1877.1002197265625,0.9998419880867004,0.9991729855537415,66282.3828125,1940.2828369140625,1.0005120038986206,1.0001150369644165,64610.609375,1868.5203857421875,0.9995110034942627,0.998898983001709,66100.1328125,1933.470947265625,1.0000369548797607,0.999530017375946,24364433538,9768559906,9738785067,51941426208
2026-07-24,64098.49609375,1860.1767578125,0.9999579787254333,0.9991210103034973,64098.49609375,1860.1767578125,0.9999579787254333,0.9991210103034973,65760.484375,1907.5435791015625,1.0006569623947144,0.9997439980506897,63686.03515625,1846.822265625,0.999530017375946,0.9987469911575317,65044.95703125,1877.09765625,0.999845027923584,0.9991769790649414,25917559237,9056489653,10777820824,53227262544
2026-07-25,64311.8125,1873.222412109375,0.9999489784240723,0.9990649819374084,64311.8125,1873.222412109375,0.9999489784240723,0.9990649819374084,64386.0625,1875.144775390625,1.0006099939346313,0.9996370077133179,63753.02734375,1849.828857421875,0.9996129870414734,0.9988269805908203,64098.4921875,1860.1756591796875,0.9999579787254333,0.9991220235824585,13817493398,4367514252,4842618189,34304411614
2026-07-26,65340.30078125,1953.4112548828125,1.0000360012054443,0.9991509914398193,65340.30078125,1953.4112548828125,1.0000360012054443,0.9991509914398193,65503.76953125,1963.2459716796875,1.0005459785461426,0.9996790289878845,64233.453125,1872.3848876953125,0.999530017375946,0.9988070130348206,64311.78515625,1873.235595703125,0.9999470114707947,0.9990590214729309,14301494281,6638236222,5775644094,36721289321
2026-07-27,63724.8984375,1890.613525390625,0.999879002571106,0.9991080164909363,63724.8984375,1890.613525390625,0.999879002571106,0.9991080164909363,65658.3359375,1976.460205078125,1.000836968421936,1.0000139474868774,63562.484375,1882.4197998046875,0.9994320273399353,0.9986370205879211,65340.58984375,1953.4053955078125,1.0000360012054443,0.9991499781608582,26183821002,13679804759,11057014808,57829587658
2026-07-28,63871.36328125,1919.948486328125,0.9997950196266174,0.9987459778785706,63871.36328125,1919.948486328125,0.9997950196266174,0.9987459778785706,64026.921875,1926.5040283203125,1.0007309913635254,1.0001200437545776,62714.8046875,1856.341552734375,0.9994810223579407,0.9985820055007935,63723.48828125,1890.634521484375,0.9999300241470337,0.9991509914398193,24128738898,11476069704,10323803437,53261988589
2026-07-29,63908.16796875,1908.51904296875,0.9997749924659729,0.9987789988517761,63908.16796875,1908.51904296875,0.9997749924659729,0.9987789988517761,64638.6953125,1929.90087890625,1.000633955001831,0.999675989151001,63206.2109375,1873.6192626953125,0.9993090033531189,0.9983599781990051,63871.39453125,1919.9915771484375,0.9998199939727783,0.9987750053405762,28611167472,12003429702,10804201564,56381322476
2026-07-30,64725.30859375,1917.3729248046875,0.9997599720954895,0.9991539716720581,64725.30859375,1917.3729248046875,0.9997599720954895,0.9991539716720581,65071.4453125,1934.5772705078125,1.0008139610290527,0.9997609853744507,63533.90625,1892.196533203125,0.9992799758911133,0.9983779788017273,63908.625,1908.5860595703125,0.9997829794883728,0.9987890124320984,26250039650,8075086285,8610345760,50691858992
2026-07-31,62813.74609375,1860.345947265625,0.9997959733009338,0.9989820122718811,62813.74609375,1860.345947265625,0.9997959733009338,0.9989820122718811,65328.18359375,1933.77783203125,1.000458002090454,0.9998850226402283,62410.8671875,1847.46875,0.9993770122528076,0.9983720183372498,64723.96875,1917.1417236328125,0.9997910261154175,0.999114990234375,30439749629,10253082786,9888378036,56342871542
2026-08-01,62763.3203125,1843.417724609375,0.9997829794883728,0.9990569949150085,62763.3203125,1843.417724609375,0.9997829794883728,0.9990569949150085,63091.59765625,1873.1712646484375,1.0003340244293213,0.9995869994163513,62233.01171875,1821.485107421875,0.9994649887084961,0.9987689852714539,62813.6640625,1860.37109375,0.9998000264167786,0.9989569783210754,13553286543,4889749337,3537000108,30704461037
2026-08-02,63482.0,1882.52197265625,0.9997889995574951,0.9988880157470703,63482.0,1882.52197265625,0.9997889995574951,0.9988880157470703,63714.61328125,1895.7662353515625,1.0003290176391602,0.9994500279426575,62745.25390625,1842.1544189453125,0.999459981918335,0.9986559748649597,62763.4453125,1843.41748046875,0.9997689723968506,0.9990559816360474,15901776708,5798420478,4323733057,34719332026
2026-08-03,63460.8984375,1858.2564697265625,0.9998739957809448,0.9990760087966919,63460.8984375,1858.2564697265625,0.9998739957809448,0.9990760087966919,64020.32421875,1883.439208984375,1.0007569789886475,0.9996560215950012,62226.578125,1827.697509765625,0.9993270039558411,0.9983479976654053,63485.44140625,1882.7835693359375,0.9998369812965393,0.9989029765129089,26038889824,7822619495,8946591634,48887969681
2026-08-04,64055.953125,1868.3858642578125,0.9998390078544617,0.9991700053215027,64055.953125,1868.3858642578125,0.9998390078544617,0.9991700053215027,64466.9375,1879.5380859375,1.0008970499038696,0.9998940229415894,63277.68359375,1847.1749267578125,0.9991179704666138,0.9985719919204712,63458.41015625,1858.22021484375,0.9998689889907837,0.9990720152854919,23662357784,7950029763,9184913533,46447356239
2026-08-05,64597.5,1906.5260009765625,0.9998819828033447,0.9989870190620422,64597.5,1906.5260009765625,0.9998819828033447,0.9989870190620422,64954.34765625,1922.641357421875,1.0006309747695923,0.9998250007629395,63829.71875,1854.34033203125,0.9994019865989685,0.9987499713897705,64054.87890625,1868.4923095703125,0.9998509883880615,0.9991729855537415,23568584891,9791973976,9196819636,49722229959
2026-08-06,64262.11328125,1902.0574951171875,0.9997910261154175,0.9990450143814087,64262.11328125,1902.0574951171875,0.9997910261154175,0.9990450143814087,64934.4921875,1917.7008056640625,1.0004420280456543,0.9995790123939514,64098.4765625,1890.963623046875,0.9994329810142517,0.9986559748649597,64595.44921875,1906.442626953125,0.999888002872467,0.9989830255508423,18529402711,7974662808,7063688203,43047985121
2026-08-07,64880.19140625,1913.2794189453125,0.9998729825019836,0.9994170069694519,64880.19140625,1913.2794189453125,0.9998729825019836,0.9994170069694519,65330.609375,1937.1666259765625,1.0005789995193481,0.9998250007629395,64113.2734375,1893.0816650390625,0.9994940161705017,0.9988610148429871,64257.48828125,1902.1405029296875,0.9997689723968506,0.9990500211715698,22165720102,9081145963,7881521734,47129052609
2026-08-08,64904.6875,1915.532958984375,0.9998509883880615,0.9991700053215027,64904.6875,1915.532958984375,0.9998509883880615,0.9991700053215027,65140.48046875,1924.6156005859375,1.0002050399780273,0.9997159838676453,64797.11328125,1911.4849853515625,0.9997050166130066,0.999064028263092,64882.546875,1913.324951171875,0.9998970031738281,0.9994410276412964,12350094271,3746718589,3348206041,29374272176
2026-08-09,64844.88671875,1908.6827392578125,1.0000239610671997,0.9992930293083191,64844.88671875,1908.6827392578125,1.0000239610671997,0.9992930293083191,65401.69140625,1935.5299072265625,1.0003999471664429,0.9997760057449341,64677.6015625,1907.025634765625,0.9995840191841125,0.9990170001983643,64906.55078125,1915.46484375,0.9998509883880615,0.9991750121116638,13234538380,4645577105,4002960915,32646160900
2026-08-10,63910.5859375,1871.2786865234375,0.9998360276222229,0.9990509748458862,63910.5859375,1871.2786865234375,0.9998360276222229,0.9990509748458862,65321.83984375,1928.9932861328125,1.0005860328674316,0.9998540282249451,63752.56640625,1866.78955078125,0.9996100068092346,0.9987930059432983,64845.3828125,1908.7197265625,1.0000269412994385,0.9992910027503967,22384770392,8786188281,7912859642,47475456994
2026-08-11,63551.875,1881.37353515625,0.9999949932098389,0.9991909861564636,63551.875,1881.37353515625,0.9999949932098389,0.9991909861564636,64433.6796875,1895.7493896484375,1.0002549886703491,0.9996100068092346,63185.47265625,1852.84033203125,0.999580979347229,0.9988020062446594,63910.17578125,1871.263671875,0.9998289942741394,0.9990440011024475,20824820662,7957496158,7133071323,45750622590
2026-08-12,63402.43359375,1878.135009765625,0.9998120069503784,0.9988729953765869,63402.43359375,1878.135009765625,0.9998120069503784,0.9988729953765869,64381.078125,1921.775390625,1.0008690357208252,1.0001009702682495,63251.11328125,1873.3472900390625,0.9995899796485901,0.9987490177154541,63551.87109375,1881.37353515625,0.9999949932098389,0.9991909861564636,23063864553,7655429787,8832162166,45012236754
2026-08-13,63402.171875,1883.9913330078125,0.9999110102653503,0.9990249872207642,63402.171875,1883.9913330078125,0.9999110102653503,0.9990249872207642,63926.33203125,1898.2252197265625,1.0005569458007812,1.000167965888977,62799.2890625,1861.92041015625,0.9995740056037903,0.9986969828605652,63404.42578125,1878.1884765625,0.9998329877853394,0.9988880157470703,18765583756,7043525922,6918751807,39744526273
2026-08-14,62975.59375,1880.6500244140625,0.9999110102653503,0.9990019798278809,62975.59375,1880.6500244140625,0.9999110102653503,0.9990019798278809,63551.5625,1889.2706298828125,1.0005079507827759,0.9995719790458679,62487.69921875,1862.5645751953125,0.9995290040969849,0.998661994934082,63402.08984375,1884.0169677734375,0.9999079704284668,0.9990209937095642,20280053024,5615035669,7022408488,41371806311
2026-08-15,63024.3203125,1880.9083251953125,0.9998999834060669,0.9989780187606812,63024.3203125,1880.9083251953125,0.9998999834060669,0.9989780187606812,63119.1328125,1884.718017578125,1.0002310276031494,0.9994630217552185,62850.9609375,1874.3280029296875,0.9997029900550842,0.9987779855728149,62974.3359375,1880.613037109375,0.9998909831047058,0.99897301197052,10033057106,3145101774,2712952519,25791876031
2026-08-16,62818.65234375,1873.9429931640625,0.9997829794883728,0.9988719820976257,62818.65234375,1873.9429931640625,0.9997829794883728,0.9988719820976257,63310.77734375,1889.6053466796875,1.000396966934204,0.9994360208511353,62648.57421875,1867.8917236328125,0.9995840191841125,0.9987679719924927,63023.421875,1880.8916015625,0.9998970031738281,0.9989290237426758,9078986635,3727196539,2570554955,25088485307
2026-08-17,64506.25390625,1912.2021484375,0.9999889731407166,0.9991539716720581,64506.25390625,1912.2021484375,0.9999889731407166,0.9991539716720581,64547.84765625,1916.6568603515625,1.0003219842910767,0.9996610283851624,62687.1015625,1870.7479248046875,0.9995579719543457,0.9986780285835266,62819.37890625,1873.969970703125,0.9997979998588562,0.9988840222358704,21555405073,7808026613,7744953823,44197206667
2026-08-18,64680.7109375,1916.4595947265625,0.9998369812965393,0.9992420077323914,64680.7109375,1916.4595947265625,0.9998369812965393,0.9992420077323914,64987.7109375,1920.5233154296875,1.0007519721984863,0.9998109936714172,63980.32421875,1884.477783203125,0.9994770288467407,0.9987969994544983,64506.5234375,1912.2086181640625,1.0000089406967163,0.9991719722747803,18728001793,6819426768,6416172020,40672410161
2026-08-19,69266.1875,2251.4580078125,0.9998729825019836,0.9993789792060852,69266.1875,2251.4580078125,0.9998729825019836,0.9993789792060852,69996.953125,2327.701171875,1.001101016998291,1.0011210441589355,64111.0703125,1905.0823974609375,0.9995229840278625,0.9988960027694702,64680.046875,1916.4267578125,0.9998369812965393,0.9992430210113525,46228098443,29624109549,17804128127,91839948170
